<shortcuts>
	<shortcut>
		<defaultID />
		<label>Reload skin</label>
		<label2>Elément personnalisé</label2>
		<icon>DefaultShortcut.png</icon>
		<thumb>special://skin/extras/icons/atom.png</thumb>
		<action>ReloadSkin()</action>
		</shortcut>
	<shortcut>
		<defaultID />
		<label>Quitter</label>
		<label2>Elément personnalisé</label2>
		<icon>DefaultShortcut.png</icon>
		<thumb>special://skin/extras/icons/disabled.png</thumb>
		<action>ShutDown()	</action>
		</shortcut>
	</shortcuts>
