<shortcuts>
	<shortcut>
		<defaultID />
		<label>Skodi Paramètres </label>
		<label2>Elément personnalisé</label2>
		<icon>DefaultShortcut.png</icon>
		<thumb>special://home/media/png/x-mac_general_free/X-MAC/general/png/72/wizard.png</thumb>
		<action>Addon.OpenSettings(plugin.program.Skodi)</action>
		</shortcut>
	<shortcut>
		<defaultID />
		<label>[COLOR magenta]Menu Maj HK2 et Menu Skin Sauvegarde[/COLOR]</label>
		<label2>Programme</label2>
		<icon>DefaultShortcut.png</icon>
		<thumb>special://home/media/png/x-mac_general_free/X-MAC/general/png/72/refresh.png</thumb>
		<action>ActivateWindow(Programs,"plugin://plugin.program.Skodi/?action=menumajhk2",return)</action>
		</shortcut>
	<shortcut>
		<defaultID />
		<label>Skins de [COLOR yellow](CoKodico)[/COLOR]</label>
		<label2>Programme</label2>
		<icon>DefaultShortcut.png</icon>
		<thumb>special://skin/extras/icons/addon.png</thumb>
		<action>ActivateWindow(Programs,"plugin://plugin.program.Skodi/?action=CoKo",return)</action>
		<disabled>True</disabled>
		</shortcut>
	<shortcut>
		<defaultID />
		<label>Skins de [COLOR yellow](Luc562)[/COLOR]</label>
		<label2>Programme</label2>
		<icon>DefaultShortcut.png</icon>
		<thumb>thumb</thumb>
		<action>ActivateWindow(Programs,"plugin://plugin.program.Skodi/?action=Luc562",return)</action>
		<disabled>True</disabled>
		</shortcut>
	<shortcut>
		<defaultID />
		<label>Skins de [COLOR yellow](Rayflix)[/COLOR]</label>
		<label2>Programme</label2>
		<icon>DefaultShortcut.png</icon>
		<thumb>thumb</thumb>
		<action>ActivateWindow(Programs,"plugin://plugin.program.Skodi/?action=rayhk2",return)</action>
		<disabled>True</disabled>
		</shortcut>
	<shortcut>
		<defaultID />
		<label>Skins de [COLOR yellow](pistachePoilue)[/COLOR]</label>
		<label2>Programme</label2>
		<icon>DefaultShortcut.png</icon>
		<thumb>thumb</thumb>
		<action>ActivateWindow(Programs,"plugin://plugin.program.Skodi/?action=pistachePoilue",return)</action>
		<disabled>True</disabled>
		</shortcut>
	<shortcut>
		<defaultID />
		<label>Skins de [COLOR yellow](bePurple)[/COLOR]</label>
		<label2>Programme</label2>
		<icon>DefaultShortcut.png</icon>
		<thumb>thumb</thumb>
		<action>ActivateWindow(Programs,"plugin://plugin.program.Skodi/?action=bePurple",return)</action>
		<disabled>True</disabled>
		</shortcut>
	<shortcut>
		<defaultID />
		<label>Skins de [COLOR yellow](Ghantholiny)[/COLOR]</label>
		<label2>Programme</label2>
		<icon>DefaultShortcut.png</icon>
		<thumb>thumb</thumb>
		<action>ActivateWindow(Programs,"plugin://plugin.program.Skodi/?action=Ghantholiny",return)</action>
		<disabled>True</disabled>
		</shortcut>
	</shortcuts>
