<shortcuts>
	<shortcut>
		<defaultID />
		<label>live</label>
		<label2>Elément personnalisé</label2>
		<icon>DefaultShortcut.png</icon>
		<thumb>thumb</thumb>
		<action>ActivateWindow(Videos,"plugin://plugin.program.autowidget/?mode=path&amp;action=merged&amp;group=concerts-1662286265.1350222&amp;id=d70f506e-16a6-4f04-bd9c-45ed4680c8ae&amp;refresh=$INFO[Window(10000).Property(autowidget-d70f506e-16a6-4f04-bd9c-45ed4680c8ae-refresh)]&amp;reload=",return)</action>
		</shortcut>
	</shortcuts>
