<shortcuts>
	<shortcut>
		<defaultID>22020</defaultID>
		<label>22020</label>
		<label2>TV En Direct</label2>
		<icon>DefaultTVShows.png</icon>
		<thumb />
		<action>ActivateWindow(TVGuide)</action>
		</shortcut>
	<shortcut>
		<defaultID>plugin.video.catchuptvandmore</defaultID>
		<label>Catch-up TV &amp; More</label>
		<label2>Extensions Vidéo</label2>
		<icon>DefaultShortcut.png</icon>
		<thumb>special://skin/extras/icons/livetv.png</thumb>
		<action>ActivateWindow(Videos,"plugin://plugin.video.catchuptvandmore",return)</action>
		</shortcut>
	<shortcut>
		<defaultID>20244</defaultID>
		<label>20244</label>
		<label2>Programmes</label2>
		<icon>special://skin/extras/icons/addons.png</icon>
		<thumb />
		<action>ActivateWindow(Programs,androidapp://sources/apps,return)</action>
		</shortcut>
	<shortcut>
		<defaultID>19163</defaultID>
		<label>19163</label>
		<label2>TV En Direct</label2>
		<icon>DefaultTVShows.png</icon>
		<thumb />
		<action>ActivateWindow(TVRecordings)</action>
		</shortcut>
	<shortcut>
		<defaultID>19040</defaultID>
		<label>19040</label>
		<label2>TV En Direct</label2>
		<icon>DefaultTVShows.png</icon>
		<thumb />
		<action>ActivateWindow(TVTimers)</action>
		</shortcut>
	<shortcut>
		<defaultID>137</defaultID>
		<label>137</label>
		<label2>TV En Direct</label2>
		<icon>DefaultTVShows.png</icon>
		<thumb />
		<action>ActivateWindow(TVSearch)</action>
		</shortcut>
	</shortcuts>
