<shortcuts>
	<shortcut>
		<defaultID>35232</defaultID>
		<label>35232</label>
		<label2 />
		<icon>special://skin/extras/icons/shortcut.png</icon>
		<thumb />
		<action>Fullscreen</action>
		</shortcut>
	<shortcut>
		<defaultID />
		<label>[COLOR=red]Vos Séries TV en cours de visionnage[/COLOR]</label>
		<label2>Elément personnalisé</label2>
		<icon>DefaultShortcut.png</icon>
		<thumb />
		<action>ActivateWindow(Videos,"plugin://plugin.video.themoviedb.helper/?tmdb_type=tv&amp;list_name=Vos+visionnages+en+cours+Se%CC%81ries+TV&amp;tmdb_id=None&amp;info=trakt_inprogress&amp;sort_by=added&amp;sort_how=desc&amp;widget=true&amp;reload=$INFO[Window(Home).Property(TMDbHelper.Widgets.Reload)]",return)</action>
		</shortcut>
	<shortcut>
		<defaultID />
		<label>[COLOR=red]Vos Films en cours de visionnage[/COLOR]</label>
		<label2>Elément personnalisé</label2>
		<icon>DefaultShortcut.png</icon>
		<thumb />
		<action>ActivateWindow(Videos,"plugin://plugin.video.themoviedb.helper/?tmdb_type=movie&amp;list_name=Vos+visionnages+en+cours+Films&amp;tmdb_id=None&amp;info=trakt_inprogress&amp;sort_by=added&amp;sort_how=desc&amp;widget=true&amp;reload=$INFO[Window(Home).Property(TMDbHelper.Widgets.Reload)]",return)</action>
		</shortcut>
	<shortcut>
		<defaultID />
		<label>[COLOR=red]Vos Séries TV à voir [Liste de suivi][/COLOR]</label>
		<label2>Elément personnalisé</label2>
		<icon>DefaultShortcut.png</icon>
		<thumb />
		<action>ActivateWindow(Videos,"plugin://plugin.video.themoviedb.helper/?tmdb_type=tv&amp;list_name=Se%CC%81ries+TV+Liste+de+suivi&amp;tmdb_id=None&amp;info=trakt_watchlist&amp;sort_by=added&amp;sort_how=desc&amp;widget=true&amp;reload=$INFO[Window(Home).Property(TMDbHelper.Widgets.Reload)]",return)</action>
		</shortcut>
	<shortcut>
		<defaultID />
		<label>[COLOR=red]Vos Films à voir [Liste de suivi][/COLOR]</label>
		<label2>Elément personnalisé</label2>
		<icon>DefaultShortcut.png</icon>
		<thumb />
		<action>ActivateWindow(Videos,"plugin://plugin.video.themoviedb.helper/?tmdb_type=movie&amp;list_name=Films+Liste+de+suivi&amp;tmdb_id=None&amp;info=trakt_watchlist&amp;sort_by=added&amp;sort_how=desc&amp;widget=true&amp;reload=$INFO[Window(Home).Property(TMDbHelper.Widgets.Reload)]",return)</action>
		</shortcut>
	</shortcuts>
