<shortcuts>
	<shortcut>
		<defaultID />
		<label>Concerts (Cyclisme)</label>
		<label2>Extensions Vidéo</label2>
		<icon>DefaultShortcut.png</icon>
		<thumb>image://special%3a%2f%2fhome%2faddons%5cplugin.program.autowidget%5cresources%5cmedia%5cicon%5cshuffle.png/</thumb>
		<action>ActivateWindow(Videos,"plugin://plugin.program.autowidget/?mode=path&amp;action=cycling&amp;group=concerts-1662286265.1350222&amp;id=d89817cf-eefe-4e8d-8d4d-596bbd824bf0&amp;refresh=$INFO[Window(10000).Property(autowidget-d89817cf-eefe-4e8d-8d4d-596bbd824bf0-refresh)]&amp;reload=",return)</action>
		</shortcut>
	<shortcut>
		<defaultID>customnode1</defaultID>
		<label>Concerts</label>
		<label2>Elément personnalisé</label2>
		<icon>special://skin/extras/icons/shortcut.png</icon>
		<thumb />
		<action>CustomNode1</action>
		</shortcut>
	<shortcut>
		<defaultID />
		<label>concerts live</label>
		<label2>Extensions Vidéo</label2>
		<icon>DefaultShortcut.png</icon>
		<thumb>image://special%3a%2f%2fhome%2faddons%5cplugin.program.autowidget%5cresources%5cmedia%5cicon%5cfolder-sync.png/</thumb>
		<action>ActivateWindow(Videos,"plugin://plugin.program.autowidget/?mode=group&amp;group=concerts_live-1675340768.9877484&amp;refresh=&amp;reload=",return)</action>
		</shortcut>
	<shortcut>
		<defaultID>customnode2</defaultID>
		<label>Karaoké</label>
		<label2>Elément personnalisé</label2>
		<icon>special://skin/extras/icons/shortcut.png</icon>
		<thumb />
		<action>CustomNode2</action>
		</shortcut>
	</shortcuts>
