<shortcuts>
	<shortcut>
		<defaultID />
		<label>Mes Films Famille</label>
		<label2>Extensions Vidéo</label2>
		<icon>DefaultShortcut.png</icon>
		<thumb>special://masterprofile/addon_data/icones/favorisgeneral.png</thumb>
		<action>ActivateWindow(Videos,"plugin://plugin.program.autowidget/?mode=group&amp;group=favs_famille-1659386902.4631104&amp;refresh=&amp;reload=",return)</action>
		</shortcut>
	<shortcut>
		<defaultID />
		<label>Mes Séries Famille</label>
		<label2>Extensions Vidéo</label2>
		<icon>DefaultShortcut.png</icon>
		<thumb>special://masterprofile/addon_data/icones/favorisgeneral.png</thumb>
		<action>ActivateWindow(Videos,"plugin://plugin.program.autowidget/?mode=group&amp;group=favs_series-1659389709.1006289&amp;refresh=&amp;reload=",return)</action>
		</shortcut>
	<shortcut>
		<defaultID />
		<label>Familliale</label>
		<label2>Extensions Vidéo</label2>
		<icon>DefaultShortcut.png</icon>
		<thumb>special://masterprofile/addon_data/icones/famille (2).png</thumb>
		<action>ActivateWindow(Videos,"plugin://plugin.video.sendtokodiU2P/?action=mediasHKFilms&amp;famille=groupes&amp;offset=0&amp;nom=familliale",return)</action>
		</shortcut>
	<shortcut>
		<defaultID />
		<label>Films Famille</label>
		<label2>Extensions Vidéo</label2>
		<icon>DefaultShortcut.png</icon>
		<thumb>special://masterprofile/addon_data/icones/films (8).png</thumb>
		<action>ActivateWindow(Videos,"plugin://plugin.program.autowidget/?mode=group&amp;group=films_famille-1656856477.5542638&amp;refresh=&amp;reload=",return)</action>
		</shortcut>
	<shortcut>
		<defaultID />
		<label>Séries Famille</label>
		<label2>Extensions Vidéo</label2>
		<icon>DefaultShortcut.png</icon>
		<thumb>special://masterprofile/addon_data/icones/tvseries3pird.png</thumb>
		<action>ActivateWindow(Videos,"plugin://plugin.program.autowidget/?mode=group&amp;group=series_famille-1656858235.5926993&amp;refresh=&amp;reload=",return)</action>
		</shortcut>
	<shortcut>
		<defaultID />
		<label>Films Family Tmdb</label>
		<label2>Extensions Vidéo</label2>
		<icon>DefaultShortcut.png</icon>
		<thumb>special://masterprofile/addon_data/icones/tmdb.png</thumb>
		<action>ActivateWindow(Videos,"plugin://plugin.program.autowidget/?mode=group&amp;group=family_tmdb-1657544826.4081428&amp;refresh=&amp;reload=",return)</action>
		</shortcut>
	<shortcut>
		<defaultID />
		<label>Séries Family Tmdb</label>
		<label2>Extensions Vidéo</label2>
		<icon>DefaultShortcut.png</icon>
		<thumb>special://masterprofile/addon_data/icones/TMDB.png</thumb>
		<action>ActivateWindow(Videos,"plugin://plugin.program.autowidget/?mode=group&amp;group=series_family_tmdb-1657545789.318977&amp;refresh=&amp;reload=",return)</action>
		</shortcut>
	</shortcuts>
