<shortcuts>
	<shortcut>
		<defaultID>submenu</defaultID>
		<label>[B][COLOR red]Sous-menu[/COLOR][/B]</label>
		<label2 />
		<icon>special://skin/extras/icons/playlist.png</icon>
		<thumb />
		<action>Submenu</action>
		</shortcut>
	<shortcut>
		<defaultID />
		<label>[B][COLOR deeppink]Séries d'animation récentes[/COLOR][/B]</label>
		<label2>Extensions Vidéo</label2>
		<icon>DefaultShortcut.png</icon>
		<thumb>image://special%3a%2f%2fhome%2faddons%2fplugin.video.sendtokodiU2P%2fresources%2fpng%2fserie.png/</thumb>
		<action>ActivateWindow(Videos,"plugin://plugin.video.sendtokodiU2P/?action=mediasHKSeries&amp;famille=specialWid&amp;nomListe=S%C3%A9ries+d%27animation+r%C3%A9centes&amp;typM=tvshow",return)</action>
		</shortcut>
	<shortcut>
		<defaultID />
		<label>[B][COLOR deeppink]Superheros serie anime[/COLOR][/B]</label>
		<label2>Extensions Vidéo</label2>
		<icon>DefaultShortcut.png</icon>
		<thumb>image://special%3a%2f%2fhome%2faddons%2fplugin.video.sendtokodiU2P%2fresources%2fpng%2fliste.png/</thumb>
		<action>ActivateWindow(Videos,"plugin://plugin.video.sendtokodiU2P/?action=mediasHKSeries&amp;famille=groupes&amp;offset=0&amp;nom=superheros+serie+anime",return)</action>
		</shortcut>
	<shortcut>
		<defaultID />
		<label>[B][COLOR deeppink]Series Animes Disney[/COLOR][/B]</label>
		<label2>Extensions Vidéo</label2>
		<icon>DefaultShortcut.png</icon>
		<thumb>image://special%3a%2f%2fhome%2faddons%2fplugin.video.sendtokodiU2P%2fresources%2fpng%2fliste.png/</thumb>
		<action>ActivateWindow(Videos,"plugin://plugin.video.sendtokodiU2P/?action=MenuTrakt&amp;numliste=23227030&amp;nb=66",return)</action>
		</shortcut>
	<shortcut>
		<defaultID />
		<label>[B][COLOR deeppink]Series Animes Enfants[/COLOR][/B]</label>
		<label2>Extensions Vidéo</label2>
		<icon>DefaultShortcut.png</icon>
		<thumb>image://special%3a%2f%2fhome%2faddons%2fplugin.video.sendtokodiU2P%2fresources%2fpng%2fliste.png/</thumb>
		<action>ActivateWindow(Videos,"plugin://plugin.video.sendtokodiU2P/?action=MenuTrakt&amp;numliste=23222072&amp;nb=121",return)</action>
		</shortcut>
	</shortcuts>
