<shortcuts>
	<shortcut>
		<defaultID>movies</defaultID>
		<label>342</label>
		<label2>Elément personnalisé</label2>
		<icon>special://skin/extras/icons/film.png</icon>
		<thumb />
		<action>ActivateWindow(Videos,"plugin://plugin.video.sendtokodiU2P/?action=findf&amp;nom=recherche")</action>
		</shortcut>
	<shortcut>
		<defaultID>tvshows</defaultID>
		<label>20343</label>
		<label2>Elément personnalisé</label2>
		<icon>special://skin/extras/icons/tv.png</icon>
		<thumb />
		<action>ActivateWindow(Videos,"plugin://plugin.video.sendtokodiU2P/?action=findss&amp;nom=recherche")</action>
		</shortcut>
	<shortcut>
		<defaultID>31171</defaultID>
		<label>Acteur</label>
		<label2>Elément personnalisé</label2>
		<icon>special://skin/extras/icons/person.png</icon>
		<thumb />
		<action>ActivateWindow(Videos,"plugin://plugin.video.sendtokodiU2P/?action=findc&amp;nom=recherche")</action>
		</shortcut>
	</shortcuts>
