<shortcuts>
	<shortcut>
		<defaultID>1034</defaultID>
		<label>1034</label>
		<label2 />
		<icon>special://skin/extras/icons/shortcut.png</icon>
		<thumb />
		<action>Submenu</action>
	</shortcut>
	<shortcut>
		<defaultID>31090</defaultID>
		<label>$SKIN[31090|skin.arctic.horizon.2|En cours]</label>
		<label2>videos</label2>
		<icon>special://skin/extras/icons/timer.png</icon>
		<thumb />
		<action>library://video/tvshows/inprogressshows.xml</action>
	</shortcut>
	<shortcut>
		<defaultID>20382</defaultID>
		<label>EpisodesAjouté récemment</label>
		<label2>Elément personnalisé</label2>
		<icon>special://skin/extras/icons/recentlyadded.png</icon>
		<thumb />
		<action>ActivateWindow(Videos,C:\KodiTest\Kodi v20.1 (Nexus) - Copie\Kodi\portable_data\addons\skin.arctic.horizon.2\extras/hub/tvshows/lists/05-NewEpisodes.xsp,return)</action>
	</shortcut>
	<shortcut>
		<defaultID>20382</defaultID>
		<label>20382</label>
		<label2>Elément personnalisé</label2>
		<icon>special://skin/extras/icons/recentlyadded.png</icon>
		<thumb />
		<action>ActivateWindow(Videos,C:\KodiTest\Kodi v20.1 (Nexus) - Copie\Kodi\portable_data\addons\skin.arctic.horizon.2\extras/hub/tvshows/lists/02-NewShows.xsp,return)</action>
	</shortcut>
	<shortcut>
		<defaultID>31089</defaultID>
		<label>$SKIN[31089|skin.arctic.horizon.2|Vu récemment]</label>
		<label2>Elément personnalisé</label2>
		<icon>special://skin/extras/icons/recent.png</icon>
		<thumb />
		<action>ActivateWindow(Videos,C:\KodiTest\Kodi v20.1 (Nexus) - Copie\Kodi\portable_data\addons\skin.arctic.horizon.2\extras/hub/tvshows/lists/01-RecentTvShows.xsp,return)</action>
	</shortcut>
	<shortcut>
		<defaultID>31091</defaultID>
		<label>$SKIN[31091|skin.arctic.horizon.2|Les mieux notés]</label>
		<label2>Elément personnalisé</label2>
		<icon>DefaultMusicTop100Albums.png</icon>
		<thumb />
		<action>ActivateWindow(Videos,C:\KodiTest\Kodi v20.1 (Nexus) - Copie\Kodi\portable_data\addons\skin.arctic.horizon.2\extras/hub/tvshows/awards/02-TopRatedTvShows.xsp,return)</action>
	</shortcut>
</shortcuts>
