<shortcuts>
	<shortcut>
		<defaultID />
		<label>Films TMDB</label>
		<label2>Extensions Vidéo</label2>
		<icon>DefaultShortcut.png</icon>
		<thumb>image://C%3a%5cUsers%5cLuc56%5cDesktop%5cKODIAEONNOX%5cKODI64%5cportable_data%5caddons%5cplugin.video.themoviedb.helper%5c%2fresources%2ficons%2ftmdb%2fmovies.png/</thumb>
		<action>ActivateWindow(Videos,"plugin://plugin.video.themoviedb.helper/?info=dir_movie&amp;tmdb_type=None&amp;widget=true",return)</action>
		</shortcut>
	<shortcut>
		<defaultID />
		<label>Séries TV TMDB</label>
		<label2>Extensions Vidéo</label2>
		<icon>DefaultShortcut.png</icon>
		<thumb>image://C%3a%5cUsers%5cLuc56%5cDesktop%5cKODIAEONNOX%5cKODI64%5cportable_data%5caddons%5cplugin.video.themoviedb.helper%5c%2fresources%2ficons%2ftmdb%2ftv.png/</thumb>
		<action>ActivateWindow(Videos,"plugin://plugin.video.themoviedb.helper/?info=dir_tv&amp;tmdb_type=None&amp;widget=true",return)</action>
		</shortcut>
	<shortcut>
		<defaultID />
		<label>TheMovieDb</label>
		<label2>Extensions Vidéo</label2>
		<icon>DefaultShortcut.png</icon>
		<thumb>image://C%3a%5cUsers%5cLuc56%5cDesktop%5cKODIAEONNOX%5cKODI64%5cportable_data%5caddons%5cplugin.video.themoviedb.helper%5c%2fresources%2fposter.png/</thumb>
		<action>ActivateWindow(Videos,"plugin://plugin.video.themoviedb.helper/?info=dir_tmdb&amp;tmdb_type=None&amp;widget=true",return)</action>
		</shortcut>
	<shortcut>
		<defaultID />
		<label>Trakt</label>
		<label2>Extensions Vidéo</label2>
		<icon>DefaultShortcut.png</icon>
		<thumb>image://C%3a%5cUsers%5cLuc56%5cDesktop%5cKODIAEONNOX%5cKODI64%5cportable_data%5caddons%5cplugin.video.themoviedb.helper%5c%2fresources%2ftrakt.png/</thumb>
		<action>ActivateWindow(Videos,"plugin://plugin.video.themoviedb.helper/?info=dir_trakt&amp;tmdb_type=None&amp;widget=true",return)</action>
		</shortcut>
	</shortcuts>
