<shortcuts>
	<shortcut>
		<defaultID>addons</defaultID>
		<label>[I][COLOR coral][B]Home[/B][/COLOR][/I]</label>
		<label2>Elément personnalisé</label2>
		<icon>special://skin/extras/icons/addons.png</icon>
		<thumb>special://skin/extras/icons/search.png</thumb>
		<action>ActivateWindow(Favouri</action>
		</shortcut>
	<shortcut>
		<defaultID />
		<label>[I][B][COLOR lightskyblue]Film[/COLOR][/B][/I]</label>
		<label2>Elément personnalisé</label2>
		<icon>DefaultShortcut.png</icon>
		<thumb>special://skin/extras/icons/actor.png</thumb>
		<action>ActivateWindow(Videos,"plugin://plugin.video.sendtokodiU2P/?action=mediasHKFilms",return)</action>
		</shortcut>
	<shortcut>
		<defaultID>31247</defaultID>
		<label>[I][COLOR deepskyblue][B]Film dessin animée[/B][/COLOR][/I]</label>
		<label2>Elément personnalisé</label2>
		<icon>special://skin/extras/icons/globe.png</icon>
		<thumb>special://skin/extras/icons/</thumb>
		<action>Activa</action>
		</shortcut>
	<shortcut>
		<defaultID />
		<label>[I][COLOR deeppink][B]Dessins Animé[/B][/COLOR][/I]</label>
		<label2>Elément personnalisé</label2>
		<icon>DefaultShortcut.png</icon>
		<thumb>special://skin/extras/icons/woman.png</thumb>
		<action>Activa</action>
		</shortcut>
	<shortcut>
		<defaultID />
		<label>[I][B][COLOR yellow]Mangas[/COLOR][/B][/I]</label>
		<label2>Elément personnalisé</label2>
		<icon>DefaultShortcut.png</icon>
		<thumb>special://skin/extras/icons/babyboy.png</thumb>
		<action>a</action>
		</shortcut>
	<shortcut>
		<defaultID />
		<label>[I][B][COLOR tomato]Séries[/COLOR][/B][/I]</label>
		<label2>Elément personnalisé</label2>
		<icon>DefaultShortcut.png</icon>
		<thumb>special://skin/extras/icons/antenna.png</thumb>
		<action>ActivateWindow(Videos,"plugin://plugin.video.sendtokodiU2P/?action=menuRepCrypte",return)</action>
		</shortcut>
	<shortcut>
		<defaultID />
		<label>[I][B][COLOR forestgreen][I]Documentaire[/I][/B][/COLOR]</label>
		<label2>Elément personnalisé</label2>
		<icon>DefaultShortcut.png</icon>
		<thumb>special://skin/extras/icons/atom.png</thumb>
		<action>Activa</action>
		</shortcut>
	<shortcut>
		<defaultID />
		<label>[I][COLOR fuchsia][B]Spectacle[/B][/COLOR][/I]</label>
		<label2>Elément personnalisé</label2>
		<icon>DefaultShortcut.png</icon>
		<thumb>special://skin/extras/icons/castle.png</thumb>
		<action>a</action>
		</shortcut>
	<shortcut>
		<defaultID>livetv</defaultID>
		<label>$SKIN[31103|skin.arctic.horizon|Télé en direct]</label>
		<label2>Common Shortcut</label2>
		<icon>special://skin/extras/icons/livetv.png</icon>
		<thumb />
		<action>ActivateWindow(TVChannels)</action>
		<visible>PVR.HasTVChannels</visible>
		</shortcut>
	<shortcut>
		<defaultID />
		<label>[I][B][COLOR red]Concert[/COLOR]/[COLOR olive]Sport[/B][/I][/COLOR]</label>
		<label2>Elément personnalisé</label2>
		<icon>DefaultShortcut.png</icon>
		<thumb>special://skin/extras/icons/audiogenre.png</thumb>
		<action>noop</action>
		</shortcut>
	<shortcut>
		<defaultID />
		<label>[I][B]Tv[/I][/B]</label>
		<label2>Elément personnalisé</label2>
		<icon>DefaultShortcut.png</icon>
		<thumb>special://skin/extras/icons/lazytv.png</thumb>
		<action>ActivateWindow(Videos,"plugin://plugin.video.catchuptvandmore")</action>
		</shortcut>
	<shortcut>
		<defaultID>settings</defaultID>
		<label>[I][B][COLOR slategray]Paramètres[/COLOR][/B][/I]</label>
		<label2>Paramètres</label2>
		<icon>special://skin/extras/icons/settings.png</icon>
		<thumb>special://skin/extras/icons/settings.png</thumb>
		<action>ActivateWindow(Settings)</action>
		</shortcut>
	<shortcut>
		<defaultID />
		<label>[I][B][COLOR darkviolet]Alimentation[/B][/COLOR][/I]</label>
		<label2>Elément personnalisé</label2>
		<icon>DefaultShortcut.png</icon>
		<thumb>special://skin/extras/icons/power.png</thumb>
		<action>ActivateWindow(shutdownmenu)</action>
		</shortcut>
	</shortcuts>
