<?xml version="1.0" encoding="UTF-8"?>
<window>
	<!-- busydialog -->
	<include>Delayed_Dialog_Fade_Animation</include>
	<controls>
		<control type="group">
			<visible allowhiddenfocus="true">!Window.IsVisible(shutdownmenu)</visible>
			<include>Content_Fade_Animation</include>

			<control type="image">
				<centerleft>50%</centerleft>
				<centertop>50%</centertop>
				<width>90</width>
				<height>90</height>
				<texture colordiffuse="$VAR[Primary_Color]">views/dialogs/busy.png</texture>
				<animation effect="rotate" start="0" end="-360" center="auto" time="1800" loop="true" tween="cubic" easing="out" condition="true">Conditional</animation>
			</control>
			
		</control>
	</controls>
</window>
