<?xml version="1.0" encoding="UTF-8"?>
	<window>
		<!-- contextmenu -->
		<defaultcontrol always="true">996</defaultcontrol>
		<include>Delayed_Dialog_Fade_Animation</include>
		<controls>
			<control type="group">
				<visible allowhiddenfocus="true">!Window.IsVisible(shutdownmenu) + !Window.IsVisible(textviewer)</visible>
				<include>Delayed_Content_Fade_Animation</include>

				<!-- Hidden grouplist / Settings grouplist -->
				<control type="group">
					<animation effect="slide" start="0,0" end="870,0"  condition="Window.IsVisible(filemanager) + String.IsEqual(Window(filemanager).Property(ActiveList),Left)">Conditional</animation>
					<animation effect="slide" start="0,0" end="-30,0"  condition="Window.IsVisible(musicplaylisteditor)">Conditional</animation>
					<animation effect="slide" start="0,0" end="1070,0"  condition="Window.IsVisible(musicplaylisteditor) + String.IsEqual(Window(musicplaylisteditor).Property(ActiveList),Left)">Conditional</animation>

					<left>90</left>
					<width>870</width>
					<control type="grouplist" id="996">
						<visible allowhiddenfocus="true">Window.IsVisible(filemanager) | Window.IsVisible(musicplaylisteditor)</visible>
						<height>630</height>
						<centertop>50%</centertop>
						<onup>0</onup>
						<ondown>0</ondown>
						<onleft>Close</onleft>
						<onright>Close</onright>
						<orientation>vertical</orientation>
						<align>top</align>
						<itemgap>0</itemgap>
						<scrolltime tween="sine" easing="inout">360</scrolltime>
						<pagecontrol>60</pagecontrol>
					</control>
					<!-- Dummy underline for main list -->
					<control type="image">
						<animation effect="zoom" end="60,0,660,1"  condition="Window.IsVisible(musicplaylisteditor)">Conditional</animation>
						<visible>Window.IsVisible(filemanager) | Window.IsVisible(musicplaylisteditor)</visible>
						<animation effect="slide" start="0,0" end="-60,0"  condition="[Window.IsVisible(filemanager) + String.IsEqual(Window(filemanager).Property(ActiveList),Left)] | [Window.IsVisible(musicplaylisteditor) + String.IsEqual(Window(musicplaylisteditor).Property(ActiveList),Left)]">Conditional</animation>
						<animation effect="slide" end="0,90" time="0" reversible="false" condition="Container(996).Position(1)">Conditional</animation>
						<animation effect="slide" end="0,180" time="0" reversible="false" condition="Container(996).Position(2)">Conditional</animation>
						<animation effect="slide" end="0,270" time="0" reversible="false" condition="Container(996).Position(3)">Conditional</animation>
						<animation effect="slide" end="0,360" time="0" reversible="false" condition="Container(996).Position(4)">Conditional</animation>
						<animation effect="slide" end="0,450" time="0" reversible="false" condition="Container(996).Position(5)">Conditional</animation>
						<animation effect="slide" end="0,540" time="0" reversible="false" condition="Container(996).Position(6)">Conditional</animation>
						<left>60</left>
						<height>1</height>
						<top>314</top>
						<texture colordiffuse="$VAR[Unfocused_Color]">views/white_100.png</texture>
					</control>
				</control>
				<!-- divider -->

				<!-- scrollbar -->
				<control type="group">
					<animation effect="slide" start="0,0" end="-5,0"  condition="[Window.IsVisible(filemanager) + String.IsEqual(Window(filemanager).Property(ActiveList),Left)] | [Window.IsVisible(musicplaylisteditor) + String.IsEqual(Window(musicplaylisteditor).Property(ActiveList),Left)]">Conditional</animation>
					<include content="Dialog_Divider_With_Scrollbar">
						<param name="scrollbarvisible" value="Window.IsVisible(filemanager) | Window.IsVisible(musicplaylisteditor)"/>
						<param name="dividervisible" value="false"/>
					</include>
				</control>
				<!-- Default button -->
				<control type="button" id="1000">
					<texturefocus/>
				</control>


				<!-- Default contextmenu -->
				<control type="grouplist">
					<visible>!Window.IsVisible(filemanager) + !Window.IsVisible(musicplaylisteditor)</visible>
					<animation effect="slide" start="0,0" end="-180,0"  condition="Window.IsVisible(favourites)">Conditional</animation>
					<left>960</left>
					<top>60</top>
					<width>900</width>
					<height>960</height>
					<itemgap>0</itemgap>
					<align>center</align>
					<!-- Position 0 -->
					<include content="Default_ContextMenu_Label">
						<param name="id" value="1001"/>
					</include>
					<!-- Position 1 -->
					<include content="Default_ContextMenu_Label">
						<param name="id" value="1002"/>
					</include>
					<!-- Position 2 -->
					<include content="Default_ContextMenu_Label">
						<param name="id" value="1003"/>
					</include>
					<!-- Position 3 -->
					<include content="Default_ContextMenu_Label">
						<param name="id" value="1004"/>
					</include>
					<!-- Position 4 -->
					<include content="Default_ContextMenu_Label">
						<param name="id" value="1005"/>
					</include>
					<!-- Position 5 -->
					<include content="Default_ContextMenu_Label">
						<param name="id" value="1006"/>
					</include>
					<!-- Position 6 -->
					<include content="Default_ContextMenu_Label">
						<param name="id" value="1007"/>
					</include>
					<!-- Position 7 -->
					<include content="Default_ContextMenu_Label">
						<param name="id" value="1008"/>
					</include>
					<!-- Position 8 -->
					<include content="Default_ContextMenu_Label">
						<param name="id" value="1009"/>
					</include>
					<!-- Position 9 -->
					<include content="Default_ContextMenu_Label">
						<param name="id" value="1010"/>
					</include>
					<!-- Position 10 -->
					<include content="Default_ContextMenu_Label">
						<param name="id" value="1011"/>
					</include>
					<!-- Position 11 -->
					<include content="Default_ContextMenu_Label">
						<param name="id" value="1012"/>
					</include>
					<!-- Position 12 -->
					<include content="Default_ContextMenu_Label">
						<param name="id" value="1013"/>
					</include>
					<!-- Position 13 -->
					<include content="Default_ContextMenu_Label">
						<param name="id" value="1014"/>
					</include>
					<!-- Position 14 -->
					<include content="Default_ContextMenu_Label">
						<param name="id" value="1015"/>
					</include>
				</control>

			</control>
		</controls>
	</window>
