<?xml version="1.0" encoding="UTF-8"?>
<window>
	<!-- favourites -->
	<zorder>0</zorder>
	<defaultcontrol always="true">450</defaultcontrol>
	<include>Delayed_Dialog_Fade_Animation</include>
	<controls>
		<include condition="Skin.HasSetting(Music_Player_Enabled)" content="Music_Player_Buttons"/>
		<include condition="Skin.HasSetting(Music_Player_Enabled)" content="Music_Player_Widget">
			<param name="left_label_visible" value="true"/>
			<param name="background_visible" value="false"/>
		</include>
		<control type="group">
			<visible allowhiddenfocus="true">![Window.IsVisible(shutdownmenu) | Window.IsVisible(filebrowser)]</visible>
			<include>Delayed_Content_Fade_Animation</include>
			<include>Transparent_Dialog_Panel</include>

			<include content="SimpleListIcon">
				<param name="top" value="180"/>
				<param name="width" value="720"/>
				<param name="height" value="720"/>
				<param name="align" value="right"/>
				<param name="aspectratio" value="keep"/>
			</include>

			<control type="group">
				<visible>!Window.IsVisible(contextmenu)</visible>
				<include>Delayed_Content_Fade_Animation</include>
				<include content="Simple_List">
					<param name="id" value="450"/>
				</include>
			</control>

		</control>

	</controls>
</window>
