<includes>

	<include name="Script_UpNext_Layout">
		<param name="breadcrumb_title_label"/>
		<param name="breadcrumb_info_label_visible" default="false"/>
		<param name="breadcrumb_info_label"/>
		<param name="show_icon" default="false"/>
		<definition>

			<!-- Hidden buttons -->
			<control type="grouplist">
				<orientation>horizontal</orientation>
				<itemgap>0</itemgap>
				<control type="button" id="3012">
					<label>$INFO[Player.TimeRemaining(ss),in ]</label>
					<include>Hidden_Button</include>
				</control>
				<control type="button" id="3013">
					<label>$ADDON[service.upnext 30035]</label>
					<include>Hidden_Button</include>
				</control>
			</control>

			<!-- Details -->
			<control type="grouplist">
				<top>0</top>
				<height>180</height>
				<width>1800</width>
				<right>60</right>
				<orientation>vertical</orientation>
				<align>center</align>
				<itemgap>0</itemgap>
				<control type="label">
					<height>40</height>
					<label>$PARAM[breadcrumb_title_label]</label>
					<font>MusicPlayer_Title</font>
					<textcolor>$VAR[Light_Color]</textcolor>
					<align>right</align>
				</control>
				<control type="label">
					<visible>$PARAM[breadcrumb_info_label_visible]</visible>
					<height>35</height>
					<label>$PARAM[breadcrumb_info_label]</label>
					<font>MusicPlayer_Info</font>
					<textcolor>$VAR[Light_Color]</textcolor>
					<align>right</align>
				</control>
			</control>

			<!-- Thumbnail -->
			<control type="group">
				<visible>$PARAM[show_icon]</visible>
				<width>320</width>
				<height>180</height>
				<right>0</right>
				<bottom>120</bottom>
				<control type="image">
					<animation effect="fadediffuse" end="ff555555" time="0" condition="true">Conditional</animation>
					<texture>$INFO[Window.Property(fanart)]</texture>
				</control>
				<control type="progress" id="3014">
					<bottom>0</bottom>
					<height>6</height>
					<texturebg colordiffuse="$VAR[Light_Progress_Background_Color]">views/white_100.png</texturebg>
					<lefttexture></lefttexture>
					<midtexture colordiffuse="$VAR[Light_Color]">views/white_100.png</midtexture>
					<righttexture></righttexture>
					<overlaytexture></overlaytexture>
				</control>
			</control>

			<!-- Button menu -->
			<control type="grouplist">
				<animation effect="slide" start="0" end="24" time="0" condition="$PARAM[show_icon]">Conditional</animation>
				<right>60</right>
				<bottom>36</bottom>
				<width>100%</width>
				<height>60</height>
				<itemgap>8</itemgap>
				<align>right</align>
				<orientation>horizontal</orientation>
				<usecontrolcoords>true</usecontrolcoords>
				<control type="group">
					<width>60</width>
					<height>60</height>
					<include content="Button_Template">
						<param name="buttonid" value="3012"/>
						<param name="width" value="60"/>
						<param name="texture" value="Play"/>
					</include>
				</control>
				<control type="label">
					<left>-6</left>
					<top>6</top>
					<height>48</height>
					<width>auto</width>
					<visible>Control.HasFocus(3012)</visible>
					<label>$INFO[Control.GetLabel(3012)]</label>
					<font>Breadcrumb_Title_Label</font>
					<textcolor>$VAR[Light_Color]</textcolor>
				</control>
				<control type="label">
					<left>-12</left>
					<top>20</top>
					<height>28</height>
					<width>auto</width>
					<visible>!Control.HasFocus(3012)</visible>
					<label>$INFO[Control.GetLabel(3012)]</label>
					<font>Breadcrumb_Info_Label</font>
					<textcolor>$VAR[Light_Color]</textcolor>
				</control>
				<control type="label">
					<top>16</top>
					<height>28</height>
					<width>auto</width>
					<label>$LOCALIZE[31116]</label>
					<font>Breadcrumb_Info_Label</font>
					<textcolor>$VAR[Light_Color]</textcolor>
				</control>
				<control type="label">
					<top>6</top>
					<height>48</height>
					<width>auto</width>
					<visible>Control.HasFocus(3013)</visible>
					<label>$INFO[Control.GetLabel(3013)]</label>
					<font>Breadcrumb_Title_Label</font>
					<textcolor>$VAR[Light_Color]</textcolor>
				</control>
				<control type="label">
					<top>20</top>
					<height>28</height>
					<width>auto</width>
					<visible>!Control.HasFocus(3013)</visible>
					<label>$INFO[Control.GetLabel(3013)]</label>
					<font>Breadcrumb_Info_Label</font>
					<textcolor>$VAR[Light_Color]</textcolor>
				</control>
			</control>

		</definition>
	</include>

</includes>
