<includes>

	<include name="StripView_Menu_Options">
		<!-- STRIPVIEW DISPLAY -->
		<!-- MOVIES -->
		<item id="942">
			<description>Display (Movies) / Posters</description>
			<label>$LOCALIZE[31130] $LOCALIZE[31206] $LOCALIZE[31131]</label>
			<label2>$LOCALIZE[131] $LOCALIZE[31116] $LOCALIZE[31206]</label2>
			<onclick>SetFocus(504)</onclick>
			<property name="ActionLeft">Skin.SetString(StripView_Display_Movies,Fanart)</property>
			<property name="ActionRight">Skin.SetString(StripView_Display_Movies,Fanart)</property>
			<visible>Control.IsVisible(504) + $EXP[StripView_Display_IsPosters_Movies]</visible>
		</item>
		<item id="942">
			<description>Display (Movies) / Fanart</description>
			<label>$LOCALIZE[31130] $LOCALIZE[31207] $LOCALIZE[31131]</label>
			<label2>$LOCALIZE[131] $LOCALIZE[31116] $LOCALIZE[31207]</label2>
			<onclick>SetFocus(504)</onclick>
			<property name="ActionLeft">Skin.SetString(StripView_Display_Movies,Posters)</property>
			<property name="ActionRight">Skin.SetString(StripView_Display_Movies,Posters)</property>
			<visible>Control.IsVisible(504) + $EXP[StripView_Display_IsFanart_Movies]</visible>
		</item>

		<!-- SETS -->
		<item id="942">
			<description>Display (Sets) / Posters</description>
			<label>$LOCALIZE[31130] $LOCALIZE[31206] $LOCALIZE[31131]</label>
			<label2>$LOCALIZE[131] $LOCALIZE[31116] $LOCALIZE[31206]</label2>
			<onclick>SetFocus(504)</onclick>
			<property name="ActionLeft">Skin.SetString(StripView_Display_Sets,Fanart)</property>
			<property name="ActionRight">Skin.SetString(StripView_Display_Sets,Fanart)</property>
			<visible>Control.IsVisible(504) + $EXP[StripView_Display_IsPosters_Sets]</visible>
		</item>
		<item id="942">
			<description>Display (Sets) / Fanart</description>
			<label>$LOCALIZE[31130] $LOCALIZE[31207] $LOCALIZE[31131]</label>
			<label2>$LOCALIZE[131] $LOCALIZE[31116] $LOCALIZE[31207]</label2>
			<onclick>SetFocus(504)</onclick>
			<property name="ActionLeft">Skin.SetString(StripView_Display_Sets,Posters)</property>
			<property name="ActionRight">Skin.SetString(StripView_Display_Sets,Posters)</property>
			<visible>Control.IsVisible(504) + $EXP[StripView_Display_IsFanart_Sets]</visible>
		</item>

		<!-- TV SHOWS -->
		<item id="942">
			<description>Display (TV Shows) / Posters</description>
			<label>$LOCALIZE[31130] $LOCALIZE[31206] $LOCALIZE[31131]</label>
			<label2>$LOCALIZE[131] $LOCALIZE[31116] $LOCALIZE[31206]</label2>
			<onclick>SetFocus(504)</onclick>
			<property name="ActionLeft">Skin.SetString(StripView_Display_TVShows,Fanart)</property>
			<property name="ActionRight">Skin.SetString(StripView_Display_TVShows,Fanart)</property>
			<visible>Control.IsVisible(504) + $EXP[StripView_Display_IsPosters_TVShows]</visible>
		</item>
		<item id="942">
			<description>Display (TV Shows) / Fanart</description>
			<label>$LOCALIZE[31130] $LOCALIZE[31207] $LOCALIZE[31131]</label>
			<label2>$LOCALIZE[131] $LOCALIZE[31116] $LOCALIZE[31207]</label2>
			<onclick>SetFocus(504)</onclick>
			<property name="ActionLeft">Skin.SetString(StripView_Display_TVShows,Posters)</property>
			<property name="ActionRight">Skin.SetString(StripView_Display_TVShows,Posters)</property>
			<visible>Control.IsVisible(504) + $EXP[StripView_Display_IsFanart_TVShows]</visible>
		</item>

		<!-- SEASONS -->
		<item id="942">
			<description>Display (Seasons) / Posters</description>
			<label>$LOCALIZE[31130] $LOCALIZE[31206] $LOCALIZE[31131]</label>
			<label2>$LOCALIZE[131] $LOCALIZE[31116] $LOCALIZE[31206]</label2>
			<onclick>SetFocus(504)</onclick>
			<property name="ActionLeft">Skin.SetString(StripView_Display_Seasons,Fanart)</property>
			<property name="ActionRight">Skin.SetString(StripView_Display_Seasons,Fanart)</property>
			<visible>Control.IsVisible(504) + $EXP[StripView_Display_IsPosters_Seasons]</visible>
		</item>
		<item id="942">
			<description>Display (Seasons) / Fanart</description>
			<label>$LOCALIZE[31130] $LOCALIZE[31207] $LOCALIZE[31131]</label>
			<label2>$LOCALIZE[131] $LOCALIZE[31116] $LOCALIZE[31207]</label2>
			<onclick>SetFocus(504)</onclick>
			<property name="ActionLeft">Skin.SetString(StripView_Display_Seasons,Posters)</property>
			<property name="ActionRight">Skin.SetString(StripView_Display_Seasons,Posters)</property>
			<visible>Control.IsVisible(504) + $EXP[StripView_Display_IsFanart_Seasons]</visible>
		</item>

		<!-- ARTISTS -->
		<item id="942">
			<description>Display (Artists) / Fanart</description>
			<label>$LOCALIZE[31130] $LOCALIZE[31207] $LOCALIZE[31131]</label>
			<label2>$LOCALIZE[131] $LOCALIZE[31116] $LOCALIZE[31207]</label2>
			<onclick>SetFocus(504)</onclick>
			<property name="ActionLeft">Skin.SetString(StripView_Display_Artists,Square)</property>
			<property name="ActionRight">Skin.SetString(StripView_Display_Artists,Square)</property>
			<visible>Control.IsVisible(504) + $EXP[StripView_Display_IsFanart_Artists]</visible>
		</item>
		<item id="942">
			<description>Display / Square</description>
			<label>$LOCALIZE[31130] $LOCALIZE[31208] $LOCALIZE[31131]</label>
			<label2>$LOCALIZE[131] $LOCALIZE[31116] $LOCALIZE[31208]</label2>
			<onclick>SetFocus(504)</onclick>
			<property name="ActionLeft">Skin.SetString(StripView_Display_Artists,Fanart)</property>
			<property name="ActionRight">Skin.SetString(StripView_Display_Artists,Fanart)</property>
			<visible>Control.IsVisible(504) + $EXP[StripView_Display_IsSquare_Artists]</visible>
		</item>

		<!-- STRIPVIEW DETAILS -->

		<!-- MOVIES -->
		<!-- OFF -->
		<!-- Poster + CurrentItem:1 -->
		<item>
			<description>Details (Movies) / Off</description>
			<label>$LOCALIZE[31130] $LOCALIZE[591] $LOCALIZE[31131]</label>
			<label2>$LOCALIZE[32109] $LOCALIZE[31116] $LOCALIZE[591]</label2>
			<onclick>SetFocus(504)</onclick>
			<property name="ActionLeft">Skin.SetString(StripView_Details_Movies,All)</property>
			<property name="ActionRight">Skin.SetString(StripView_Details_Movies,Title)</property>
			<visible>Control.IsVisible(504) + Container.Content(movies) + Skin.String(StripView_Details_Movies,Off) + [$EXP[StripView_Display_IsPosters_Movies] + String.IsEqual(Container(504).CurrentItem,1)]</visible>
		</item>
		<!-- ![Poster + CurrentItem:1] -->
		<item id="943">
			<description>Details (Movies) / Off</description>
			<label>$LOCALIZE[31130] $LOCALIZE[591] $LOCALIZE[31131]</label>
			<label2>$LOCALIZE[32109] $LOCALIZE[31116] $LOCALIZE[591]</label2>
			<onclick>SetFocus(504)</onclick>
			<property name="ActionLeft">Skin.SetString(StripView_Details_Movies,All)</property>
			<property name="ActionRight">Skin.SetString(StripView_Details_Movies,Title)</property>
			<visible>Control.IsVisible(504) + Container.Content(movies) + Skin.String(StripView_Details_Movies,Off) + ![$EXP[StripView_Display_IsPosters_Movies] + String.IsEqual(Container(504).CurrentItem,1)]</visible>
		</item>
		<!-- TITLE -->
		<!-- Logo + [Poster + CurrentItem:1 + !Keyart] -->
		<item id="950">
			<description>Details (Movies) / Title</description>
			<label>$LOCALIZE[31130] $LOCALIZE[32111] $LOCALIZE[31131]</label>
			<label2>$LOCALIZE[32109] $LOCALIZE[31116] $LOCALIZE[32111]</label2>
			<onclick>SetFocus(504)</onclick>
			<property name="ActionLeft">Skin.SetString(StripView_Details_Movies,Off)</property>
			<property name="ActionRight">Skin.SetString(StripView_Details_Movies,TitleAndInfo)</property>
			<visible>Control.IsVisible(504) + Container.Content(movies) + Skin.String(StripView_Details_Movies,Title) + $EXP[StripView_Details_Logo_IsOn] + [$EXP[StripView_Display_IsPosters_Movies] + String.IsEqual(Container(504).CurrentItem,1) + !$EXP[StripView_Display_Keyart_IsVisible]]</visible>
		</item>
		<!-- Logo + ![Poster + CurrentItem:1 + !Keyart] -->
		<item id="949">
			<description>Details (Movies) / Title</description>
			<label>$LOCALIZE[31130] $LOCALIZE[32111] $LOCALIZE[31131]</label>
			<label2>$LOCALIZE[32109] $LOCALIZE[31116] $LOCALIZE[32111]</label2>
			<onclick>SetFocus(504)</onclick>
			<property name="ActionLeft">Skin.SetString(StripView_Details_Movies,Off)</property>
			<property name="ActionRight">Skin.SetString(StripView_Details_Movies,TitleAndInfo)</property>
			<visible>Control.IsVisible(504) + Container.Content(movies) + Skin.String(StripView_Details_Movies,Title) + $EXP[StripView_Details_Logo_IsOn] + ![$EXP[StripView_Display_IsPosters_Movies] + String.IsEqual(Container(504).CurrentItem,1) + !$EXP[StripView_Display_Keyart_IsVisible]]</visible>
		</item>
		<!-- !Logo + [Poster + CurrentItem:1] -->
		<item>
			<description>Details (Movies) / Title</description>
			<label>$LOCALIZE[31130] $LOCALIZE[32111] $LOCALIZE[31131]</label>
			<label2>$LOCALIZE[32109] $LOCALIZE[31116] $LOCALIZE[32111]</label2>
			<onclick>SetFocus(504)</onclick>
			<property name="ActionLeft">Skin.SetString(StripView_Details_Movies,Off)</property>
			<property name="ActionRight">Skin.SetString(StripView_Details_Movies,TitleAndInfo)</property>
			<visible>Control.IsVisible(504) + Container.Content(movies) + Skin.String(StripView_Details_Movies,Title) + !$EXP[StripView_Details_Logo_IsOn] + [$EXP[StripView_Display_IsPosters_Movies] + String.IsEqual(Container(504).CurrentItem,1)]</visible>
		</item>
		<!-- !Logo + ![Poster + CurrentItem:1] -->
		<item id="944">
			<description>Details (Movies) / Title</description>
			<label>$LOCALIZE[31130] $LOCALIZE[32111] $LOCALIZE[31131]</label>
			<label2>$LOCALIZE[32109] $LOCALIZE[31116] $LOCALIZE[32111]</label2>
			<onclick>SetFocus(504)</onclick>
			<property name="ActionLeft">Skin.SetString(StripView_Details_Movies,Off)</property>
			<property name="ActionRight">Skin.SetString(StripView_Details_Movies,TitleAndInfo)</property>
			<visible>Control.IsVisible(504) + Container.Content(movies) + Skin.String(StripView_Details_Movies,Title) + !$EXP[StripView_Details_Logo_IsOn] + ![$EXP[StripView_Display_IsPosters_Movies] + String.IsEqual(Container(504).CurrentItem,1)]</visible>
		</item>
		<!-- TITLE AND INFO -->
		<!-- !Logo + ![Poster + CurrentItem:1] -->
		<item id="943">
			<description>Details (Movies) / Title and Info</description>
			<label>$LOCALIZE[31130] $LOCALIZE[32150] $LOCALIZE[31131]</label>
			<label2>$LOCALIZE[32109] $LOCALIZE[31116] $LOCALIZE[32150]</label2>
			<onclick>SetFocus(504)</onclick>
			<property name="ActionLeft">Skin.SetString(StripView_Details_Movies,Title)</property>
			<property name="ActionRight">Skin.SetString(StripView_Details_Movies,TitleAndPlot)</property>
			<visible>Control.IsVisible(504) + Container.Content(movies) + Skin.String(StripView_Details_Movies,TitleAndInfo) + !$EXP[StripView_Details_Logo_IsOn] + ![$EXP[StripView_Display_IsPosters_Movies] + String.IsEqual(Container(504).CurrentItem,1)]</visible>
		</item>
		<!-- Logo | [!Logo + [Poster + CurrentItem:1] -->
		<item>
			<description>Details (Movies) / Title and Info</description>
			<label>$LOCALIZE[31130] $LOCALIZE[32150] $LOCALIZE[31131]</label>
			<label2>$LOCALIZE[32109] $LOCALIZE[31116] $LOCALIZE[32150]</label2>
			<onclick>SetFocus(504)</onclick>
			<property name="ActionLeft">Skin.SetString(StripView_Details_Movies,Title)</property>
			<property name="ActionRight">Skin.SetString(StripView_Details_Movies,TitleAndPlot)</property>
			<visible>Control.IsVisible(504) + Container.Content(movies) + Skin.String(StripView_Details_Movies,TitleAndInfo) + [$EXP[StripView_Details_Logo_IsOn] | !$EXP[StripView_Details_Logo_IsOn] + [$EXP[StripView_Display_IsPosters_Movies] + String.IsEqual(Container(504).CurrentItem,1)]]</visible>
		</item>
		<!-- TITLE AND PLOT -->
		<item>
			<description>Details (Movies) / Title and Plot</description>
			<label>$LOCALIZE[31130] $LOCALIZE[32151] $LOCALIZE[31131]</label>
			<label2>$LOCALIZE[32109] $LOCALIZE[31116] $LOCALIZE[32151]</label2>
			<onclick>SetFocus(504)</onclick>
			<property name="ActionLeft">Skin.SetString(StripView_Details_Movies,TitleAndInfo)</property>
			<property name="ActionRight">Skin.SetString(StripView_Details_Movies,All)</property>
			<visible>Control.IsVisible(504) + Container.Content(movies) + Skin.String(StripView_Details_Movies,TitleAndPlot)</visible>
		</item>
		<!-- ALL -->
		<!-- !Logo + [poster + currentitem:1] -->
		<item>
			<description>Details (Movies) / All</description>
			<label>$LOCALIZE[31130] $LOCALIZE[593] $LOCALIZE[31131]</label>
			<label2>$LOCALIZE[32109] $LOCALIZE[31116] $LOCALIZE[593]</label2>
			<onclick>SetFocus(504)</onclick>
			<property name="ActionLeft">Skin.SetString(StripView_Details_Movies,TitleAndPlot)</property>
			<property name="ActionRight">Skin.SetString(StripView_Details_Movies,Off)</property>
			<visible>Control.IsVisible(504) + Container.Content(movies) + [Skin.String(StripView_Details_Movies,All) | String.IsEmpty(Skin.String(StripView_Details_Movies))] + !$EXP[StripView_Details_Logo_IsOn] + [$EXP[StripView_Display_IsPosters_Movies] + String.IsEqual(Container(504).CurrentItem,1)]</visible>
		</item>
		<!-- !Logo + ![poster + currentitem:1] -->
		<item id="944">
			<description>Details (Movies) / All</description>
			<label>$LOCALIZE[31130] $LOCALIZE[593] $LOCALIZE[31131]</label>
			<label2>$LOCALIZE[32109] $LOCALIZE[31116] $LOCALIZE[593]</label2>
			<onclick>SetFocus(504)</onclick>
			<property name="ActionLeft">Skin.SetString(StripView_Details_Movies,TitleAndPlot)</property>
			<property name="ActionRight">Skin.SetString(StripView_Details_Movies,Off)</property>
			<visible>Control.IsVisible(504) + Container.Content(movies) + [Skin.String(StripView_Details_Movies,All) | String.IsEmpty(Skin.String(StripView_Details_Movies))] + !$EXP[StripView_Details_Logo_IsOn] + ![$EXP[StripView_Display_IsPosters_Movies] + String.IsEqual(Container(504).CurrentItem,1)]</visible>
		</item>
		<!-- Logo + [poster + currentitem:1 + !keyart] -->
		<item id="945">
			<description>Details (Movies) / All</description>
			<label>$LOCALIZE[31130] $LOCALIZE[593] $LOCALIZE[31131]</label>
			<label2>$LOCALIZE[32109] $LOCALIZE[31116] $LOCALIZE[593]</label2>
			<onclick>SetFocus(504)</onclick>
			<property name="ActionLeft">Skin.SetString(StripView_Details_Movies,TitleAndPlot)</property>
			<property name="ActionRight">Skin.SetString(StripView_Details_Movies,Off)</property>
			<visible>Control.IsVisible(504) + Container.Content(movies) + [Skin.String(StripView_Details_Movies,All) | String.IsEmpty(Skin.String(StripView_Details_Movies))] + $EXP[StripView_Details_Logo_IsOn] + [$EXP[StripView_Display_IsPosters_Movies] + String.IsEqual(Container(504).CurrentItem,1) + !$EXP[StripView_Display_Keyart_IsVisible]]</visible>
		</item>
		<!-- Logo + ![poster + currentitem:1 + !keyart] -->
		<item id="946">
			<description>Details (Movies) / All</description>
			<label>$LOCALIZE[31130] $LOCALIZE[593] $LOCALIZE[31131]</label>
			<label2>$LOCALIZE[32109] $LOCALIZE[31116] $LOCALIZE[593]</label2>
			<onclick>SetFocus(504)</onclick>
			<property name="ActionLeft">Skin.SetString(StripView_Details_Movies,TitleAndPlot)</property>
			<property name="ActionRight">Skin.SetString(StripView_Details_Movies,Off)</property>
			<visible>Control.IsVisible(504) + Container.Content(movies) + [Skin.String(StripView_Details_Movies,All) | String.IsEmpty(Skin.String(StripView_Details_Movies))] + $EXP[StripView_Details_Logo_IsOn] + ![$EXP[StripView_Display_IsPosters_Movies] + String.IsEqual(Container(504).CurrentItem,1) + !$EXP[StripView_Display_Keyart_IsVisible]]</visible>
		</item>

		<!-- SETS -->
		<!-- OFF -->
		<!-- Poster + CurrentItem:1 -->
		<item>
			<description>Details (Sets) / Off</description>
			<label>$LOCALIZE[31130] $LOCALIZE[591] $LOCALIZE[31131]</label>
			<label2>$LOCALIZE[32109] $LOCALIZE[31116] $LOCALIZE[591]</label2>
			<onclick>SetFocus(504)</onclick>
			<property name="ActionLeft">Skin.SetString(StripView_Details_Sets,All)</property>
			<property name="ActionRight">Skin.SetString(StripView_Details_Sets,Title)</property>
			<visible>Control.IsVisible(504) + Container.Content(sets) + Skin.String(StripView_Details_Sets,Off) + [$EXP[StripView_Display_IsPosters_Sets] + String.IsEqual(Container(504).CurrentItem,1)]</visible>
		</item>
		<!-- ![Poster + CurrentItem:1] -->
		<item id="943">
			<description>Details (Sets) / Off</description>
			<label>$LOCALIZE[31130] $LOCALIZE[591] $LOCALIZE[31131]</label>
			<label2>$LOCALIZE[32109] $LOCALIZE[31116] $LOCALIZE[591]</label2>
			<onclick>SetFocus(504)</onclick>
			<property name="ActionLeft">Skin.SetString(StripView_Details_Sets,All)</property>
			<property name="ActionRight">Skin.SetString(StripView_Details_Sets,Title)</property>
			<visible>Control.IsVisible(504) + Container.Content(sets) + Skin.String(StripView_Details_Sets,Off) + ![$EXP[StripView_Display_IsPosters_Sets] + String.IsEqual(Container(504).CurrentItem,1)]</visible>
		</item>
		<!-- TITLE -->
		<!-- Logo + [Poster + CurrentItem:1 + !Keyart] -->
		<item id="950">
			<description>Details (Sets) / Title</description>
			<label>$LOCALIZE[31130] $LOCALIZE[32111] $LOCALIZE[31131]</label>
			<label2>$LOCALIZE[32109] $LOCALIZE[31116] $LOCALIZE[32111]</label2>
			<onclick>SetFocus(504)</onclick>
			<property name="ActionLeft">Skin.SetString(StripView_Details_Sets,Off)</property>
			<property name="ActionRight">Skin.SetString(StripView_Details_Sets,TitleAndInfo)</property>
			<visible>Control.IsVisible(504) + Container.Content(sets) + Skin.String(StripView_Details_Sets,Title) + $EXP[StripView_Details_Logo_IsOn] + [$EXP[StripView_Display_IsPosters_Sets] + String.IsEqual(Container(504).CurrentItem,1) + !$EXP[StripView_Display_Keyart_IsVisible]]</visible>
		</item>
		<!-- Logo + ![Poster + CurrentItem:1 + !Keyart] -->
		<item id="949">
			<description>Details (Sets) / Title</description>
			<label>$LOCALIZE[31130] $LOCALIZE[32111] $LOCALIZE[31131]</label>
			<label2>$LOCALIZE[32109] $LOCALIZE[31116] $LOCALIZE[32111]</label2>
			<onclick>SetFocus(504)</onclick>
			<property name="ActionLeft">Skin.SetString(StripView_Details_Sets,Off)</property>
			<property name="ActionRight">Skin.SetString(StripView_Details_Sets,TitleAndInfo)</property>
			<visible>Control.IsVisible(504) + Container.Content(sets) + Skin.String(StripView_Details_Sets,Title) + $EXP[StripView_Details_Logo_IsOn] + ![$EXP[StripView_Display_IsPosters_Sets] + String.IsEqual(Container(504).CurrentItem,1) + !$EXP[StripView_Display_Keyart_IsVisible]]</visible>
		</item>
		<!-- !Logo + [Poster + CurrentItem:1] -->
		<item>
			<description>Details (Sets) / Title</description>
			<label>$LOCALIZE[31130] $LOCALIZE[32111] $LOCALIZE[31131]</label>
			<label2>$LOCALIZE[32109] $LOCALIZE[31116] $LOCALIZE[32111]</label2>
			<onclick>SetFocus(504)</onclick>
			<property name="ActionLeft">Skin.SetString(StripView_Details_Sets,Off)</property>
			<property name="ActionRight">Skin.SetString(StripView_Details_Sets,TitleAndInfo)</property>
			<visible>Control.IsVisible(504) + Container.Content(sets) + Skin.String(StripView_Details_Sets,Title) + !$EXP[StripView_Details_Logo_IsOn] + [$EXP[StripView_Display_IsPosters_Sets] + String.IsEqual(Container(504).CurrentItem,1)]</visible>
		</item>
		<!-- !Logo + ![Poster + CurrentItem:1] -->
		<item id="944">
			<description>Details (Sets) / Title</description>
			<label>$LOCALIZE[31130] $LOCALIZE[32111] $LOCALIZE[31131]</label>
			<label2>$LOCALIZE[32109] $LOCALIZE[31116] $LOCALIZE[32111]</label2>
			<onclick>SetFocus(504)</onclick>
			<property name="ActionLeft">Skin.SetString(StripView_Details_Sets,Off)</property>
			<property name="ActionRight">Skin.SetString(StripView_Details_Sets,TitleAndInfo)</property>
			<visible>Control.IsVisible(504) + Container.Content(sets) + Skin.String(StripView_Details_Sets,Title) + !$EXP[StripView_Details_Logo_IsOn] + ![$EXP[StripView_Display_IsPosters_Sets] + String.IsEqual(Container(504).CurrentItem,1)]</visible>
		</item>
		<!-- TITLE AND INFO -->
		<!-- !Logo + ![Poster + CurrentItem:1] -->
		<item id="943">
			<description>Details (Sets) / Title and Info</description>
			<label>$LOCALIZE[31130] $LOCALIZE[32150] $LOCALIZE[31131]</label>
			<label2>$LOCALIZE[32109] $LOCALIZE[31116] $LOCALIZE[32150]</label2>
			<onclick>SetFocus(504)</onclick>
			<property name="ActionLeft">Skin.SetString(StripView_Details_Sets,Title)</property>
			<property name="ActionRight">Skin.SetString(StripView_Details_Sets,TitleAndPlot)</property>
			<visible>Control.IsVisible(504) + Container.Content(sets) + Skin.String(StripView_Details_Sets,TitleAndInfo) + !$EXP[StripView_Details_Logo_IsOn] + ![$EXP[StripView_Display_IsPosters_Sets] + String.IsEqual(Container(504).CurrentItem,1)]</visible>
		</item>
		<!-- Logo | [!Logo + [Poster + CurrentItem:1] -->
		<item>
			<description>Details (Sets) / Title and Info</description>
			<label>$LOCALIZE[31130] $LOCALIZE[32150] $LOCALIZE[31131]</label>
			<label2>$LOCALIZE[32109] $LOCALIZE[31116] $LOCALIZE[32150]</label2>
			<onclick>SetFocus(504)</onclick>
			<property name="ActionLeft">Skin.SetString(StripView_Details_Sets,Title)</property>
			<property name="ActionRight">Skin.SetString(StripView_Details_Sets,TitleAndPlot)</property>
			<visible>Control.IsVisible(504) + Container.Content(sets) + Skin.String(StripView_Details_Sets,TitleAndInfo) + [$EXP[StripView_Details_Logo_IsOn] | !$EXP[StripView_Details_Logo_IsOn] + [$EXP[StripView_Display_IsPosters_Sets] + String.IsEqual(Container(504).CurrentItem,1)]]</visible>
		</item>
		<!-- TITLE AND PLOT -->
		<item>
			<description>Details (Sets) / Title and Plot</description>
			<label>$LOCALIZE[31130] $LOCALIZE[32151] $LOCALIZE[31131]</label>
			<label2>$LOCALIZE[32109] $LOCALIZE[31116] $LOCALIZE[32151]</label2>
			<onclick>SetFocus(504)</onclick>
			<property name="ActionLeft">Skin.SetString(StripView_Details_Sets,TitleAndInfo)</property>
			<property name="ActionRight">Skin.SetString(StripView_Details_Sets,All)</property>
			<visible>Control.IsVisible(504) + Container.Content(sets) + Skin.String(StripView_Details_Sets,TitleAndPlot)</visible>
		</item>
		<!-- ALL -->
		<!-- !Logo + [poster + currentitem:1] -->
		<item>
			<description>Details (Sets) / All</description>
			<label>$LOCALIZE[31130] $LOCALIZE[593] $LOCALIZE[31131]</label>
			<label2>$LOCALIZE[32109] $LOCALIZE[31116] $LOCALIZE[593]</label2>
			<onclick>SetFocus(504)</onclick>
			<property name="ActionLeft">Skin.SetString(StripView_Details_Sets,TitleAndPlot)</property>
			<property name="ActionRight">Skin.SetString(StripView_Details_Sets,Off)</property>
			<visible>Control.IsVisible(504) + Container.Content(sets) + [Skin.String(StripView_Details_Sets,All) | String.IsEmpty(Skin.String(StripView_Details_Sets))] + !$EXP[StripView_Details_Logo_IsOn] + [$EXP[StripView_Display_IsPosters_Sets] + String.IsEqual(Container(504).CurrentItem,1)]</visible>
		</item>
		<!-- !Logo + ![poster + currentitem:1] -->
		<item id="944">
			<description>Details (Sets) / All</description>
			<label>$LOCALIZE[31130] $LOCALIZE[593] $LOCALIZE[31131]</label>
			<label2>$LOCALIZE[32109] $LOCALIZE[31116] $LOCALIZE[593]</label2>
			<onclick>SetFocus(504)</onclick>
			<property name="ActionLeft">Skin.SetString(StripView_Details_Sets,TitleAndPlot)</property>
			<property name="ActionRight">Skin.SetString(StripView_Details_Sets,Off)</property>
			<visible>Control.IsVisible(504) + Container.Content(sets) + [Skin.String(StripView_Details_Sets,All) | String.IsEmpty(Skin.String(StripView_Details_Sets))] + !$EXP[StripView_Details_Logo_IsOn] + ![$EXP[StripView_Display_IsPosters_Sets] + String.IsEqual(Container(504).CurrentItem,1)]</visible>
		</item>
		<!-- Logo + [poster + currentitem:1 + !keyart] -->
		<item id="945">
			<description>Details (Sets) / All</description>
			<label>$LOCALIZE[31130] $LOCALIZE[593] $LOCALIZE[31131]</label>
			<label2>$LOCALIZE[32109] $LOCALIZE[31116] $LOCALIZE[593]</label2>
			<onclick>SetFocus(504)</onclick>
			<property name="ActionLeft">Skin.SetString(StripView_Details_Sets,TitleAndPlot)</property>
			<property name="ActionRight">Skin.SetString(StripView_Details_Sets,Off)</property>
			<visible>Control.IsVisible(504) + Container.Content(sets) + [Skin.String(StripView_Details_Sets,All) | String.IsEmpty(Skin.String(StripView_Details_Sets))] + $EXP[StripView_Details_Logo_IsOn] + [$EXP[StripView_Display_IsPosters_Sets] + String.IsEqual(Container(504).CurrentItem,1) + !$EXP[StripView_Display_Keyart_IsVisible]]</visible>
		</item>
		<!-- Logo + ![poster + currentitem:1 + !keyart] -->
		<item id="946">
			<description>Details (Sets) / All</description>
			<label>$LOCALIZE[31130] $LOCALIZE[593] $LOCALIZE[31131]</label>
			<label2>$LOCALIZE[32109] $LOCALIZE[31116] $LOCALIZE[593]</label2>
			<onclick>SetFocus(504)</onclick>
			<property name="ActionLeft">Skin.SetString(StripView_Details_Sets,TitleAndPlot)</property>
			<property name="ActionRight">Skin.SetString(StripView_Details_Sets,Off)</property>
			<visible>Control.IsVisible(504) + Container.Content(sets) + [Skin.String(StripView_Details_Sets,All) | String.IsEmpty(Skin.String(StripView_Details_Sets))] + $EXP[StripView_Details_Logo_IsOn] + ![$EXP[StripView_Display_IsPosters_Sets] + String.IsEqual(Container(504).CurrentItem,1) + !$EXP[StripView_Display_Keyart_IsVisible]]</visible>
		</item>

		<!-- TV SHOWS -->
		<!-- OFF -->
		<!-- Poster + CurrentItem:1 -->
		<item>
			<description>Details (TV Shows) / Off</description>
			<label>$LOCALIZE[31130] $LOCALIZE[591] $LOCALIZE[31131]</label>
			<label2>$LOCALIZE[32109] $LOCALIZE[31116] $LOCALIZE[591]</label2>
			<onclick>SetFocus(504)</onclick>
			<property name="ActionLeft">Skin.SetString(StripView_Details_TVShows,All)</property>
			<property name="ActionRight">Skin.SetString(StripView_Details_TVShows,Title)</property>
			<visible>Control.IsVisible(504) + Container.Content(tvshows) + Skin.String(StripView_Details_TVShows,Off) + [$EXP[StripView_Display_IsPosters_TVShows] + String.IsEqual(Container(504).CurrentItem,1)]</visible>
		</item>
		<!-- ![Poster + !Logo + CurrentItem:1] -->
		<item id="943">
			<description>Details (TV Shows) / Off</description>
			<label>$LOCALIZE[31130] $LOCALIZE[591] $LOCALIZE[31131]</label>
			<label2>$LOCALIZE[32109] $LOCALIZE[31116] $LOCALIZE[591]</label2>
			<onclick>SetFocus(504)</onclick>
			<property name="ActionLeft">Skin.SetString(StripView_Details_TVShows,All)</property>
			<property name="ActionRight">Skin.SetString(StripView_Details_TVShows,Title)</property>
			<visible>Control.IsVisible(504) + Container.Content(tvshows) + Skin.String(StripView_Details_TVShows,Off) + ![$EXP[StripView_Display_IsPosters_TVShows] + String.IsEqual(Container(504).CurrentItem,1)]</visible>
		</item>
		<!-- TITLE -->
		<!-- Logo + [Poster + CurrentItem:1 + !Keyart] -->
		<item id="950">
			<description>Details (TV Shows) / Title</description>
			<label>$LOCALIZE[31130] $LOCALIZE[32111] $LOCALIZE[31131]</label>
			<label2>$LOCALIZE[32109] $LOCALIZE[31116] $LOCALIZE[32111]</label2>
			<onclick>SetFocus(504)</onclick>
			<property name="ActionLeft">Skin.SetString(StripView_Details_TVShows,Off)</property>
			<property name="ActionRight">Skin.SetString(StripView_Details_TVShows,TitleAndInfo)</property>
			<visible>Control.IsVisible(504) + Container.Content(tvshows) + Skin.String(StripView_Details_TVShows,Title) + $EXP[StripView_Details_Logo_IsOn] + [$EXP[StripView_Display_IsPosters_TVShows] + String.IsEqual(Container(504).CurrentItem,1) + !$EXP[StripView_Display_Keyart_IsVisible]]</visible>
		</item>
		<!-- Logo + ![Poster + CurrentItem:1 + !Keyart] -->
		<item id="949">
			<description>Details (TV Shows) / Title</description>
			<label>$LOCALIZE[31130] $LOCALIZE[32111] $LOCALIZE[31131]</label>
			<label2>$LOCALIZE[32109] $LOCALIZE[31116] $LOCALIZE[32111]</label2>
			<onclick>SetFocus(504)</onclick>
			<property name="ActionLeft">Skin.SetString(StripView_Details_TVShows,Off)</property>
			<property name="ActionRight">Skin.SetString(StripView_Details_TVShows,TitleAndInfo)</property>
			<visible>Control.IsVisible(504) + Container.Content(tvshows) + Skin.String(StripView_Details_TVShows,Title) + $EXP[StripView_Details_Logo_IsOn] + ![$EXP[StripView_Display_IsPosters_TVShows] + String.IsEqual(Container(504).CurrentItem,1) + !$EXP[StripView_Display_Keyart_IsVisible]]</visible>
		</item>
		<!-- !Logo + [Poster + CurrentItem:1] -->
		<item>
			<description>Details (TV Shows) / Title</description>
			<label>$LOCALIZE[31130] $LOCALIZE[32111] $LOCALIZE[31131]</label>
			<label2>$LOCALIZE[32109] $LOCALIZE[31116] $LOCALIZE[32111]</label2>
			<onclick>SetFocus(504)</onclick>
			<property name="ActionLeft">Skin.SetString(StripView_Details_TVShows,Off)</property>
			<property name="ActionRight">Skin.SetString(StripView_Details_TVShows,TitleAndInfo)</property>
			<visible>Control.IsVisible(504) + Container.Content(tvshows) + Skin.String(StripView_Details_TVShows,Title) + !$EXP[StripView_Details_Logo_IsOn] + [$EXP[StripView_Display_IsPosters_TVShows] + String.IsEqual(Container(504).CurrentItem,1)]</visible>
		</item>
		<!-- !Logo + ![Poster + CurrentItem:1] -->
		<item id="944">
			<description>Details (TV Shows) / Title</description>
			<label>$LOCALIZE[31130] $LOCALIZE[32111] $LOCALIZE[31131]</label>
			<label2>$LOCALIZE[32109] $LOCALIZE[31116] $LOCALIZE[32111]</label2>
			<onclick>SetFocus(504)</onclick>
			<property name="ActionLeft">Skin.SetString(StripView_Details_TVShows,Off)</property>
			<property name="ActionRight">Skin.SetString(StripView_Details_TVShows,TitleAndInfo)</property>
			<visible>Control.IsVisible(504) + Container.Content(tvshows) + Skin.String(StripView_Details_TVShows,Title) + !$EXP[StripView_Details_Logo_IsOn] + ![$EXP[StripView_Display_IsPosters_TVShows] + String.IsEqual(Container(504).CurrentItem,1)]</visible>
		</item>
		<!-- TITLE AND INFO -->
		<!-- !Logo + ![Poster + CurrentItem:1] -->
		<item id="943">
			<description>Details (TV Shows) / Title and Info</description>
			<label>$LOCALIZE[31130] $LOCALIZE[32150] $LOCALIZE[31131]</label>
			<label2>$LOCALIZE[32109] $LOCALIZE[31116] $LOCALIZE[32150]</label2>
			<onclick>SetFocus(504)</onclick>
			<property name="ActionLeft">Skin.SetString(StripView_Details_TVShows,Title)</property>
			<property name="ActionRight">Skin.SetString(StripView_Details_TVShows,TitleAndPlot)</property>
			<visible>Control.IsVisible(504) + Container.Content(tvshows) + Skin.String(StripView_Details_TVShows,TitleAndInfo) + !$EXP[StripView_Details_Logo_IsOn] + ![$EXP[StripView_Display_IsPosters_TVShows] + String.IsEqual(Container(504).CurrentItem,1)]</visible>
		</item>
		<!-- Logo | [!Logo + [Poster + CurrentItem:1] -->
		<item>
			<description>Details (TV Shows) / Title and Info</description>
			<label>$LOCALIZE[31130] $LOCALIZE[32150] $LOCALIZE[31131]</label>
			<label2>$LOCALIZE[32109] $LOCALIZE[31116] $LOCALIZE[32150]</label2>
			<onclick>SetFocus(504)</onclick>
			<property name="ActionLeft">Skin.SetString(StripView_Details_TVShows,Title)</property>
			<property name="ActionRight">Skin.SetString(StripView_Details_TVShows,TitleAndPlot)</property>
			<visible>Control.IsVisible(504) + Container.Content(tvshows) + Skin.String(StripView_Details_TVShows,TitleAndInfo) + [$EXP[StripView_Details_Logo_IsOn] | !$EXP[StripView_Details_Logo_IsOn] + [$EXP[StripView_Display_IsPosters_TVShows] + String.IsEqual(Container(504).CurrentItem,1)]]</visible>
		</item>
		<!-- TITLE AND PLOT -->
		<item>
			<description>Details (TV Shows) / Title and Plot</description>
			<label>$LOCALIZE[31130] $LOCALIZE[32151] $LOCALIZE[31131]</label>
			<label2>$LOCALIZE[32109] $LOCALIZE[31116] $LOCALIZE[32151]</label2>
			<onclick>SetFocus(504)</onclick>
			<property name="ActionLeft">Skin.SetString(StripView_Details_TVShows,TitleAndInfo)</property>
			<property name="ActionRight">Skin.SetString(StripView_Details_TVShows,All)</property>
			<visible>Control.IsVisible(504) + Container.Content(tvshows) + Skin.String(StripView_Details_TVShows,TitleAndPlot)</visible>
		</item>
		<!-- ALL -->
		<!-- !Logo + [poster + currentitem:1] -->
		<item>
			<description>Details (TV Shows) / All</description>
			<label>$LOCALIZE[31130] $LOCALIZE[593] $LOCALIZE[31131]</label>
			<label2>$LOCALIZE[32109] $LOCALIZE[31116] $LOCALIZE[593]</label2>
			<onclick>SetFocus(504)</onclick>
			<property name="ActionLeft">Skin.SetString(StripView_Details_TVShows,TitleAndPlot)</property>
			<property name="ActionRight">Skin.SetString(StripView_Details_TVShows,Off)</property>
			<visible>Control.IsVisible(504) + Container.Content(tvshows) + [Skin.String(StripView_Details_TVShows,All) | String.IsEmpty(Skin.String(StripView_Details_TVShows))] + !$EXP[StripView_Details_Logo_IsOn] + [$EXP[StripView_Display_IsPosters_TVShows] + String.IsEqual(Container(504).CurrentItem,1)]</visible>
		</item>
		<!-- !Logo + ![poster + currentitem:1] -->
		<item id="944">
			<description>Details (TV Shows) / All</description>
			<label>$LOCALIZE[31130] $LOCALIZE[593] $LOCALIZE[31131]</label>
			<label2>$LOCALIZE[32109] $LOCALIZE[31116] $LOCALIZE[593]</label2>
			<onclick>SetFocus(504)</onclick>
			<property name="ActionLeft">Skin.SetString(StripView_Details_TVShows,TitleAndPlot)</property>
			<property name="ActionRight">Skin.SetString(StripView_Details_TVShows,Off)</property>
			<visible>Control.IsVisible(504) + Container.Content(tvshows) + [Skin.String(StripView_Details_TVShows,All) | String.IsEmpty(Skin.String(StripView_Details_TVShows))] + !$EXP[StripView_Details_Logo_IsOn] + ![$EXP[StripView_Display_IsPosters_TVShows] + String.IsEqual(Container(504).CurrentItem,1)]</visible>
		</item>
		<!-- Logo + [poster + currentitem:1 + !keyart] -->
		<item id="945">
			<description>Details (TV Shows) / All</description>
			<label>$LOCALIZE[31130] $LOCALIZE[593] $LOCALIZE[31131]</label>
			<label2>$LOCALIZE[32109] $LOCALIZE[31116] $LOCALIZE[593]</label2>
			<onclick>SetFocus(504)</onclick>
			<property name="ActionLeft">Skin.SetString(StripView_Details_TVShows,TitleAndPlot)</property>
			<property name="ActionRight">Skin.SetString(StripView_Details_TVShows,Off)</property>
			<visible>Control.IsVisible(504) + Container.Content(tvshows) + [Skin.String(StripView_Details_TVShows,All) | String.IsEmpty(Skin.String(StripView_Details_TVShows))] + $EXP[StripView_Details_Logo_IsOn] + [$EXP[StripView_Display_IsPosters_TVShows] + String.IsEqual(Container(504).CurrentItem,1) + !$EXP[StripView_Display_Keyart_IsVisible]]</visible>
		</item>
		<!-- Logo + ![poster + currentitem:1 + !keyart] -->
		<item id="946">
			<description>Details (TV Shows) / All</description>
			<label>$LOCALIZE[31130] $LOCALIZE[593] $LOCALIZE[31131]</label>
			<label2>$LOCALIZE[32109] $LOCALIZE[31116] $LOCALIZE[593]</label2>
			<onclick>SetFocus(504)</onclick>
			<property name="ActionLeft">Skin.SetString(StripView_Details_TVShows,TitleAndPlot)</property>
			<property name="ActionRight">Skin.SetString(StripView_Details_TVShows,Off)</property>
			<visible>Control.IsVisible(504) + Container.Content(tvshows) + [Skin.String(StripView_Details_TVShows,All) | String.IsEmpty(Skin.String(StripView_Details_TVShows))] + $EXP[StripView_Details_Logo_IsOn] + ![$EXP[StripView_Display_IsPosters_TVShows] + String.IsEqual(Container(504).CurrentItem,1) + !$EXP[StripView_Display_Keyart_IsVisible]]</visible>
		</item>

		<!-- SEASONS -->
		<!-- OFF -->
		<!-- Poster + CurrentItem:1 -->
		<item>
			<description>Details (Seasons) / Off</description>
			<label>$LOCALIZE[31130] $LOCALIZE[591] $LOCALIZE[31131]</label>
			<label2>$LOCALIZE[32109] $LOCALIZE[31116] $LOCALIZE[591]</label2>
			<onclick>SetFocus(504)</onclick>
			<property name="ActionLeft">Skin.SetString(StripView_Details_Seasons,All)</property>
			<property name="ActionRight">Skin.SetString(StripView_Details_Seasons,Title)</property>
			<visible>Control.IsVisible(504) + Container.Content(seasons) + Skin.String(StripView_Details_Seasons,Off) + [$EXP[StripView_Display_IsPosters_Seasons] + String.IsEqual(Container(504).CurrentItem,1)]</visible>
		</item>
		<!-- ![Poster + CurrentItem:1] -->
		<item id="943">
			<description>Details (Seasons) / Off</description>
			<label>$LOCALIZE[31130] $LOCALIZE[591] $LOCALIZE[31131]</label>
			<label2>$LOCALIZE[32109] $LOCALIZE[31116] $LOCALIZE[591]</label2>
			<onclick>SetFocus(504)</onclick>
			<property name="ActionLeft">Skin.SetString(StripView_Details_Seasons,All)</property>
			<property name="ActionRight">Skin.SetString(StripView_Details_Seasons,Title)</property>
			<visible>Control.IsVisible(504) + Container.Content(seasons) + Skin.String(StripView_Details_Seasons,Off) + ![$EXP[StripView_Display_IsPosters_Seasons] + String.IsEqual(Container(504).CurrentItem,1)]</visible>
		</item>
		<!-- TITLE -->
		<!-- [Poster + CurrentItem:1] -->
		<item>
			<description>Details (Seasons) / Title</description>
			<label>$LOCALIZE[31130] $LOCALIZE[32111] $LOCALIZE[31131]</label>
			<label2>$LOCALIZE[32109] $LOCALIZE[31116] $LOCALIZE[32111]</label2>
			<onclick>SetFocus(504)</onclick>
			<property name="ActionLeft">Skin.SetString(StripView_Details_Seasons,Off)</property>
			<property name="ActionRight">Skin.SetString(StripView_Details_Seasons,TitleAndInfo)</property>
			<visible>Control.IsVisible(504) + Container.Content(seasons) + Skin.String(StripView_Details_Seasons,Title) + [$EXP[StripView_Display_IsPosters_Seasons] + String.IsEqual(Container(504).CurrentItem,1)]</visible>
		</item>
		<!-- ![Poster + CurrentItem:1] -->
		<item id="944">
			<description>Details (Seasons) / Title</description>
			<label>$LOCALIZE[31130] $LOCALIZE[32111] $LOCALIZE[31131]</label>
			<label2>$LOCALIZE[32109] $LOCALIZE[31116] $LOCALIZE[32111]</label2>
			<onclick>SetFocus(504)</onclick>
			<property name="ActionLeft">Skin.SetString(StripView_Details_Seasons,Off)</property>
			<property name="ActionRight">Skin.SetString(StripView_Details_Seasons,TitleAndInfo)</property>
			<visible>Control.IsVisible(504) + Container.Content(seasons) + Skin.String(StripView_Details_Seasons,Title) + ![$EXP[StripView_Display_IsPosters_Seasons] + String.IsEqual(Container(504).CurrentItem,1)]</visible>
		</item>
		<!-- TITLE AND INFO -->
		<!-- ![Poster + CurrentItem:1] -->
		<item id="943">
			<description>Details (Seasons) / Title and Info</description>
			<label>$LOCALIZE[31130] $LOCALIZE[32150] $LOCALIZE[31131]</label>
			<label2>$LOCALIZE[32109] $LOCALIZE[31116] $LOCALIZE[32150]</label2>
			<onclick>SetFocus(504)</onclick>
			<property name="ActionLeft">Skin.SetString(StripView_Details_Seasons,Title)</property>
			<property name="ActionRight">Skin.SetString(StripView_Details_Seasons,TitleAndPlot)</property>
			<visible>Control.IsVisible(504) + Container.Content(seasons) + [Skin.String(StripView_Details_Seasons,TitleAndInfo) | String.IsEmpty(Skin.String(StripView_Details_Seasons))] + ![$EXP[StripView_Display_IsPosters_Seasons] + String.IsEqual(Container(504).CurrentItem,1)]</visible>
		</item>
		<!-- [Poster + CurrentItem:1] -->
		<item>
			<description>Details (Seasons) / Title and Info</description>
			<label>$LOCALIZE[31130] $LOCALIZE[32150] $LOCALIZE[31131]</label>
			<label2>$LOCALIZE[32109] $LOCALIZE[31116] $LOCALIZE[32150]</label2>
			<onclick>SetFocus(504)</onclick>
			<property name="ActionLeft">Skin.SetString(StripView_Details_Seasons,Title)</property>
			<property name="ActionRight">Skin.SetString(StripView_Details_Seasons,TitleAndPlot)</property>
			<visible>Control.IsVisible(504) + Container.Content(seasons) + [Skin.String(StripView_Details_Seasons,TitleAndInfo) | String.IsEmpty(Skin.String(StripView_Details_Seasons))] + [$EXP[StripView_Display_IsPosters_Seasons] + String.IsEqual(Container(504).CurrentItem,1)]</visible>
		</item>
		<!-- TITLE AND PLOT -->
		<item>
			<description>Details (Seasons) / Title and Plot</description>
			<label>$LOCALIZE[31130] $LOCALIZE[32151] $LOCALIZE[31131]</label>
			<label2>$LOCALIZE[32109] $LOCALIZE[31116] $LOCALIZE[32151]</label2>
			<onclick>SetFocus(504)</onclick>
			<property name="ActionLeft">Skin.SetString(StripView_Details_Seasons,TitleAndInfo)</property>
			<property name="ActionRight">Skin.SetString(StripView_Details_Seasons,All)</property>
			<visible>Control.IsVisible(504) + Container.Content(seasons) + Skin.String(StripView_Details_Seasons,TitleAndPlot)</visible>
		</item>
		<!-- ALL -->
		<!-- [poster + currentitem:1] -->
		<item>
			<description>Details (Seasons) / All</description>
			<label>$LOCALIZE[31130] $LOCALIZE[593] $LOCALIZE[31131]</label>
			<label2>$LOCALIZE[32109] $LOCALIZE[31116] $LOCALIZE[593]</label2>
			<onclick>SetFocus(504)</onclick>
			<property name="ActionLeft">Skin.SetString(StripView_Details_Seasons,TitleAndPlot)</property>
			<property name="ActionRight">Skin.SetString(StripView_Details_Seasons,Off)</property>
			<visible>Control.IsVisible(504) + Container.Content(seasons) + Skin.String(StripView_Details_Seasons,All) + [$EXP[StripView_Display_IsPosters_Seasons] + String.IsEqual(Container(504).CurrentItem,1)]</visible>
		</item>
		<!-- ![poster + currentitem:1] -->
		<item id="944">
			<description>Details (Seasons) / All</description>
			<label>$LOCALIZE[31130] $LOCALIZE[593] $LOCALIZE[31131]</label>
			<label2>$LOCALIZE[32109] $LOCALIZE[31116] $LOCALIZE[593]</label2>
			<onclick>SetFocus(504)</onclick>
			<property name="ActionLeft">Skin.SetString(StripView_Details_Seasons,TitleAndPlot)</property>
			<property name="ActionRight">Skin.SetString(StripView_Details_Seasons,Off)</property>
			<visible>Control.IsVisible(504) + Container.Content(seasons) + Skin.String(StripView_Details_Seasons,All) + ![$EXP[StripView_Display_IsPosters_Seasons] + String.IsEqual(Container(504).CurrentItem,1)]</visible>
		</item>

		<!-- EPISODES -->
		<!-- OFF -->
		<item id="943">
			<description>Details (Episodes) / Off</description>
			<label>$LOCALIZE[31130] $LOCALIZE[591] $LOCALIZE[31131]</label>
			<label2>$LOCALIZE[32109] $LOCALIZE[31116] $LOCALIZE[591]</label2>
			<onclick>SetFocus(504)</onclick>
			<property name="ActionLeft">Skin.SetString(StripView_Details_Episodes,All)</property>
			<property name="ActionRight">Skin.SetString(StripView_Details_Episodes,Title)</property>
			<visible>Control.IsVisible(504) + Container.Content(episodes) + Skin.String(StripView_Details_Episodes,Off)</visible>
		</item>
		<!-- TITLE -->
		<item id="944">
			<description>Details (Episodes) / Title</description>
			<label>$LOCALIZE[31130] $LOCALIZE[32111] $LOCALIZE[31131]</label>
			<label2>$LOCALIZE[32109] $LOCALIZE[31116] $LOCALIZE[32111]</label2>
			<onclick>SetFocus(504)</onclick>
			<property name="ActionLeft">Skin.SetString(StripView_Details_Episodes,Off)</property>
			<property name="ActionRight">Skin.SetString(StripView_Details_Episodes,TitleAndInfo)</property>
			<visible>Control.IsVisible(504) + Container.Content(episodes) + Skin.String(StripView_Details_Episodes,Title)</visible>
		</item>
		<!-- TITLE AND INFO -->
		<item id="943">
			<description>Details (Episodes) / Title and Info</description>
			<label>$LOCALIZE[31130] $LOCALIZE[32150] $LOCALIZE[31131]</label>
			<label2>$LOCALIZE[32109] $LOCALIZE[31116] $LOCALIZE[32150]</label2>
			<onclick>SetFocus(504)</onclick>
			<property name="ActionLeft">Skin.SetString(StripView_Details_Episodes,Title)</property>
			<property name="ActionRight">Skin.SetString(StripView_Details_Episodes,TitleAndPlot)</property>
			<visible>Control.IsVisible(504) + Container.Content(episodes) + Skin.String(StripView_Details_Episodes,TitleAndInfo)</visible>
		</item>
		<!-- TITLE AND PLOT -->
		<item>
			<description>Details (Episodes) / Title and Plot</description>
			<label>$LOCALIZE[31130] $LOCALIZE[32151] $LOCALIZE[31131]</label>
			<label2>$LOCALIZE[32109] $LOCALIZE[31116] $LOCALIZE[32151]</label2>
			<onclick>SetFocus(504)</onclick>
			<property name="ActionLeft">Skin.SetString(StripView_Details_Episodes,TitleAndInfo)</property>
			<property name="ActionRight">Skin.SetString(StripView_Details_Episodes,All)</property>
			<visible>Control.IsVisible(504) + Container.Content(episodes) + Skin.String(StripView_Details_Episodes,TitleAndPlot)</visible>
		</item>
		<!-- ALL -->
		<item id="944">
			<description>Details (Episodes) / All</description>
			<label>$LOCALIZE[31130] $LOCALIZE[593] $LOCALIZE[31131]</label>
			<label2>$LOCALIZE[32109] $LOCALIZE[31116] $LOCALIZE[593]</label2>
			<onclick>SetFocus(504)</onclick>
			<property name="ActionLeft">Skin.SetString(StripView_Details_Episodes,TitleAndPlot)</property>
			<property name="ActionRight">Skin.SetString(StripView_Details_Episodes,Off)</property>
			<visible>Control.IsVisible(504) + Container.Content(episodes) + [Skin.String(StripView_Details_Episodes,All) | String.IsEmpty(Skin.String(StripView_Details_Episodes))]</visible>
		</item>

		<!-- ARTISTS -->
		<!-- OFF -->
		<!-- [Square + !Logo + !Currentitem:1] -->
		<item id="942">
			<description>Details (Artists) / Off</description>
			<label>$LOCALIZE[31130] $LOCALIZE[591] $LOCALIZE[31131]</label>
			<label2>$LOCALIZE[32109] $LOCALIZE[31116] $LOCALIZE[591]</label2>
			<onclick>SetFocus(504)</onclick>
			<property name="ActionLeft">Skin.SetString(StripView_Details_Artists,All)</property>
			<property name="ActionRight">Skin.SetString(StripView_Details_Artists,Title)</property>
			<visible>Control.IsVisible(504) + Container.Content(artists) + Skin.String(StripView_Details_Artists,Off) + [$EXP[StripView_Display_IsSquare_Artists] + !$EXP[StripView_Details_Logo_IsOn] + !String.IsEqual(Container(504).CurrentItem,1)]</visible>
		</item>
		<!-- [Square + !Logo + !Currentitem:1] -->
		<item id="943">
			<description>Details (Artists) / Off</description>
			<label>$LOCALIZE[31130] $LOCALIZE[591] $LOCALIZE[31131]</label>
			<label2>$LOCALIZE[32109] $LOCALIZE[31116] $LOCALIZE[591]</label2>
			<onclick>SetFocus(504)</onclick>
			<property name="ActionLeft">Skin.SetString(StripView_Details_Artists,All)</property>
			<property name="ActionRight">Skin.SetString(StripView_Details_Artists,Title)</property>
			<visible>Control.IsVisible(504) + Container.Content(artists) + Skin.String(StripView_Details_Artists,Off) + ![$EXP[StripView_Display_IsSquare_Artists] + !$EXP[StripView_Details_Logo_IsOn] + !String.IsEqual(Container(504).CurrentItem,1)]</visible>
		</item>
		<!-- TITLE -->
		<!-- Logo -->
		<item id="949">
			<description>Details (Artists) / Title</description>
			<label>$LOCALIZE[31130] $LOCALIZE[32111] $LOCALIZE[31131]</label>
			<label2>$LOCALIZE[32109] $LOCALIZE[31116] $LOCALIZE[32111]</label2>
			<onclick>SetFocus(504)</onclick>
			<property name="ActionLeft">Skin.SetString(StripView_Details_Artists,Off)</property>
			<property name="ActionRight">Skin.SetString(StripView_Details_Artists,TitleAndInfo)</property>
			<visible>Control.IsVisible(504) + Container.Content(artists) + Skin.String(StripView_Details_Artists,Title) + $EXP[StripView_Details_Logo_IsOn]</visible>
		</item>
		<!-- !Logo -->
		<item id="944">
			<description>Details (Artists) / Title</description>
			<label>$LOCALIZE[31130] $LOCALIZE[32111] $LOCALIZE[31131]</label>
			<label2>$LOCALIZE[32109] $LOCALIZE[31116] $LOCALIZE[32111]</label2>
			<onclick>SetFocus(504)</onclick>
			<property name="ActionLeft">Skin.SetString(StripView_Details_Artists,Off)</property>
			<property name="ActionRight">Skin.SetString(StripView_Details_Artists,TitleAndInfo)</property>
			<visible>Control.IsVisible(504) + Container.Content(artists) + Skin.String(StripView_Details_Artists,Title) + !$EXP[StripView_Details_Logo_IsOn]</visible>
		</item>
		<!-- TITLE AND INFO -->
		<!-- Logo -->
		<item>
			<description>Details (Artists) / Title and Info</description>
			<label>$LOCALIZE[31130] $LOCALIZE[32150] $LOCALIZE[31131]</label>
			<label2>$LOCALIZE[32109] $LOCALIZE[31116] $LOCALIZE[32150]</label2>
			<onclick>SetFocus(504)</onclick>
			<property name="ActionLeft">Skin.SetString(StripView_Details_Artists,Title)</property>
			<property name="ActionRight">Skin.SetString(StripView_Details_Artists,TitleAndPlot)</property>
			<visible>Control.IsVisible(504) + Container.Content(artists) + [Skin.String(StripView_Details_Artists,TitleAndInfo) | String.IsEmpty(Skin.String(StripView_Details_Artists))] + $EXP[StripView_Details_Logo_IsOn]</visible>
		</item>
		<!-- !Logo -->
		<item id="943">
			<description>Details (Artists) / Title and Info</description>
			<label>$LOCALIZE[31130] $LOCALIZE[32150] $LOCALIZE[31131]</label>
			<label2>$LOCALIZE[32109] $LOCALIZE[31116] $LOCALIZE[32150]</label2>
			<onclick>SetFocus(504)</onclick>
			<property name="ActionLeft">Skin.SetString(StripView_Details_Artists,Title)</property>
			<property name="ActionRight">Skin.SetString(StripView_Details_Artists,TitleAndPlot)</property>
			<visible>Control.IsVisible(504) + Container.Content(artists) + [Skin.String(StripView_Details_Artists,TitleAndInfo) | String.IsEmpty(Skin.String(StripView_Details_Artists))] + !$EXP[StripView_Details_Logo_IsOn]</visible>
		</item>
		<!-- TITLE AND PLOT -->
		<item>
			<description>Details (Artists) / Title and Plot</description>
			<label>$LOCALIZE[31130] $LOCALIZE[32152] $LOCALIZE[31131]</label>
			<label2>$LOCALIZE[32109] $LOCALIZE[31116] $LOCALIZE[32152]</label2>
			<onclick>SetFocus(504)</onclick>
			<property name="ActionLeft">Skin.SetString(StripView_Details_Artists,TitleAndInfo)</property>
			<property name="ActionRight">Skin.SetString(StripView_Details_Artists,All)</property>
			<visible>Control.IsVisible(504) + Container.Content(artists) + Skin.String(StripView_Details_Artists,TitleAndPlot)</visible>
		</item>
		<!-- ALL -->
		<item id="946">
			<description>Details (Artists) / All</description>
			<label>$LOCALIZE[31130] $LOCALIZE[593] $LOCALIZE[31131]</label>
			<label2>$LOCALIZE[32109] $LOCALIZE[31116] $LOCALIZE[593]</label2>
			<onclick>SetFocus(504)</onclick>
			<property name="ActionLeft">Skin.SetString(StripView_Details_Artists,TitleAndPlot)</property>
			<property name="ActionRight">Skin.SetString(StripView_Details_Artists,Off)</property>
			<visible>Control.IsVisible(504) + Container.Content(artists) + Skin.String(StripView_Details_Artists,All)</visible>
		</item>

		<!-- ALBUMS -->
		<!-- OFF -->
		<item id="943">
			<description>Details (Albums) / Off</description>
			<label>$LOCALIZE[31130] $LOCALIZE[591] $LOCALIZE[31131]</label>
			<label2>$LOCALIZE[32109] $LOCALIZE[31116] $LOCALIZE[591]</label2>
			<onclick>SetFocus(504)</onclick>
			<property name="ActionLeft">Skin.SetString(StripView_Details_Albums,All)</property>
			<property name="ActionRight">Skin.SetString(StripView_Details_Albums,Title)</property>
			<visible>Control.IsVisible(504) + Container.Content(albums) + Skin.String(StripView_Details_Albums,Off)</visible>
		</item>
		<!-- TITLE -->
		<item id="944">
			<description>Details (Albums) / Title</description>
			<label>$LOCALIZE[31130] $LOCALIZE[32111] $LOCALIZE[31131]</label>
			<label2>$LOCALIZE[32109] $LOCALIZE[31116] $LOCALIZE[32111]</label2>
			<onclick>SetFocus(504)</onclick>
			<property name="ActionLeft">Skin.SetString(StripView_Details_Albums,Off)</property>
			<property name="ActionRight">Skin.SetString(StripView_Details_Albums,TitleAndInfo)</property>
			<visible>Control.IsVisible(504) + Container.Content(albums) + Skin.String(StripView_Details_Albums,Title)</visible>
		</item>
		<!-- TITLE AND INFO -->
		<item id="943">
			<description>Details (Albums) / Title and Info</description>
			<label>$LOCALIZE[31130] $LOCALIZE[32150] $LOCALIZE[31131]</label>
			<label2>$LOCALIZE[32109] $LOCALIZE[31116] $LOCALIZE[32150]</label2>
			<onclick>SetFocus(504)</onclick>
			<property name="ActionLeft">Skin.SetString(StripView_Details_Albums,Title)</property>
			<property name="ActionRight">Skin.SetString(StripView_Details_Albums,TitleAndPlot)</property>
			<visible>Control.IsVisible(504) + Container.Content(albums) + [Skin.String(StripView_Details_Albums,TitleAndInfo) | String.IsEmpty(Skin.String(StripView_Details_Albums))]</visible>
		</item>
		<!-- TITLE AND PLOT -->
		<item>
			<description>Details (Albums) / Title and Review</description>
			<label>$LOCALIZE[31130] $LOCALIZE[32153] $LOCALIZE[31131]</label>
			<label2>$LOCALIZE[32109] $LOCALIZE[31116] $LOCALIZE[32153]</label2>
			<onclick>SetFocus(504)</onclick>
			<property name="ActionLeft">Skin.SetString(StripView_Details_Albums,TitleAndInfo)</property>
			<property name="ActionRight">Skin.SetString(StripView_Details_Albums,All)</property>
			<visible>Control.IsVisible(504) + Container.Content(albums) + Skin.String(StripView_Details_Albums,TitleAndPlot)</visible>
		</item>
		<!-- ALL -->
		<item id="944">
			<description>Details (Albums) / All</description>
			<label>$LOCALIZE[31130] $LOCALIZE[593] $LOCALIZE[31131]</label>
			<label2>$LOCALIZE[32109] $LOCALIZE[31116] $LOCALIZE[593]</label2>
			<onclick>SetFocus(504)</onclick>
			<property name="ActionLeft">Skin.SetString(StripView_Details_Albums,TitleAndPlot)</property>
			<property name="ActionRight">Skin.SetString(StripView_Details_Albums,Off)</property>
			<visible>Control.IsVisible(504) + Container.Content(albums) + Skin.String(StripView_Details_Albums,All)</visible>
		</item>

		<!-- STRIPVIEW LOGO -->

		<!-- MOVIES -->
		<!-- Off -->
		<!-- [Keyart | Title + [Poster + !Currentitem:1 | Fanart]] -->
		<item id="942">
			<description>Movie logos / Off</description>
			<label>$LOCALIZE[31130] $LOCALIZE[591] $LOCALIZE[31131]</label>
			<label2>$LOCALIZE[32112] $LOCALIZE[31116] $LOCALIZE[591]</label2>
			<onclick>SetFocus(504)</onclick>
			<property name="ActionLeft">Skin.SetString(StripView_Logo_Movies,On)</property>
			<property name="ActionRight">Skin.SetString(StripView_Logo_Movies,On)</property>
			<visible>Control.IsVisible(504) + Container.Content(movies) + !$EXP[StripView_Details_Off_Movies] + [Skin.String(StripView_Logo_Movies,Off) | String.IsEmpty(Skin.String(StripView_Logo_Movies))] + [$EXP[StripView_Display_Keyart_IsVisible] | Skin.String(StripView_Details_Movies,Title) + [$EXP[StripView_Display_IsPosters_Movies] + !String.IsEqual(Container(504).CurrentItem,1) | $EXP[StripView_Display_IsFanart_Movies]]]</visible>
		</item>
		<!-- ![Keyart | Title + [Poster + !Currentitem:1 | Fanart]] -->
		<item>
			<description>Movie logos / Off</description>
			<label>$LOCALIZE[31130] $LOCALIZE[591] $LOCALIZE[31131]</label>
			<label2>$LOCALIZE[32112] $LOCALIZE[31116] $LOCALIZE[591]</label2>
			<onclick>SetFocus(504)</onclick>
			<property name="ActionLeft">Skin.SetString(StripView_Logo_Movies,On)</property>
			<property name="ActionRight">Skin.SetString(StripView_Logo_Movies,On)</property>
			<visible>Control.IsVisible(504) + Container.Content(movies) + !$EXP[StripView_Details_Off_Movies] + [Skin.String(StripView_Logo_Movies,Off) | String.IsEmpty(Skin.String(StripView_Logo_Movies))] + ![$EXP[StripView_Display_Keyart_IsVisible] | Skin.String(StripView_Details_Movies,Title) + [$EXP[StripView_Display_IsPosters_Movies] + !String.IsEqual(Container(504).CurrentItem,1) | $EXP[StripView_Display_IsFanart_Movies]]]</visible>
		</item>
		<!-- ON -->
		<!-- [Keyart | Title + [Poster + !Currentitem:1 | Fanart]] -->
		<item id="942">
			<description>Movie logos / On</description>
			<label>$LOCALIZE[31130] $LOCALIZE[34222] $LOCALIZE[31131]</label>
			<label2>$LOCALIZE[32112] $LOCALIZE[31116] $LOCALIZE[34222]</label2>
			<onclick>SetFocus(504)</onclick>
			<property name="ActionLeft">Skin.SetString(StripView_Logo_Movies,Off)</property>
			<property name="ActionRight">Skin.SetString(StripView_Logo_Movies,Off)</property>
			<visible>Control.IsVisible(504) + Container.Content(movies) + !$EXP[StripView_Details_Off_Movies] + Skin.String(StripView_Logo_Movies,On) + [$EXP[StripView_Display_Keyart_IsVisible] | Skin.String(StripView_Details_Movies,Title) + [$EXP[StripView_Display_IsPosters_Movies] + !String.IsEqual(Container(504).CurrentItem,1) | $EXP[StripView_Display_IsFanart_Movies]]]</visible>
		</item>
		<!-- ![Keyart | Title + [Poster + !Currentitem:1 | Fanart]] -->
		<item>
			<description>Movie logos / On</description>
			<label>$LOCALIZE[31130] $LOCALIZE[34222] $LOCALIZE[31131]</label>
			<label2>$LOCALIZE[32112] $LOCALIZE[31116] $LOCALIZE[34222]</label2>
			<onclick>SetFocus(504)</onclick>
			<property name="ActionLeft">Skin.SetString(StripView_Logo_Movies,Off)</property>
			<property name="ActionRight">Skin.SetString(StripView_Logo_Movies,Off)</property>
			<visible>Control.IsVisible(504) + Container.Content(movies) + !$EXP[StripView_Details_Off_Movies] + Skin.String(StripView_Logo_Movies,On) + ![$EXP[StripView_Display_Keyart_IsVisible] | Skin.String(StripView_Details_Movies,Title) + [$EXP[StripView_Display_IsPosters_Movies] + !String.IsEqual(Container(504).CurrentItem,1) | $EXP[StripView_Display_IsFanart_Movies]]]</visible>
		</item>

		<!-- SETS -->
		<!-- Off -->
		<!-- [Keyart | Title + [Poster + !Currentitem:1 | Fanart]] -->
		<item id="942">
			<description>Movie logos / Off</description>
			<label>$LOCALIZE[31130] $LOCALIZE[591] $LOCALIZE[31131]</label>
			<label2>$LOCALIZE[32112] $LOCALIZE[31116] $LOCALIZE[591]</label2>
			<onclick>SetFocus(504)</onclick>
			<property name="ActionLeft">Skin.SetString(StripView_Logo_Sets,On)</property>
			<property name="ActionRight">Skin.SetString(StripView_Logo_Sets,On)</property>
			<visible>Control.IsVisible(504) + Container.Content(sets) + !$EXP[StripView_Details_Off_Sets] + [Skin.String(StripView_Logo_Sets,Off) | String.IsEmpty(Skin.String(StripView_Logo_Sets))] + [$EXP[StripView_Display_Keyart_IsVisible] | Skin.String(StripView_Details_Sets,Title) + [$EXP[StripView_Display_IsPosters_Sets] + !String.IsEqual(Container(504).CurrentItem,1) | $EXP[StripView_Display_IsFanart_Sets]]]</visible>
		</item>
		<!-- ![Keyart | Title + [Poster + !Currentitem:1 | Fanart]] -->
		<item>
			<description>Movie logos / Off</description>
			<label>$LOCALIZE[31130] $LOCALIZE[591] $LOCALIZE[31131]</label>
			<label2>$LOCALIZE[32112] $LOCALIZE[31116] $LOCALIZE[591]</label2>
			<onclick>SetFocus(504)</onclick>
			<property name="ActionLeft">Skin.SetString(StripView_Logo_Sets,On)</property>
			<property name="ActionRight">Skin.SetString(StripView_Logo_Sets,On)</property>
			<visible>Control.IsVisible(504) + Container.Content(sets) + !$EXP[StripView_Details_Off_Sets] + [Skin.String(StripView_Logo_Sets,Off) | String.IsEmpty(Skin.String(StripView_Logo_Sets))] + ![$EXP[StripView_Display_Keyart_IsVisible] | Skin.String(StripView_Details_Sets,Title) + [$EXP[StripView_Display_IsPosters_Sets] + !String.IsEqual(Container(504).CurrentItem,1) | $EXP[StripView_Display_IsFanart_Sets]]]</visible>
		</item>
		<!-- ON -->
		<!-- [Keyart | Title + [Poster + !Currentitem:1 | Fanart]] -->
		<item id="942">
			<description>Movie logos / On</description>
			<label>$LOCALIZE[31130] $LOCALIZE[34222] $LOCALIZE[31131]</label>
			<label2>$LOCALIZE[32112] $LOCALIZE[31116] $LOCALIZE[34222]</label2>
			<onclick>SetFocus(504)</onclick>
			<property name="ActionLeft">Skin.SetString(StripView_Logo_Sets,Off)</property>
			<property name="ActionRight">Skin.SetString(StripView_Logo_Sets,Off)</property>
			<visible>Control.IsVisible(504) + Container.Content(sets) + !$EXP[StripView_Details_Off_Sets] + Skin.String(StripView_Logo_Sets,On) + [$EXP[StripView_Display_Keyart_IsVisible] | Skin.String(StripView_Details_Sets,Title) + [$EXP[StripView_Display_IsPosters_Sets] + !String.IsEqual(Container(504).CurrentItem,1) | $EXP[StripView_Display_IsFanart_Sets]]]</visible>
		</item>
		<!-- ![Keyart | Title + [Poster + !Currentitem:1 | Fanart]] -->
		<item>
			<description>Movie logos / On</description>
			<label>$LOCALIZE[31130] $LOCALIZE[34222] $LOCALIZE[31131]</label>
			<label2>$LOCALIZE[32112] $LOCALIZE[31116] $LOCALIZE[34222]</label2>
			<onclick>SetFocus(504)</onclick>
			<property name="ActionLeft">Skin.SetString(StripView_Logo_Sets,Off)</property>
			<property name="ActionRight">Skin.SetString(StripView_Logo_Sets,Off)</property>
			<visible>Control.IsVisible(504) + Container.Content(sets) + !$EXP[StripView_Details_Off_Sets] + Skin.String(StripView_Logo_Sets,On) + ![$EXP[StripView_Display_Keyart_IsVisible] | Skin.String(StripView_Details_Sets,Title) + [$EXP[StripView_Display_IsPosters_Sets] + !String.IsEqual(Container(504).CurrentItem,1) | $EXP[StripView_Display_IsFanart_Sets]]]</visible>
		</item>

		<!-- TVSHOWS -->
		<!-- Off -->
		<!-- [Keyart | Title + [Poster + !Currentitem:1 | Fanart]] -->
		<item id="942">
			<description>Movie logos / Off</description>
			<label>$LOCALIZE[31130] $LOCALIZE[591] $LOCALIZE[31131]</label>
			<label2>$LOCALIZE[32112] $LOCALIZE[31116] $LOCALIZE[591]</label2>
			<onclick>SetFocus(504)</onclick>
			<property name="ActionLeft">Skin.SetString(StripView_Logo_TVShows,On)</property>
			<property name="ActionRight">Skin.SetString(StripView_Logo_TVShows,On)</property>
			<visible>Control.IsVisible(504) + Container.Content(tvshows) + !$EXP[StripView_Details_Off_TVShows] + [Skin.String(StripView_Logo_TVShows,Off) | String.IsEmpty(Skin.String(StripView_Logo_TVShows))] + [$EXP[StripView_Display_Keyart_IsVisible] | Skin.String(StripView_Details_TVShows,Title) + [$EXP[StripView_Display_IsPosters_TVShows] + !String.IsEqual(Container(504).CurrentItem,1) | $EXP[StripView_Display_IsFanart_TVShows]]]</visible>
		</item>
		<!-- ![Keyart | Title + [Poster + !Currentitem:1 | Fanart]] -->
		<item>
			<description>Movie logos / Off</description>
			<label>$LOCALIZE[31130] $LOCALIZE[591] $LOCALIZE[31131]</label>
			<label2>$LOCALIZE[32112] $LOCALIZE[31116] $LOCALIZE[591]</label2>
			<onclick>SetFocus(504)</onclick>
			<property name="ActionLeft">Skin.SetString(StripView_Logo_TVShows,On)</property>
			<property name="ActionRight">Skin.SetString(StripView_Logo_TVShows,On)</property>
			<visible>Control.IsVisible(504) + Container.Content(tvshows) + !$EXP[StripView_Details_Off_TVShows] + [Skin.String(StripView_Logo_TVShows,Off) | String.IsEmpty(Skin.String(StripView_Logo_TVShows))] + ![$EXP[StripView_Display_Keyart_IsVisible] | Skin.String(StripView_Details_TVShows,Title) + [$EXP[StripView_Display_IsPosters_TVShows] + !String.IsEqual(Container(504).CurrentItem,1) | $EXP[StripView_Display_IsFanart_TVShows]]]</visible>
		</item>
		<!-- ON -->
		<!-- [Keyart | Title + [Poster + !Currentitem:1 | Fanart]] -->
		<item id="942">
			<description>Movie logos / On</description>
			<label>$LOCALIZE[31130] $LOCALIZE[34222] $LOCALIZE[31131]</label>
			<label2>$LOCALIZE[32112] $LOCALIZE[31116] $LOCALIZE[34222]</label2>
			<onclick>SetFocus(504)</onclick>
			<property name="ActionLeft">Skin.SetString(StripView_Logo_TVShows,Off)</property>
			<property name="ActionRight">Skin.SetString(StripView_Logo_TVShows,Off)</property>
			<visible>Control.IsVisible(504) + Container.Content(tvshows) + !$EXP[StripView_Details_Off_TVShows] + Skin.String(StripView_Logo_TVShows,On) + [$EXP[StripView_Display_Keyart_IsVisible] | Skin.String(StripView_Details_TVShows,Title) + [$EXP[StripView_Display_IsPosters_TVShows] + !String.IsEqual(Container(504).CurrentItem,1) | $EXP[StripView_Display_IsFanart_TVShows]]]</visible>
		</item>
		<!-- ![Keyart | Title + [Poster + !Currentitem:1 | Fanart]] -->
		<item>
			<description>Movie logos / On</description>
			<label>$LOCALIZE[31130] $LOCALIZE[34222] $LOCALIZE[31131]</label>
			<label2>$LOCALIZE[32112] $LOCALIZE[31116] $LOCALIZE[34222]</label2>
			<onclick>SetFocus(504)</onclick>
			<property name="ActionLeft">Skin.SetString(StripView_Logo_TVShows,Off)</property>
			<property name="ActionRight">Skin.SetString(StripView_Logo_TVShows,Off)</property>
			<visible>Control.IsVisible(504) + Container.Content(tvshows) + !$EXP[StripView_Details_Off_TVShows] + Skin.String(StripView_Logo_TVShows,On) + ![$EXP[StripView_Display_Keyart_IsVisible] | Skin.String(StripView_Details_TVShows,Title) + [$EXP[StripView_Display_IsPosters_TVShows] + !String.IsEqual(Container(504).CurrentItem,1) | $EXP[StripView_Display_IsFanart_TVShows]]]</visible>
		</item>

		<!-- ARTISTS -->
		<!-- OFF -->
		<!-- Title -->
		<item id="942">
			<description>Artist logos/ Off</description>
			<label>$LOCALIZE[31130] $LOCALIZE[591] $LOCALIZE[31131]</label>
			<label2>Logos/ $LOCALIZE[591]</label2>
			<onclick>SetFocus(504)</onclick>
			<property name="ActionLeft">Skin.SetString(StripView_Logo_Artists,On)</property>
			<property name="ActionRight">Skin.SetString(StripView_Logo_Artists,On)</property>
			<visible>Control.IsVisible(504) + Container.Content(artists) + !$EXP[StripView_Details_Off_Artists] + [Skin.String(StripView_Logo_Artists,Off) | String.IsEmpty(Skin.String(StripView_Logo_Artists))] + $EXP[StripView_Details_Title_Artists]</visible>
		</item>
		<!-- !Title -->
		<item>
			<description>Artist logos/ Off</description>
			<label>$LOCALIZE[31130] $LOCALIZE[591] $LOCALIZE[31131]</label>
			<label2>Logos/ $LOCALIZE[591]</label2>
			<onclick>SetFocus(504)</onclick>
			<property name="ActionLeft">Skin.SetString(StripView_Logo_Artists,On)</property>
			<property name="ActionRight">Skin.SetString(StripView_Logo_Artists,On)</property>
			<visible>Control.IsVisible(504) + Container.Content(artists) + !$EXP[StripView_Details_Off_Artists] + [Skin.String(StripView_Logo_Artists,Off) | String.IsEmpty(Skin.String(StripView_Logo_Artists))] + !$EXP[StripView_Details_Title_Artists]</visible>
		</item>
		<!-- ON -->
		<!-- Title -->
		<item id="942">
			<description>Artist logos/ On</description>
			<label>$LOCALIZE[31130] $LOCALIZE[34222] $LOCALIZE[31131]</label>
			<label2>Logos/ $LOCALIZE[34222]</label2>
			<onclick>SetFocus(504)</onclick>
			<property name="ActionLeft">Skin.SetString(StripView_Logo_Artists,Off)</property>
			<property name="ActionRight">Skin.SetString(StripView_Logo_Artists,Off)</property>
			<visible>Control.IsVisible(504) + Container.Content(artists) + !$EXP[StripView_Details_Off_Artists] + Skin.String(StripView_Logo_Artists,On) + $EXP[StripView_Details_Title_Artists]</visible>
		</item>
		<!-- !Title -->
		<item>
			<description>Artist logos/ On</description>
			<label>$LOCALIZE[31130] $LOCALIZE[34222] $LOCALIZE[31131]</label>
			<label2>Logos/ $LOCALIZE[34222]</label2>
			<onclick>SetFocus(504)</onclick>
			<property name="ActionLeft">Skin.SetString(StripView_Logo_Artists,Off)</property>
			<property name="ActionRight">Skin.SetString(StripView_Logo_Artists,Off)</property>
			<visible>Control.IsVisible(504) + Container.Content(artists) + !$EXP[StripView_Details_Off_Artists] + Skin.String(StripView_Logo_Artists,On) + !$EXP[StripView_Details_Title_Artists]</visible>
		</item>

		<!-- STRIPVIEW FLAGS -->

		<!-- MOVIES -->
		<item>
			<description>Movie flags / Off</description>
			<label>$LOCALIZE[31130] $LOCALIZE[591] $LOCALIZE[31131]</label>
			<label2>$LOCALIZE[32115] $LOCALIZE[31116] $LOCALIZE[591]</label2>
			<onclick>SetFocus(504)</onclick>
			<property name="ActionLeft">Skin.SetString(StripView_Flags_Movies,All)</property>
			<property name="ActionRight">Skin.SetString(StripView_Flags_Movies,Studio)</property>
			<visible>Control.IsVisible(504) + Container.Content(movies) + Skin.String(StripView_Flags_Movies,Off)</visible>
		</item>
		<item>
			<description>Movie flags / Studio</description>
			<label>$LOCALIZE[31130] $LOCALIZE[32116] $LOCALIZE[31131]</label>
			<label2>$LOCALIZE[32115] $LOCALIZE[31116] $LOCALIZE[32116]</label2>
			<onclick>SetFocus(504)</onclick>
			<property name="ActionLeft">Skin.SetString(StripView_Flags_Movies,Off)</property>
			<property name="ActionRight">Skin.SetString(StripView_Flags_Movies,Rating)</property>
			<visible>Control.IsVisible(504) + Container.Content(movies) + Skin.String(StripView_Flags_Movies,Studio)</visible>
		</item>
		<item>
			<description>Movie flags / Age Rating</description>
			<label>$LOCALIZE[31130] $LOCALIZE[32117] $LOCALIZE[31131]</label>
			<label2>$LOCALIZE[32115] $LOCALIZE[31116] $LOCALIZE[32117]</label2>
			<onclick>SetFocus(504)</onclick>
			<property name="ActionLeft">Skin.SetString(StripView_Flags_Movies,Studio)</property>
			<property name="ActionRight">Skin.SetString(StripView_Flags_Movies,All)</property>
			<visible>Control.IsVisible(504) + Container.Content(movies) + Skin.String(StripView_Flags_Movies,Rating)</visible>
		</item>
		<item>
			<description>Movie flags / All</description>
			<label>$LOCALIZE[31130] $LOCALIZE[593] $LOCALIZE[31131]</label>
			<label2>$LOCALIZE[32115] $LOCALIZE[31116] $LOCALIZE[593]</label2>
			<onclick>SetFocus(504)</onclick>
			<property name="ActionLeft">Skin.SetString(StripView_Flags_Movies,Rating)</property>
			<property name="ActionRight">Skin.SetString(StripView_Flags_Movies,Off)</property>
			<visible>Control.IsVisible(504) + Container.Content(movies) + [Skin.String(StripView_Flags_Movies,All) | String.IsEmpty(Skin.String(StripView_Flags_Movies))]</visible>
		</item>

		<!-- SETS -->
		<item>
			<description>Set flags / Off</description>
			<label>$LOCALIZE[31130] $LOCALIZE[591] $LOCALIZE[31131]</label>
			<label2>$LOCALIZE[32115] $LOCALIZE[31116] $LOCALIZE[591]</label2>
			<onclick>SetFocus(504)</onclick>
			<property name="ActionLeft">Skin.SetString(StripView_Flags_Sets,All)</property>
			<property name="ActionRight">Skin.SetString(StripView_Flags_Sets,Studio)</property>
			<visible>Control.IsVisible(504) + Container.Content(sets) + Skin.String(StripView_Flags_Sets,Off)</visible>
		</item>
		<item>
			<description>Set flags / Studio</description>
			<label>$LOCALIZE[31130] $LOCALIZE[32116] $LOCALIZE[31131]</label>
			<label2>$LOCALIZE[32115] $LOCALIZE[31116] $LOCALIZE[32116]</label2>
			<onclick>SetFocus(504)</onclick>
			<property name="ActionLeft">Skin.SetString(StripView_Flags_Sets,Off)</property>
			<property name="ActionRight">Skin.SetString(StripView_Flags_Sets,Rating)</property>
			<visible>Control.IsVisible(504) + Container.Content(sets) + Skin.String(StripView_Flags_Sets,Studio)</visible>
		</item>
		<item>
			<description>Set flags / Age Rating</description>
			<label>$LOCALIZE[31130] $LOCALIZE[32117] $LOCALIZE[31131]</label>
			<label2>$LOCALIZE[32115] $LOCALIZE[31116] $LOCALIZE[32117]</label2>
			<onclick>SetFocus(504)</onclick>
			<property name="ActionLeft">Skin.SetString(StripView_Flags_Sets,Studio)</property>
			<property name="ActionRight">Skin.SetString(StripView_Flags_Sets,All)</property>
			<visible>Control.IsVisible(504) + Container.Content(sets) + Skin.String(StripView_Flags_Sets,Rating)</visible>
		</item>
		<item>
			<description>Set flags / All</description>
			<label>$LOCALIZE[31130] $LOCALIZE[593] $LOCALIZE[31131]</label>
			<label2>$LOCALIZE[32115] $LOCALIZE[31116] $LOCALIZE[593]</label2>
			<onclick>SetFocus(504)</onclick>
			<property name="ActionLeft">Skin.SetString(StripView_Flags_Sets,Rating)</property>
			<property name="ActionRight">Skin.SetString(StripView_Flags_Sets,Off)</property>
			<visible>Control.IsVisible(504) + Container.Content(sets) + [Skin.String(StripView_Flags_Sets,All) | String.IsEmpty(Skin.String(StripView_Flags_Sets))]</visible>
		</item>

		<!-- TVSHOWS -->
		<item>
			<description>TV show flags / Off</description>
			<label>$LOCALIZE[31130] $LOCALIZE[591] $LOCALIZE[31131]</label>
			<label2>$LOCALIZE[32115] $LOCALIZE[31116] $LOCALIZE[591]</label2>
			<onclick>SetFocus(504)</onclick>
			<property name="ActionLeft">Skin.SetString(StripView_Flags_TVShows,All)</property>
			<property name="ActionRight">Skin.SetString(StripView_Flags_TVShows,Studio)</property>
			<visible>Control.IsVisible(504) + Container.Content(tvshows) + Skin.String(StripView_Flags_TVShows,Off)</visible>
		</item>
		<item>
			<description>TV show flags / Studio</description>
			<label>$LOCALIZE[31130] $LOCALIZE[32116] $LOCALIZE[31131]</label>
			<label2>$LOCALIZE[32115] $LOCALIZE[31116] $LOCALIZE[32116]</label2>
			<onclick>SetFocus(504)</onclick>
			<property name="ActionLeft">Skin.SetString(StripView_Flags_TVShows,Off)</property>
			<property name="ActionRight">Skin.SetString(StripView_Flags_TVShows,Rating)</property>
			<visible>Control.IsVisible(504) + Container.Content(tvshows) + Skin.String(StripView_Flags_TVShows,Studio)</visible>
		</item>
		<item>
			<description>TV show flags / Age Rating</description>
			<label>$LOCALIZE[31130] $LOCALIZE[32117] $LOCALIZE[31131]</label>
			<label2>$LOCALIZE[32115] $LOCALIZE[31116] $LOCALIZE[32117]</label2>
			<onclick>SetFocus(504)</onclick>
			<property name="ActionLeft">Skin.SetString(StripView_Flags_TVShows,Studio)</property>
			<property name="ActionRight">Skin.SetString(StripView_Flags_TVShows,All)</property>
			<visible>Control.IsVisible(504) + Container.Content(tvshows) + Skin.String(StripView_Flags_TVShows,Rating)</visible>
		</item>
		<item>
			<description>TV show flags / All</description>
			<label>$LOCALIZE[31130] $LOCALIZE[593] $LOCALIZE[31131]</label>
			<label2>$LOCALIZE[32115] $LOCALIZE[31116] $LOCALIZE[593]</label2>
			<onclick>SetFocus(504)</onclick>
			<property name="ActionLeft">Skin.SetString(StripView_Flags_TVShows,Rating)</property>
			<property name="ActionRight">Skin.SetString(StripView_Flags_TVShows,Off)</property>
			<visible>Control.IsVisible(504) + Container.Content(tvshows) + [Skin.String(StripView_Flags_TVShows,All) | String.IsEmpty(Skin.String(StripView_Flags_TVShows))]</visible>
		</item>

		<!-- SEASONS -->
		<item>
			<description>Season flags / Off</description>
			<label>$LOCALIZE[31130] $LOCALIZE[591] $LOCALIZE[31131]</label>
			<label2>$LOCALIZE[32115] $LOCALIZE[31116] $LOCALIZE[591]</label2>
			<onclick>SetFocus(504)</onclick>
			<property name="ActionLeft">Skin.SetString(StripView_Flags_Seasons,All)</property>
			<property name="ActionRight">Skin.SetString(StripView_Flags_Seasons,Studio)</property>
			<visible>Control.IsVisible(504) + Container.Content(seasons) + Skin.String(StripView_Flags_Seasons,Off)</visible>
		</item>
		<item>
			<description>Season flags / Studio</description>
			<label>$LOCALIZE[31130] $LOCALIZE[32116] $LOCALIZE[31131]</label>
			<label2>$LOCALIZE[32115] $LOCALIZE[31116] $LOCALIZE[32116]</label2>
			<onclick>SetFocus(504)</onclick>
			<property name="ActionLeft">Skin.SetString(StripView_Flags_Seasons,Off)</property>
			<property name="ActionRight">Skin.SetString(StripView_Flags_Seasons,Rating)</property>
			<visible>Control.IsVisible(504) + Container.Content(seasons) + Skin.String(StripView_Flags_Seasons,Studio)</visible>
		</item>
		<item>
			<description>Season flags / Age Rating</description>
			<label>$LOCALIZE[31130] $LOCALIZE[32117] $LOCALIZE[31131]</label>
			<label2>$LOCALIZE[32115] $LOCALIZE[31116] $LOCALIZE[32117]</label2>
			<onclick>SetFocus(504)</onclick>
			<property name="ActionLeft">Skin.SetString(StripView_Flags_Seasons,Studio)</property>
			<property name="ActionRight">Skin.SetString(StripView_Flags_Seasons,All)</property>
			<visible>Control.IsVisible(504) + Container.Content(seasons) + Skin.String(StripView_Flags_Seasons,Rating)</visible>
		</item>
		<item>
			<description>Season flags / All</description>
			<label>$LOCALIZE[31130] $LOCALIZE[593] $LOCALIZE[31131]</label>
			<label2>$LOCALIZE[32115] $LOCALIZE[31116] $LOCALIZE[593]</label2>
			<onclick>SetFocus(504)</onclick>
			<property name="ActionLeft">Skin.SetString(StripView_Flags_Seasons,Rating)</property>
			<property name="ActionRight">Skin.SetString(StripView_Flags_Seasons,Off)</property>
			<visible>Control.IsVisible(504) + Container.Content(seasons) + [Skin.String(StripView_Flags_Seasons,All) | String.IsEmpty(Skin.String(StripView_Flags_Seasons))]</visible>
		</item>

		<!-- EPISODES -->
		<item>
			<description>Episode flags / Off</description>
			<label>$LOCALIZE[31130] $LOCALIZE[591] $LOCALIZE[31131]</label>
			<label2>$LOCALIZE[32115] $LOCALIZE[31116] $LOCALIZE[591]</label2>
			<onclick>SetFocus(504)</onclick>
			<property name="ActionLeft">Skin.SetString(StripView_Flags_Episodes,All)</property>
			<property name="ActionRight">Skin.SetString(StripView_Flags_Episodes,Studio)</property>
			<visible>Control.IsVisible(504) + Container.Content(episodes) + Skin.String(StripView_Flags_Episodes,Off)</visible>
		</item>
		<item>
			<description>Episode flags / Studio</description>
			<label>$LOCALIZE[31130] $LOCALIZE[32116] $LOCALIZE[31131]</label>
			<label2>$LOCALIZE[32115] $LOCALIZE[31116] $LOCALIZE[32116]</label2>
			<onclick>SetFocus(504)</onclick>
			<property name="ActionLeft">Skin.SetString(StripView_Flags_Episodes,Off)</property>
			<property name="ActionRight">Skin.SetString(StripView_Flags_Episodes,Rating)</property>
			<visible>Control.IsVisible(504) + Container.Content(episodes) + Skin.String(StripView_Flags_Episodes,Studio)</visible>
		</item>
		<item>
			<description>Episode flags / Age Rating</description>
			<label>$LOCALIZE[31130] $LOCALIZE[32117] $LOCALIZE[31131]</label>
			<label2>$LOCALIZE[32115] $LOCALIZE[31116] $LOCALIZE[32117]</label2>
			<onclick>SetFocus(504)</onclick>
			<property name="ActionLeft">Skin.SetString(StripView_Flags_Episodes,Studio)</property>
			<property name="ActionRight">Skin.SetString(StripView_Flags_Episodes,All)</property>
			<visible>Control.IsVisible(504) + Container.Content(episodes) + Skin.String(StripView_Flags_Episodes,Rating)</visible>
		</item>
		<item>
			<description>Episode flags / All</description>
			<label>$LOCALIZE[31130] $LOCALIZE[593] $LOCALIZE[31131]</label>
			<label2>$LOCALIZE[32115] $LOCALIZE[31116] $LOCALIZE[593]</label2>
			<onclick>SetFocus(504)</onclick>
			<property name="ActionLeft">Skin.SetString(StripView_Flags_Episodes,Rating)</property>
			<property name="ActionRight">Skin.SetString(StripView_Flags_Episodes,Off)</property>
			<visible>Control.IsVisible(504) + Container.Content(episodes) + [Skin.String(StripView_Flags_Episodes,All) | String.IsEmpty(Skin.String(StripView_Flags_Episodes))]</visible>
		</item>
	</include>

</includes>
