<?xml version="1.0" encoding="UTF-8"?>
<window>
	<!-- programs -->
	<onload condition="!String.Contains(Control.GetLabel(8),*) | String.IsEmpty(Skin.String(AddonBroken))">Skin.SetString(AddonBroken,off)</onload>
	<onunload>ClearProperty(OptionsMenu,home)</onunload>
	<onunload>ClearProperty(Scrollbars,home)</onunload>
	<views>50,505</views>
	<defaultcontrol always="true">50</defaultcontrol>
	<menucontrol>3000</menucontrol>
	<backgroundcolor>$VAR[Secondary_Color]</backgroundcolor>
	<include>My_Window_Fade_Animation</include>
	<controls>
		<include content="MyViews_Hidden_Controls"/>
		<include content="MyViews_Addons"/>
		<include content="MyViews_Options_Menu"/>
	</controls>
</window>
