<?xml version="1.0" encoding="UTF-8"?>
<window>
	<defaultcontrol always="true">3012</defaultcontrol>
	<onload>Dialog.Close(fullscreeninfo,true)</onload>
	<onload>Dialog.Close(videoosd,true)</onload>
	<onload>Dialog.Close(videoosd,true)</onload>
	<onload>SetProperty(UpNext,true,home)</onload>
	<onunload>ClearProperty(Upnext,home)</onunload>
	<include>Delayed_Dialog_Fade_Animation</include>
	<controls>

		<include content="Script_UpNext_Layout">
			<param name="breadcrumb_title_label" value="$ADDON[service.upnext 30006]"/>
			<param name="breadcrumb_info_label_visible" value="true"/>
			<param name="breadcrumb_info_label" value="$VAR[Script-UpNext_Info_Label]"/>
			<param name="show_icon" value="true"/>
		</include>

	</controls>
</window>
