<includes>

	<include name="Scrollbars">
		<param name="visible" default="true"/>
		<param name="scrollbartype" default="Default"/>
		<param name="right"/>
		<param name="bottom"/>
		<param name="width"/>
		<param name="height"/>
		<param name="onleft"/>
		<param name="onright"/>
		<param name="onright_fallback"/>
		<param name="onup"/>
		<param name="ondown"/>
		<param name="ondown_fallback"/>
		<param name="orientation"/>
		<definition>
			<include content="Jump_Button_$PARAM[orientation]"/>
			<control type="group">
				<nested/>
				<visible>$PARAM[visible]</visible>
				<right>$PARAM[right]</right>
				<bottom>$PARAM[bottom]</bottom>
				<width>$PARAM[width]</width>
				<height>$PARAM[height]</height>
				<control type="scrollbar" id="60">
					<visible allowhiddenfocus="true">Container.Scrolling | Control.HasFocus(60) | Control.HasFocus(63)</visible>
					<include>Scrollbar_Fade_Animation</include>
					<onleft>$PARAM[onleft]</onleft>
					<onright condition="$EXP[SortLetter_Enabled]">$PARAM[onright]</onright>
					<onright condition="!$EXP[SortLetter_Enabled]">$PARAM[onright)fallback]</onright>
					<onup>$PARAM[onup]</onup>
					<ondown condition="$EXP[SortLetter_Enabled]">$PARAM[ondown]</ondown>
					<ondown condition="!$EXP[SortLetter_Enabled]">$PARAM[ondown_fallback]</ondown>
					<onback>62</onback>
					<showonepage>false</showonepage>
					<orientation>$PARAM[orientation]</orientation>
					<texturesliderbackground colordiffuse="$VAR[List_Scroll_Background_Color]">views/white_100.png</texturesliderbackground>
					<texturesliderbar colordiffuse="$VAR[List_Scroll_Background_Color]">views/white_100.png</texturesliderbar>
					<texturesliderbarfocus colordiffuse="$VAR[List_Scroll_Focused_Color]">views/white_100.png</texturesliderbarfocus>
					<textureslidernib></textureslidernib>
					<textureslidernibfocus></textureslidernibfocus>
				</control>
				<control type="group">
					<animation effect="slide" end="-12" time="0" condition="$EXP[ListView_IsVisible] | $EXP[GridView_IsVisible]">Conditional</animation>
					<animation effect="slide" end="0,-12" time="0" condition="![$EXP[ListView_IsVisible] | $EXP[GridView_IsVisible]]">Conditional</animation>
					<include>Jump_Icon_Slides_$PARAM[scrollbartype]_$PARAM[orientation]</include>
					<visible>Container.Scrolling | Control.HasFocus(60) | Control.HasFocus(63)</visible>
					<visible>$EXP[SortLetter_Enabled] + !String.IsEmpty(ListItem.SortLetter)</visible>
					<include>Scrollbar_Fade_Animation</include>
					<width>30</width>
					<height>30</height>
					<left>0</left>
					<top>0</top>
					<control type="image">
						<texture colordiffuse="$VAR[SortLetter_Background_Color]">views/white_100.png</texture>
					</control>
					<control type="label">
						<width>100%</width>
						<height>100%</height>
						<align>center</align>
						<aligny>center</aligny>
						<font>Unwatched_Indicator</font>
						<textcolor>$VAR[SortLetter_Label_Color]</textcolor>
						<label>$INFO[ListItem.SortLetter]</label>
					</control>
				</control>
			</control>
		</definition>
	</include>

	<include name="Jump_Button_horizontal">
		<control type="button" id="63">
			<visible allowhiddenfocus="true">false</visible>
			<onleft>SetFocus(50)</onleft>
			<onleft>Action(PrevLetter)</onleft>
			<onleft>SetFocus(63)</onleft>
			<onright>SetFocus(50)</onright>
			<onright>Action(NextLetter)</onright>
			<onright>SetFocus(63)</onright>
			<onup>SetFocus(50)</onup>
			<ondown>SetFocus(3000,0)</ondown>
		</control>
	</include>

	<include name="Jump_Button_vertical">
		<control type="button" id="63">
			<visible allowhiddenfocus="true">false</visible>
			<onup>SetFocus(50)</onup>
			<onup>Action(PrevLetter)</onup>
			<onup>SetFocus(63)</onup>
			<ondown>SetFocus(50)</ondown>
			<ondown>Action(NextLetter)</ondown>
			<ondown>SetFocus(63)</ondown>
			<onleft>SetFocus(50)</onleft>
			<onright>SetFocus(3000,0)</onright>
		</control>
	</include>

	<include name="Jump_Icon_Slides_Default_vertical">
		<!--720/28-->
		<animation effect="slide" end="0,26" time="0" condition="String.IsEqual(Container.SortOrder,Ascending) + $EXP[SortLetter_IsNumber]">Conditional</animation>
		<animation effect="slide" end="0,52" time="0" condition="String.IsEqual(Container.SortOrder,Ascending) + $EXP[SortLetter_IsA]">Conditional</animation>
		<animation effect="slide" end="0,77" time="0" condition="String.IsEqual(Container.SortOrder,Ascending) + $EXP[SortLetter_IsB]">Conditional</animation>
		<animation effect="slide" end="0,103" time="0" condition="String.IsEqual(Container.SortOrder,Ascending) + $EXP[SortLetter_IsC]">Conditional</animation>
		<animation effect="slide" end="0,129" time="0" condition="String.IsEqual(Container.SortOrder,Ascending) + $EXP[SortLetter_IsD]">Conditional</animation>
		<animation effect="slide" end="0,154" time="0" condition="String.IsEqual(Container.SortOrder,Ascending) + $EXP[SortLetter_IsE]">Conditional</animation>
		<animation effect="slide" end="0,180" time="0" condition="String.IsEqual(Container.SortOrder,Ascending) + $EXP[SortLetter_IsF]">Conditional</animation>
		<animation effect="slide" end="0,206" time="0" condition="String.IsEqual(Container.SortOrder,Ascending) + $EXP[SortLetter_IsG]">Conditional</animation>
		<animation effect="slide" end="0,231" time="0" condition="String.IsEqual(Container.SortOrder,Ascending) + $EXP[SortLetter_IsH]">Conditional</animation>
		<animation effect="slide" end="0,257" time="0" condition="String.IsEqual(Container.SortOrder,Ascending) + $EXP[SortLetter_IsI]">Conditional</animation>
		<animation effect="slide" end="0,283" time="0" condition="String.IsEqual(Container.SortOrder,Ascending) + $EXP[SortLetter_IsJ]">Conditional</animation>
		<animation effect="slide" end="0,308" time="0" condition="String.IsEqual(Container.SortOrder,Ascending) + $EXP[SortLetter_IsK]">Conditional</animation>
		<animation effect="slide" end="0,334" time="0" condition="String.IsEqual(Container.SortOrder,Ascending) + $EXP[SortLetter_IsL]">Conditional</animation>
		<animation effect="slide" end="0,359" time="0" condition="String.IsEqual(Container.SortOrder,Ascending) + $EXP[SortLetter_IsM]">Conditional</animation>
		<animation effect="slide" end="0,384" time="0" condition="String.IsEqual(Container.SortOrder,Ascending) + $EXP[SortLetter_IsN]">Conditional</animation>
		<animation effect="slide" end="0,410" time="0" condition="String.IsEqual(Container.SortOrder,Ascending) + $EXP[SortLetter_IsO]">Conditional</animation>
		<animation effect="slide" end="0,436" time="0" condition="String.IsEqual(Container.SortOrder,Ascending) + $EXP[SortLetter_IsP]">Conditional</animation>
		<animation effect="slide" end="0,461" time="0" condition="String.IsEqual(Container.SortOrder,Ascending) + $EXP[SortLetter_IsQ]">Conditional</animation>
		<animation effect="slide" end="0,487" time="0" condition="String.IsEqual(Container.SortOrder,Ascending) + $EXP[SortLetter_IsR]">Conditional</animation>
		<animation effect="slide" end="0,512" time="0" condition="String.IsEqual(Container.SortOrder,Ascending) + $EXP[SortLetter_IsS]">Conditional</animation>
		<animation effect="slide" end="0,537" time="0" condition="String.IsEqual(Container.SortOrder,Ascending) + $EXP[SortLetter_IsT]">Conditional</animation>
		<animation effect="slide" end="0,563" time="0" condition="String.IsEqual(Container.SortOrder,Ascending) + $EXP[SortLetter_IsU]">Conditional</animation>
		<animation effect="slide" end="0,589" time="0" condition="String.IsEqual(Container.SortOrder,Ascending) + $EXP[SortLetter_IsV]">Conditional</animation>
		<animation effect="slide" end="0,614" time="0" condition="String.IsEqual(Container.SortOrder,Ascending) + $EXP[SortLetter_IsW]">Conditional</animation>
		<animation effect="slide" end="0,640" time="0" condition="String.IsEqual(Container.SortOrder,Ascending) + $EXP[SortLetter_IsX]">Conditional</animation>
		<animation effect="slide" end="0,665" time="0" condition="String.IsEqual(Container.SortOrder,Ascending) + $EXP[SortLetter_IsY]">Conditional</animation>
		<animation effect="slide" end="0,690" time="0" condition="String.IsEqual(Container.SortOrder,Ascending) + $EXP[SortLetter_IsZ]">Conditional</animation>
		<animation effect="slide" end="0,690" time="0" condition="String.IsEqual(Container.SortOrder,Descending)">Conditional</animation>
		<animation effect="slide" end="0,-26" time="0" condition="String.IsEqual(Container.SortOrder,Descending) + $EXP[SortLetter_IsNumber]">Conditional</animation>
		<animation effect="slide" end="0,-52" time="0" condition="String.IsEqual(Container.SortOrder,Descending) + $EXP[SortLetter_IsA]">Conditional</animation>
		<animation effect="slide" end="0,-77" time="0" condition="String.IsEqual(Container.SortOrder,Descending) + $EXP[SortLetter_IsB]">Conditional</animation>
		<animation effect="slide" end="0,-103" time="0" condition="String.IsEqual(Container.SortOrder,Descending) + $EXP[SortLetter_IsC]">Conditional</animation>
		<animation effect="slide" end="0,-129" time="0" condition="String.IsEqual(Container.SortOrder,Descending) + $EXP[SortLetter_IsD]">Conditional</animation>
		<animation effect="slide" end="0,-154" time="0" condition="String.IsEqual(Container.SortOrder,Descending) + $EXP[SortLetter_IsE]">Conditional</animation>
		<animation effect="slide" end="0,-180" time="0" condition="String.IsEqual(Container.SortOrder,Descending) + $EXP[SortLetter_IsF]">Conditional</animation>
		<animation effect="slide" end="0,-206" time="0" condition="String.IsEqual(Container.SortOrder,Descending) + $EXP[SortLetter_IsG]">Conditional</animation>
		<animation effect="slide" end="0,-231" time="0" condition="String.IsEqual(Container.SortOrder,Descending) + $EXP[SortLetter_IsH]">Conditional</animation>
		<animation effect="slide" end="0,-257" time="0" condition="String.IsEqual(Container.SortOrder,Descending) + $EXP[SortLetter_IsI]">Conditional</animation>
		<animation effect="slide" end="0,-283" time="0" condition="String.IsEqual(Container.SortOrder,Descending) + $EXP[SortLetter_IsJ]">Conditional</animation>
		<animation effect="slide" end="0,-308" time="0" condition="String.IsEqual(Container.SortOrder,Descending) + $EXP[SortLetter_IsK]">Conditional</animation>
		<animation effect="slide" end="0,-334" time="0" condition="String.IsEqual(Container.SortOrder,Descending) + $EXP[SortLetter_IsL]">Conditional</animation>
		<animation effect="slide" end="0,-359" time="0" condition="String.IsEqual(Container.SortOrder,Descending) + $EXP[SortLetter_IsM]">Conditional</animation>
		<animation effect="slide" end="0,-384" time="0" condition="String.IsEqual(Container.SortOrder,Descending) + $EXP[SortLetter_IsN]">Conditional</animation>
		<animation effect="slide" end="0,-410" time="0" condition="String.IsEqual(Container.SortOrder,Descending) + $EXP[SortLetter_IsO]">Conditional</animation>
		<animation effect="slide" end="0,-436" time="0" condition="String.IsEqual(Container.SortOrder,Descending) + $EXP[SortLetter_IsP]">Conditional</animation>
		<animation effect="slide" end="0,-461" time="0" condition="String.IsEqual(Container.SortOrder,Descending) + $EXP[SortLetter_IsQ]">Conditional</animation>
		<animation effect="slide" end="0,-487" time="0" condition="String.IsEqual(Container.SortOrder,Descending) + $EXP[SortLetter_IsR]">Conditional</animation>
		<animation effect="slide" end="0,-512" time="0" condition="String.IsEqual(Container.SortOrder,Descending) + $EXP[SortLetter_IsS]">Conditional</animation>
		<animation effect="slide" end="0,-537" time="0" condition="String.IsEqual(Container.SortOrder,Descending) + $EXP[SortLetter_IsT]">Conditional</animation>
		<animation effect="slide" end="0,-563" time="0" condition="String.IsEqual(Container.SortOrder,Descending) + $EXP[SortLetter_IsU]">Conditional</animation>
		<animation effect="slide" end="0,-589" time="0" condition="String.IsEqual(Container.SortOrder,Descending) + $EXP[SortLetter_IsV]">Conditional</animation>
		<animation effect="slide" end="0,-614" time="0" condition="String.IsEqual(Container.SortOrder,Descending) + $EXP[SortLetter_IsW]">Conditional</animation>
		<animation effect="slide" end="0,-640" time="0" condition="String.IsEqual(Container.SortOrder,Descending) + $EXP[SortLetter_IsX]">Conditional</animation>
		<animation effect="slide" end="0,-665" time="0" condition="String.IsEqual(Container.SortOrder,Descending) + $EXP[SortLetter_IsY]">Conditional</animation>
		<animation effect="slide" end="0,-690" time="0" condition="String.IsEqual(Container.SortOrder,Descending) + $EXP[SortLetter_IsZ]">Conditional</animation>
	</include>

	<include name="Jump_Icon_Slides_Default_horizontal">
		<animation effect="slide" end="39" time="0" condition="String.IsEqual(Container.SortOrder,Ascending) + $EXP[SortLetter_IsNumber]">Conditional</animation>
		<animation effect="slide" end="78" time="0" condition="String.IsEqual(Container.SortOrder,Ascending) + $EXP[SortLetter_IsA]">Conditional</animation>
		<animation effect="slide" end="117" time="0" condition="String.IsEqual(Container.SortOrder,Ascending) + $EXP[SortLetter_IsB]">Conditional</animation>
		<animation effect="slide" end="156" time="0" condition="String.IsEqual(Container.SortOrder,Ascending) + $EXP[SortLetter_IsC]">Conditional</animation>
		<animation effect="slide" end="194" time="0" condition="String.IsEqual(Container.SortOrder,Ascending) + $EXP[SortLetter_IsD]">Conditional</animation>
		<animation effect="slide" end="233" time="0" condition="String.IsEqual(Container.SortOrder,Ascending) + $EXP[SortLetter_IsE]">Conditional</animation>
		<animation effect="slide" end="272" time="0" condition="String.IsEqual(Container.SortOrder,Ascending) + $EXP[SortLetter_IsF]">Conditional</animation>
		<animation effect="slide" end="311" time="0" condition="String.IsEqual(Container.SortOrder,Ascending) + $EXP[SortLetter_IsG]">Conditional</animation>
		<animation effect="slide" end="350" time="0" condition="String.IsEqual(Container.SortOrder,Ascending) + $EXP[SortLetter_IsH]">Conditional</animation>
		<animation effect="slide" end="389" time="0" condition="String.IsEqual(Container.SortOrder,Ascending) + $EXP[SortLetter_IsI]">Conditional</animation>
		<animation effect="slide" end="428" time="0" condition="String.IsEqual(Container.SortOrder,Ascending) + $EXP[SortLetter_IsJ]">Conditional</animation>
		<animation effect="slide" end="467" time="0" condition="String.IsEqual(Container.SortOrder,Ascending) + $EXP[SortLetter_IsK]">Conditional</animation>
		<animation effect="slide" end="506" time="0" condition="String.IsEqual(Container.SortOrder,Ascending) + $EXP[SortLetter_IsL]">Conditional</animation>
		<animation effect="slide" end="545" time="0" condition="String.IsEqual(Container.SortOrder,Ascending) + $EXP[SortLetter_IsM]">Conditional</animation>
		<animation effect="slide" end="584" time="0" condition="String.IsEqual(Container.SortOrder,Ascending) + $EXP[SortLetter_IsN]">Conditional</animation>
		<animation effect="slide" end="623" time="0" condition="String.IsEqual(Container.SortOrder,Ascending) + $EXP[SortLetter_IsO]">Conditional</animation>
		<animation effect="slide" end="662" time="0" condition="String.IsEqual(Container.SortOrder,Ascending) + $EXP[SortLetter_IsP]">Conditional</animation>
		<animation effect="slide" end="701" time="0" condition="String.IsEqual(Container.SortOrder,Ascending) + $EXP[SortLetter_IsQ]">Conditional</animation>
		<animation effect="slide" end="740" time="0" condition="String.IsEqual(Container.SortOrder,Ascending) + $EXP[SortLetter_IsR]">Conditional</animation>
		<animation effect="slide" end="779" time="0" condition="String.IsEqual(Container.SortOrder,Ascending) + $EXP[SortLetter_IsS]">Conditional</animation>
		<animation effect="slide" end="818" time="0" condition="String.IsEqual(Container.SortOrder,Ascending) + $EXP[SortLetter_IsT]">Conditional</animation>
		<animation effect="slide" end="857" time="0" condition="String.IsEqual(Container.SortOrder,Ascending) + $EXP[SortLetter_IsU]">Conditional</animation>
		<animation effect="slide" end="896" time="0" condition="String.IsEqual(Container.SortOrder,Ascending) + $EXP[SortLetter_IsV]">Conditional</animation>
		<animation effect="slide" end="935" time="0" condition="String.IsEqual(Container.SortOrder,Ascending) + $EXP[SortLetter_IsW]">Conditional</animation>
		<animation effect="slide" end="973" time="0" condition="String.IsEqual(Container.SortOrder,Ascending) + $EXP[SortLetter_IsX]">Conditional</animation>
		<animation effect="slide" end="1012" time="0" condition="String.IsEqual(Container.SortOrder,Ascending) + $EXP[SortLetter_IsY]">Conditional</animation>
		<animation effect="slide" end="1050" time="0" condition="String.IsEqual(Container.SortOrder,Ascending) + $EXP[SortLetter_IsZ]">Conditional</animation>
		<animation effect="slide" end="1050" time="0" condition="String.IsEqual(Container.SortOrder,Descending)">Conditional</animation>
		<animation effect="slide" end="-39" time="0" condition="String.IsEqual(Container.SortOrder,Descending) + $EXP[SortLetter_IsNumber]">Conditional</animation>
		<animation effect="slide" end="-78" time="0" condition="String.IsEqual(Container.SortOrder,Descending) + $EXP[SortLetter_IsA]">Conditional</animation>
		<animation effect="slide" end="-117" time="0" condition="String.IsEqual(Container.SortOrder,Descending) + $EXP[SortLetter_IsB]">Conditional</animation>
		<animation effect="slide" end="-156" time="0" condition="String.IsEqual(Container.SortOrder,Descending) + $EXP[SortLetter_IsC]">Conditional</animation>
		<animation effect="slide" end="-194" time="0" condition="String.IsEqual(Container.SortOrder,Descending) + $EXP[SortLetter_IsD]">Conditional</animation>
		<animation effect="slide" end="-233" time="0" condition="String.IsEqual(Container.SortOrder,Descending) + $EXP[SortLetter_IsE]">Conditional</animation>
		<animation effect="slide" end="-272" time="0" condition="String.IsEqual(Container.SortOrder,Descending) + $EXP[SortLetter_IsF]">Conditional</animation>
		<animation effect="slide" end="-311" time="0" condition="String.IsEqual(Container.SortOrder,Descending) + $EXP[SortLetter_IsG]">Conditional</animation>
		<animation effect="slide" end="-350" time="0" condition="String.IsEqual(Container.SortOrder,Descending) + $EXP[SortLetter_IsH]">Conditional</animation>
		<animation effect="slide" end="-390" time="0" condition="String.IsEqual(Container.SortOrder,Descending) + $EXP[SortLetter_IsI]">Conditional</animation>
		<animation effect="slide" end="-428" time="0" condition="String.IsEqual(Container.SortOrder,Descending) + $EXP[SortLetter_IsJ]">Conditional</animation>
		<animation effect="slide" end="-467" time="0" condition="String.IsEqual(Container.SortOrder,Descending) + $EXP[SortLetter_IsK]">Conditional</animation>
		<animation effect="slide" end="-506" time="0" condition="String.IsEqual(Container.SortOrder,Descending) + $EXP[SortLetter_IsL]">Conditional</animation>
		<animation effect="slide" end="-545" time="0" condition="String.IsEqual(Container.SortOrder,Descending) + $EXP[SortLetter_IsM]">Conditional</animation>
		<animation effect="slide" end="-584" time="0" condition="String.IsEqual(Container.SortOrder,Descending) + $EXP[SortLetter_IsN]">Conditional</animation>
		<animation effect="slide" end="-623" time="0" condition="String.IsEqual(Container.SortOrder,Descending) + $EXP[SortLetter_IsO]">Conditional</animation>
		<animation effect="slide" end="-662" time="0" condition="String.IsEqual(Container.SortOrder,Descending) + $EXP[SortLetter_IsP]">Conditional</animation>
		<animation effect="slide" end="-701" time="0" condition="String.IsEqual(Container.SortOrder,Descending) + $EXP[SortLetter_IsQ]">Conditional</animation>
		<animation effect="slide" end="-740" time="0" condition="String.IsEqual(Container.SortOrder,Descending) + $EXP[SortLetter_IsR]">Conditional</animation>
		<animation effect="slide" end="-779" time="0" condition="String.IsEqual(Container.SortOrder,Descending) + $EXP[SortLetter_IsS]">Conditional</animation>
		<animation effect="slide" end="-818" time="0" condition="String.IsEqual(Container.SortOrder,Descending) + $EXP[SortLetter_IsT]">Conditional</animation>
		<animation effect="slide" end="-857" time="0" condition="String.IsEqual(Container.SortOrder,Descending) + $EXP[SortLetter_IsU]">Conditional</animation>
		<animation effect="slide" end="-896" time="0" condition="String.IsEqual(Container.SortOrder,Descending) + $EXP[SortLetter_IsV]">Conditional</animation>
		<animation effect="slide" end="-935" time="0" condition="String.IsEqual(Container.SortOrder,Descending) + $EXP[SortLetter_IsW]">Conditional</animation>
		<animation effect="slide" end="-973" time="0" condition="String.IsEqual(Container.SortOrder,Descending) + $EXP[SortLetter_IsX]">Conditional</animation>
		<animation effect="slide" end="-1012" time="0" condition="String.IsEqual(Container.SortOrder,Descending) + $EXP[SortLetter_IsY]">Conditional</animation>
		<animation effect="slide" end="-1050" time="0" condition="String.IsEqual(Container.SortOrder,Descending) + $EXP[SortLetter_IsZ]">Conditional</animation>
	</include>

	<include name="Jump_Icon_Slides_Alt1_horizontal">
		<animation effect="slide" end="23" time="0" condition="String.IsEqual(Container.SortOrder,Ascending) + $EXP[SortLetter_IsNumber]">Conditional</animation>
		<animation effect="slide" end="46" time="0" condition="String.IsEqual(Container.SortOrder,Ascending) + $EXP[SortLetter_IsA]">Conditional</animation>
		<animation effect="slide" end="70" time="0" condition="String.IsEqual(Container.SortOrder,Ascending) + $EXP[SortLetter_IsB]">Conditional</animation>
		<animation effect="slide" end="93" time="0" condition="String.IsEqual(Container.SortOrder,Ascending) + $EXP[SortLetter_IsC]">Conditional</animation>
		<animation effect="slide" end="116" time="0" condition="String.IsEqual(Container.SortOrder,Ascending) + $EXP[SortLetter_IsD]">Conditional</animation>
		<animation effect="slide" end="140" time="0" condition="String.IsEqual(Container.SortOrder,Ascending) + $EXP[SortLetter_IsE]">Conditional</animation>
		<animation effect="slide" end="163" time="0" condition="String.IsEqual(Container.SortOrder,Ascending) + $EXP[SortLetter_IsF]">Conditional</animation>
		<animation effect="slide" end="186" time="0" condition="String.IsEqual(Container.SortOrder,Ascending) + $EXP[SortLetter_IsG]">Conditional</animation>
		<animation effect="slide" end="210" time="0" condition="String.IsEqual(Container.SortOrder,Ascending) + $EXP[SortLetter_IsH]">Conditional</animation>
		<animation effect="slide" end="233" time="0" condition="String.IsEqual(Container.SortOrder,Ascending) + $EXP[SortLetter_IsI]">Conditional</animation>
		<animation effect="slide" end="256" time="0" condition="String.IsEqual(Container.SortOrder,Ascending) + $EXP[SortLetter_IsJ]">Conditional</animation>
		<animation effect="slide" end="280" time="0" condition="String.IsEqual(Container.SortOrder,Ascending) + $EXP[SortLetter_IsK]">Conditional</animation>
		<animation effect="slide" end="303" time="0" condition="String.IsEqual(Container.SortOrder,Ascending) + $EXP[SortLetter_IsL]">Conditional</animation>
		<animation effect="slide" end="327" time="0" condition="String.IsEqual(Container.SortOrder,Ascending) + $EXP[SortLetter_IsM]">Conditional</animation>
		<animation effect="slide" end="350" time="0" condition="String.IsEqual(Container.SortOrder,Ascending) + $EXP[SortLetter_IsN]">Conditional</animation>
		<animation effect="slide" end="373" time="0" condition="String.IsEqual(Container.SortOrder,Ascending) + $EXP[SortLetter_IsO]">Conditional</animation>
		<animation effect="slide" end="397" time="0" condition="String.IsEqual(Container.SortOrder,Ascending) + $EXP[SortLetter_IsP]">Conditional</animation>
		<animation effect="slide" end="420" time="0" condition="String.IsEqual(Container.SortOrder,Ascending) + $EXP[SortLetter_IsQ]">Conditional</animation>
		<animation effect="slide" end="444" time="0" condition="String.IsEqual(Container.SortOrder,Ascending) + $EXP[SortLetter_IsR]">Conditional</animation>
		<animation effect="slide" end="467" time="0" condition="String.IsEqual(Container.SortOrder,Ascending) + $EXP[SortLetter_IsS]">Conditional</animation>
		<animation effect="slide" end="491" time="0" condition="String.IsEqual(Container.SortOrder,Ascending) + $EXP[SortLetter_IsT]">Conditional</animation>
		<animation effect="slide" end="514" time="0" condition="String.IsEqual(Container.SortOrder,Ascending) + $EXP[SortLetter_IsU]">Conditional</animation>
		<animation effect="slide" end="537" time="0" condition="String.IsEqual(Container.SortOrder,Ascending) + $EXP[SortLetter_IsV]">Conditional</animation>
		<animation effect="slide" end="560" time="0" condition="String.IsEqual(Container.SortOrder,Ascending) + $EXP[SortLetter_IsW]">Conditional</animation>
		<animation effect="slide" end="583" time="0" condition="String.IsEqual(Container.SortOrder,Ascending) + $EXP[SortLetter_IsX]">Conditional</animation>
		<animation effect="slide" end="607" time="0" condition="String.IsEqual(Container.SortOrder,Ascending) + $EXP[SortLetter_IsY]">Conditional</animation>
		<animation effect="slide" end="630" time="0" condition="String.IsEqual(Container.SortOrder,Ascending) + $EXP[SortLetter_IsZ]">Conditional</animation>
		<animation effect="slide" end="630" time="0" condition="String.IsEqual(Container.SortOrder,Descending)">Conditional</animation>
		<animation effect="slide" end="-23" time="0" condition="String.IsEqual(Container.SortOrder,Descending) + $EXP[SortLetter_IsNumber]">Conditional</animation>
		<animation effect="slide" end="-46" time="0" condition="String.IsEqual(Container.SortOrder,Descending) + $EXP[SortLetter_IsA]">Conditional</animation>
		<animation effect="slide" end="-70" time="0" condition="String.IsEqual(Container.SortOrder,Descending) + $EXP[SortLetter_IsB]">Conditional</animation>
		<animation effect="slide" end="-93" time="0" condition="String.IsEqual(Container.SortOrder,Descending) + $EXP[SortLetter_IsC]">Conditional</animation>
		<animation effect="slide" end="-116" time="0" condition="String.IsEqual(Container.SortOrder,Descending) + $EXP[SortLetter_IsD]">Conditional</animation>
		<animation effect="slide" end="-140" time="0" condition="String.IsEqual(Container.SortOrder,Descending) + $EXP[SortLetter_IsE]">Conditional</animation>
		<animation effect="slide" end="-163" time="0" condition="String.IsEqual(Container.SortOrder,Descending) + $EXP[SortLetter_IsF]">Conditional</animation>
		<animation effect="slide" end="-186" time="0" condition="String.IsEqual(Container.SortOrder,Descending) + $EXP[SortLetter_IsG]">Conditional</animation>
		<animation effect="slide" end="-210" time="0" condition="String.IsEqual(Container.SortOrder,Descending) + $EXP[SortLetter_IsH]">Conditional</animation>
		<animation effect="slide" end="-233" time="0" condition="String.IsEqual(Container.SortOrder,Descending) + $EXP[SortLetter_IsI]">Conditional</animation>
		<animation effect="slide" end="-256" time="0" condition="String.IsEqual(Container.SortOrder,Descending) + $EXP[SortLetter_IsJ]">Conditional</animation>
		<animation effect="slide" end="-280" time="0" condition="String.IsEqual(Container.SortOrder,Descending) + $EXP[SortLetter_IsK]">Conditional</animation>
		<animation effect="slide" end="-303" time="0" condition="String.IsEqual(Container.SortOrder,Descending) + $EXP[SortLetter_IsL]">Conditional</animation>
		<animation effect="slide" end="-327" time="0" condition="String.IsEqual(Container.SortOrder,Descending) + $EXP[SortLetter_IsM]">Conditional</animation>
		<animation effect="slide" end="-350" time="0" condition="String.IsEqual(Container.SortOrder,Descending) + $EXP[SortLetter_IsN]">Conditional</animation>
		<animation effect="slide" end="-373" time="0" condition="String.IsEqual(Container.SortOrder,Descending) + $EXP[SortLetter_IsO]">Conditional</animation>
		<animation effect="slide" end="-397" time="0" condition="String.IsEqual(Container.SortOrder,Descending) + $EXP[SortLetter_IsP]">Conditional</animation>
		<animation effect="slide" end="-420" time="0" condition="String.IsEqual(Container.SortOrder,Descending) + $EXP[SortLetter_IsQ]">Conditional</animation>
		<animation effect="slide" end="-444" time="0" condition="String.IsEqual(Container.SortOrder,Descending) + $EXP[SortLetter_IsR]">Conditional</animation>
		<animation effect="slide" end="-467" time="0" condition="String.IsEqual(Container.SortOrder,Descending) + $EXP[SortLetter_IsS]">Conditional</animation>
		<animation effect="slide" end="-491" time="0" condition="String.IsEqual(Container.SortOrder,Descending) + $EXP[SortLetter_IsT]">Conditional</animation>
		<animation effect="slide" end="-514" time="0" condition="String.IsEqual(Container.SortOrder,Descending) + $EXP[SortLetter_IsU]">Conditional</animation>
		<animation effect="slide" end="-537" time="0" condition="String.IsEqual(Container.SortOrder,Descending) + $EXP[SortLetter_IsV]">Conditional</animation>
		<animation effect="slide" end="-560" time="0" condition="String.IsEqual(Container.SortOrder,Descending) + $EXP[SortLetter_IsW]">Conditional</animation>
		<animation effect="slide" end="-583" time="0" condition="String.IsEqual(Container.SortOrder,Descending) + $EXP[SortLetter_IsX]">Conditional</animation>
		<animation effect="slide" end="-607" time="0" condition="String.IsEqual(Container.SortOrder,Descending) + $EXP[SortLetter_IsY]">Conditional</animation>
		<animation effect="slide" end="-630" time="0" condition="String.IsEqual(Container.SortOrder,Descending) + $EXP[SortLetter_IsZ]">Conditional</animation>
	</include>

</includes>
