<?xml version="1.0" encoding="UTF-8"?>
<timers>
  <timer>
    <name>video_playback</name>
    <description>timer that starts whenever video has fullscreen playback</description>
    <start reset="true">Player.HasVideo</start>
    <stop>!Player.HasVideo</stop>
  </timer>
  <timer>
    <name>video_playback_label_interruptor</name>
    <description>timer started when videoosd or fullscreeninfo are loaded for the first time</description>
    <stop>!Player.HasVideo</stop>
  </timer>
  <timer>
    <name>music_visualisation</name>
    <description>timer that starts whenever music visualisation is showing</description>
  </timer>
</timers>
