<includes>

	<include name="BillboardView_Container">
		<control type="group">
			<visible>$EXP[BillboardView_IsVisible]</visible>
			<include content="Custom_List">
				<param name="visible" value="!Container.Content() + !Container.Content(files) + !Container.Content(albums) + !Container.Content(songs)"/>
				<param name="type" value="list"/>
				<param name="id" value="501"/>
				<param name="viewtype_label" value="Billboard"/>
				<param name="viewtype" value="wide"/>
				<param name="orientation" value="horizontal"/>
			</include>
		</control>
	</include>

	<include name="BillboardView_Display">
		<param name="id" default="501"/>
		<param name="art_icon" default="Thumbnail"/>
		<param name="media_view" default="true"/>
		<param name="widget_view" default="false"/>
		<param name="widget_position"/>
		<definition>
			<control type="group">
				<visible>$EXP[BillboardView_IsVisible] + !$EXP[OptionsSwitching] + !$EXP[ContainerSwitching]</visible>
				<include condition="$PARAM[media_view]" content="Content_Fade_Animation"/>
				<control type="group">
					<include condition="$PARAM[media_view]" content="Artwork_Transition_Fade">
						<param name="target_id" value="$PARAM[id]"/>
						<param name="art_icon" value="$PARAM[art_icon]"/>
						<param name="fallback"/>
					</include>
					<include condition="$PARAM[widget_view] + Skin.HasSetting(Widget$PARAM[widget_position]_View_Billboard)" content="Artwork_Transition_Fade">
						<param name="target_id" value="$PARAM[id]"/>
						<param name="art_icon" value="$PARAM[art_icon]"/>
						<param name="fallback"/>
						<param name="show_breadcrumb_overlay" value="true"/>
					</include>
				</control>
			</control>
		</definition>
	</include>

	<include name="BillboardView_Details">
		<param name="id" default="501"/>
		<definition>
			<control type="group">
				<visible>$EXP[BillboardView_IsVisible]</visible>
				<control type="group">
					<visible>!$EXP[ContainerSwitching] + !$EXP[TransparentDialog_IsVisible] + !$EXP[Scrollbar_HasFocus]</visible>
					<include>Delayed_Content_Fade_Animation</include>
					<control type="group">
						<visible>!$EXP[ContentSwitching]</visible>
						<include>Long_Delayed_Content_Fade_Animation</include>
						<!-- Media flags -->
						<control type="group">
							<visible>!$EXP[InfoDialog_IsVisible] + !$EXP[BillboardView_Details_Off]</visible>
							<include>Delayed_Content_Fade_Animation</include>
							<include content="MediaFlags"/>
						</control>
						<control type="group">
							<visible>![Control.HasFocus(4501) + Window.IsVisible(1121)] + !$EXP[Secondary_List_ContainerSwitching] + !$EXP[Secondary_List_ContentSwitching]</visible>
							<include>Delayed_Content_Fade_Animation</include>
							<!-- Common details -->
							<include content="Common_Details"/>
							<!-- Progress bar -->
							<include condition="Window.Is(videos) | Window.Is(home) | Window.Is(movieinformation)" content="ProgressBar">
								<param name="id" value="$PARAM[id]"/>
							</include>
							<include condition="Skin.HasSetting(Secondary_List_Enabled) + [Window.Is(videos) | Window.Is(home)] + !$EXP[InfoDialog_IsVisible]" content="ProgressBar">
								<param name="id" value="4501"/>
							</include>
							<!-- Now playing icon -->
							<control type="group">
								<width>180</width>
								<height>180</height>
								<left>-30</left>
								<centertop>50%</centertop>
								<animation effect="slide" end="0,-18" time="0" condition="$EXP[BillboardView_Details_NowPlaying_Left_IsVisible] + $EXP[BillboardView_Details_Info_IsVisible]">Conditional</animation>
								<animation effect="slide" end="1770,450" time="0" condition="!$EXP[BillboardView_Details_NowPlaying_Left_IsVisible]">Conditional</animation>
								<animation effect="slide" end="-180,0" time="0" condition="!$EXP[BillboardView_Details_NowPlaying_Left_IsVisible] + [$EXP[BillboardView_Flags_Studio] + !String.IsEqual(Control.GetLabel(914),flags/blank.png)] | [$EXP[BillboardView_Flags_Rating] + !String.IsEqual(Control.GetLabel(915),flags/blank.png)]">Conditional</animation>
								<animation effect="slide" end="-180,0" time="0" condition="!$EXP[BillboardView_Details_NowPlaying_Left_IsVisible] + $EXP[BillboardView_Flags_All] + [[!String.IsEqual(Control.GetLabel(914),flags/blank.png) + String.IsEqual(Control.GetLabel(915),flags/blank.png)] | [String.IsEqual(Control.GetLabel(914),flags/blank.png) + !String.IsEqual(Control.GetLabel(915),flags/blank.png)]]">Conditional</animation>
								<animation effect="slide" end="-360,0" time="0" condition="!$EXP[BillboardView_Details_NowPlaying_Left_IsVisible] + $EXP[BillboardView_Flags_All] + !String.IsEqual(Control.GetLabel(914),flags/blank.png) + !String.IsEqual(Control.GetLabel(915),flags/blank.png)">Conditional</animation>
								<include content="Now_Playing_Icon">
									<param name="visible" value="$EXP[ListItem(0)_NowPlaying]"/>
								</include>
							</control>
						</control>
					</control>
				</control>
				<!-- Scrollbar -->
				<control type="group">
					<visible>!Window.IsVisible(shutdownmenu)</visible>
					<include>Content_Fade_Animation</include>
					<include condition="!Window.Is(home) + !$EXP[InfoDialog_IsVisible]" content="Scrollbars">
						<param name="right" value="420"/>
						<param name="bottom" value="27"/>
						<param name="width" value="1092"/>
						<param name="height" value="6"/>
						<param name="onleft" value="60"/>
						<param name="onright" value="60"/>
						<param name="onright_fallback" value="60"/>
						<param name="onup" value="62"/>
						<param name="ondown" value="63"/>
						<param name="ondown_fallback" value="SetFocus(3000,0)"/>
						<param name="orientation" value="horizontal"/>
					</include>
				</control>
			</control>
		</definition>
	</include>

</includes>
