<shortcuts>
	<shortcut>
		<defaultID>20183</defaultID>
		<label>20183</label>
		<label2>Power Menu Shortcut</label2>
		<icon>special://skin/extras/icons/power.png</icon>
		<thumb />
		<action>ReloadSkin()</action>
		</shortcut>
	<shortcut>
		<defaultID>13012</defaultID>
		<label>13012</label>
		<label2>Power Menu Shortcut</label2>
		<icon>special://skin/extras/icons/power.png</icon>
		<thumb />
		<action>Quit()</action>
		<visible>System.ShowExitButton</visible>
		</shortcut>
	<shortcut>
		<defaultID>13016</defaultID>
		<label>13016</label>
		<label2>Power Menu Shortcut</label2>
		<icon>special://skin/extras/icons/power.png</icon>
		<thumb />
		<action>Powerdown()</action>
		<visible>System.CanPowerDown</visible>
		</shortcut>
	<shortcut>
		<defaultID>13011</defaultID>
		<label>13011</label>
		<label2>Power Menu Shortcut</label2>
		<icon>special://skin/extras/icons/power.png</icon>
		<thumb />
		<action>Suspend()</action>
		<visible>System.CanSuspend</visible>
		</shortcut>
	<shortcut>
		<defaultID>13010</defaultID>
		<label>13010</label>
		<label2>Power Menu Shortcut</label2>
		<icon>special://skin/extras/icons/power.png</icon>
		<thumb />
		<action>Hibernate()</action>
		<visible>System.CanHibernate</visible>
		</shortcut>
	<shortcut>
		<defaultID>13013</defaultID>
		<label>13013</label>
		<label2>Power Menu Shortcut</label2>
		<icon>special://skin/extras/icons/power.png</icon>
		<thumb />
		<action>Reset()</action>
		<visible>System.CanReboot</visible>
		</shortcut>
	<shortcut>
		<defaultID>20126</defaultID>
		<label>20126</label>
		<label2>Power Menu Shortcut</label2>
		<icon>special://skin/extras/icons/power.png</icon>
		<thumb />
		<action>dialog.close(all,true)</action>
		<visible>System.HasLoginScreen | IntegerGreaterThan(System.ProfileCount,1)</visible>
		</shortcut>
	<shortcut>
		<defaultID>20046</defaultID>
		<label>20046</label>
		<label2>Power Menu Shortcut</label2>
		<icon>special://skin/extras/icons/power.png</icon>
		<thumb />
		<action>xbmc.mastermode</action>
		<visible>System.HasLocks</visible>
		</shortcut>
	<shortcut>
		<defaultID>13017</defaultID>
		<label>13017</label>
		<label2>Power Menu Shortcut</label2>
		<icon>special://skin/extras/icons/power.png</icon>
		<thumb />
		<action>InhibitIdleShutdown(true)</action>
		<visible>System.HasShutdown +!System.IsInhibit</visible>
		</shortcut>
	<shortcut>
		<defaultID>13018</defaultID>
		<label>13018</label>
		<label2>Power Menu Shortcut</label2>
		<icon>special://skin/extras/icons/power.png</icon>
		<thumb />
		<action>InhibitIdleShutdown(false)</action>
		<visible>System.HasShutdown + System.IsInhibit</visible>
		</shortcut>
	<shortcut>
		<defaultID>20150</defaultID>
		<label>20150</label>
		<label2>Power Menu Shortcut</label2>
		<icon>special://skin/extras/icons/power.png</icon>
		<thumb />
		<action>AlarmClock(shutdowntimer,Shutdown())</action>
		<visible>!System.HasAlarm(shutdowntimer)</visible>
		</shortcut>
	<shortcut>
		<defaultID>20151</defaultID>
		<label>20151</label>
		<label2>Power Menu Shortcut</label2>
		<icon>special://skin/extras/icons/power.png</icon>
		<thumb />
		<action>CancelAlarm(shutdowntimer)</action>
		<visible>System.HasAlarm(shutdowntimer)</visible>
		</shortcut>
	<shortcut>
		<defaultID>5</defaultID>
		<label>5</label>
		<label2>Power Menu Shortcut</label2>
		<icon>special://skin/extras/icons/power.png</icon>
		<thumb />
		<action>ActivateWindow(Settings)</action>
		</shortcut>
	</shortcuts>
