<shortcuts>
	<shortcut>
		<defaultID>7</defaultID>
		<label>7</label>
		<label2>Système</label2>
		<icon>DefaultRemovableDisk.png</icon>
		<thumb />
		<action>ActivateWindow(FileManager)</action>
		</shortcut>
	<shortcut>
		<defaultID>13000</defaultID>
		<label>13000</label>
		<label2>Paramètres</label2>
		<icon>DefaultShortcut.png</icon>
		<thumb>special://skin/extras/icons/DefaultProgram.png</thumb>
		<action>ActivateWindow(SystemSettings)</action>
		</shortcut>
	<shortcut>
		<defaultID>24001</defaultID>
		<label>24001</label>
		<label2>Paramètres</label2>
		<icon>DefaultAddon.png</icon>
		<thumb />
		<action>ActivateWindow(AddonBrowser)</action>
		</shortcut>
	<shortcut>
		<defaultID>settings</defaultID>
		<label>10004</label>
		<label2>Paramètres</label2>
		<icon>Settings.png</icon>
		<thumb>special://skin/extras/icons/DefaultProgram.png</thumb>
		<action>ActivateWindow(Settings)</action>
		</shortcut>
	<shortcut>
		<defaultID>14206</defaultID>
		<label>14206</label>
		<label2>Paramètres</label2>
		<icon>DefaultShortcut.png</icon>
		<thumb />
		<action>ActivateWindow(InterfaceSettings)</action>
		</shortcut>
	<shortcut>
		<defaultID>20077</defaultID>
		<label>20077</label>
		<label2>Paramètres</label2>
		<icon>DefaultShortcut.png</icon>
		<thumb />
		<action>ActivateWindow(SkinSettings)</action>
		</shortcut>
	<shortcut>
		<defaultID>130</defaultID>
		<label>130</label>
		<label2>Système</label2>
		<icon>DefaultAddonService.png</icon>
		<thumb />
		<action>ActivateWindow(SystemInfo)</action>
		</shortcut>
	<shortcut>
		<defaultID>14036</defaultID>
		<label>14036</label>
		<label2>Paramètres</label2>
		<icon>DefaultShortcut.png</icon>
		<thumb />
		<action>ActivateWindow(ServiceSettings)</action>
		</shortcut>
	<shortcut>
		<defaultID>13200</defaultID>
		<label>13200</label>
		<label2>Système</label2>
		<icon>DefaultAddonService.png</icon>
		<thumb />
		<action>ActivateWindow(Profiles)</action>
		</shortcut>
	</shortcuts>
