<shortcuts>
	<shortcut>
		<defaultID />
		<label>Manga Films</label>
		<label2>Extensions Vidéo</label2>
		<icon>DefaultShortcut.png</icon>
		<thumb>special://masterprofile/addon_data/icones/mangapetit (1).png</thumb>
		<action>ActivateWindow(Videos,"plugin://plugin.program.autowidget/?mode=group&amp;group=manga-1656857391.2525618&amp;refresh=&amp;reload=",return)</action>
		</shortcut>
	<shortcut>
		<defaultID />
		<label>Manga Séries</label>
		<label2>Extensions Vidéo</label2>
		<icon>DefaultShortcut.png</icon>
		<thumb>special://masterprofile/addon_data/icones/mangapetit (2).png</thumb>
		<action>ActivateWindow(Videos,"plugin://plugin.program.autowidget/?mode=group&amp;group=manga_series-1659274377.996836&amp;refresh=&amp;reload=",return)</action>
		</shortcut>
	<shortcut>
		<defaultID />
		<label>Manga (adulte)</label>
		<label2>Extensions Vidéo</label2>
		<icon>DefaultShortcut.png</icon>
		<thumb>special://masterprofile/addon_data/icones/mangapetit (3).png</thumb>
		<action>ActivateWindow(Videos,"plugin://plugin.program.autowidget/?mode=group&amp;group=manga_%28adulte%29-1659272979.6575255&amp;refresh=&amp;reload=",return)</action>
		</shortcut>
	</shortcuts>
