{"library": {"images": "51", "videos": "51", "movies": "52", "sets": "52", "tvshows": "52", "seasons": "512", "episodes": "51", "genres": "540", "years": "540", "studios": "540", "directors": "540", "countries": "540", "tags": "540", "roles": "540", "actors": "52", "playlists": "540", "games": "50", "musicvideos": "50", "artists": "50", "albums": "50", "songs": "501", "files": "540", "sources": "540", "addons": "50", "none": "50"}, "plugins": {"images": "51", "videos": "51", "movies": "52", "sets": "52", "tvshows": "52", "seasons": "512", "episodes": "51", "genres": "540", "years": "540", "studios": "540", "directors": "540", "countries": "540", "tags": "540", "roles": "540", "actors": "52", "playlists": "540", "games": "50", "musicvideos": "50", "artists": "50", "albums": "50", "songs": "501", "files": "540", "sources": "540", "addons": "50", "none": "50"}, "plugin.program.autowidget": {"none": "50"}}