<shortcuts>
	<shortcut>
		<defaultID />
		<label>TV en direct</label>
		<label2>Elément personnalisé</label2>
		<icon>DefaultShortcut.png</icon>
		<thumb>image://resource%3a%2f%2fresource.images.catchuptvandmore%2flive_tv.png/</thumb>
		<action>ActivateWindow(Videos,"plugin://plugin.video.catchuptvandmore/resources/lib/main/tv_guide_menu/?_pickle_=80049538000000000000007d94288c075f7469746c655f948c064672616e6365948c08786d6c74765f6964944e8c076974656d5f6964948c0766725f6c69766594752e",return)</action>
		</shortcut>
	<shortcut>
		<defaultID>568</defaultID>
		<label>568</label>
		<label2 />
		<icon>DefaultShortcut.png</icon>
		<thumb />
		<action>ActivateWindow(PVR,pvr://channels/tv/*,return)</action>
		</shortcut>
	<shortcut>
		<defaultID>1034</defaultID>
		<label>1034</label>
		<label2 />
		<icon>special://skin/extras/icons/shortcut.png</icon>
		<thumb />
		<action>Submenu</action>
		</shortcut>
	<shortcut>
		<defaultID>19017</defaultID>
		<label>19017</label>
		<label2 />
		<icon>DefaultShortcut.png</icon>
		<thumb />
		<action>ActivateWindow(PVR,pvr://recordings/tv/active?view=flat,return)</action>
		</shortcut>
	<shortcut>
		<defaultID>19173</defaultID>
		<label>19173</label>
		<label2 />
		<icon>DefaultShortcut.png</icon>
		<thumb />
		<action>ActivateWindow(PVR,pvr://channels/tv,return)</action>
		</shortcut>
	<shortcut>
		<defaultID />
		<label>Sites internet</label>
		<label2>Extensions Vidéo</label2>
		<icon>DefaultShortcut.png</icon>
		<thumb>image://resource%3a%2f%2fresource.images.catchuptvandmore%2fwebsites.png/</thumb>
		<action>ActivateWindow(Videos,"plugin://plugin.video.catchuptvandmore/resources/lib/main/generic_menu/?_pickle_=80049541000000000000007d94288c075f7469746c655f948c0e536974657320696e7465726e6574948c08786d6c74765f6964944e8c076974656d5f6964948c08776562736974657394752e",return)</action>
		</shortcut>
	</shortcuts>
