<?xml version="1.0" encoding="UTF-8"?>
<window type="dialog">
    <defaultcontrol always="true">8000</defaultcontrol>
    <coordinates>
        <origin x="0" y="0" />
    </coordinates>
    <onload condition="$EXP[Exp_ContextMenu_QuickBar] + !$EXP[Exp_ContextMenu_HasBasic]">AlarmClock(refocusContext,SetFocus(8001),00:00,silent)</onload>

    <include>ContextMenu_ListItemOnload</include>

    <controls>
        <include content="Object_Overlay">
            <param name="delay" value="300" />
        </include>


        <control type="group">
            <include content="Animation_SlideIn_Dialog">
                <param name="windowopen_delay" value="600" />
            </include>
            <include>Animation_FadeOut</include>
            <include>Dimension_Context</include>
            <include content="Dialog_ContextMenu_Header">
                <visible>!$EXP[Exp_ContextMenu_HasBasic]</visible>
            </include>

            <animation effect="slide" start="0" end="0,120" condition="$EXP[Exp_ContextMenu_HasBasic]">Conditional</animation>


            <control type="group">
                <!-- Slide Over if Square -->
                <animation effect="slide" end="context_slide_sq" condition="$EXP[Exp_ContextMenu_HasIcon]">Conditional</animation>
                <animation effect="slide" end="context_slide_no" condition="!$EXP[Exp_ContextMenu_HasPoster] + !$EXP[Exp_ContextMenu_HasIcon]">Conditional</animation>

                <!-- Poster Image -->
                <control type="group">
                    <visible>$EXP[Exp_ContextMenu_HasPoster]</visible>
                    <include content="Dialog_Background">
                        <param name="overlay" value="true" />
                        <param name="overlay_texture" value="$VAR[Image_ContextFanart]" />
                        <include content="Dialog_Context_Image">
                            <param name="diffuse" value="diffuse/poster_w435_h640.png" />
                        </include>
                    </include>
                </control>

                <!-- Square Image -->
                <control type="group">
                    <left>context_icon_sq_l</left>
                    <visible>$EXP[Exp_ContextMenu_HasIcon]</visible>
                    <include content="Dialog_Background">
                        <param name="overlay" value="true" />
                        <param name="overlay_texture" value="$VAR[Image_ContextFanart]" />
                        <include content="Dialog_Context_Image">
                            <param name="aspectratio" value="keep" />
                            <param name="diffuse" value="diffuse/square_w640_h640.png" />
                        </include>
                    </include>
                </control>

                <!-- No Image -->
                <control type="group">
                    <left>context_icon_w</left>
                    <bottom>20</bottom>
                    <visible>!$EXP[Exp_ContextMenu_HasPoster] + !$EXP[Exp_ContextMenu_HasIcon]</visible>
                    <control type="image" id="999">
                        <include>Texture_Shadow_20</include>
                        <include>Texture_Dialog</include>
                    </control>
                </control>

                <!-- Menu -->
                <control type="group">
                    <right>0</right>
                    <width>context_icon_w</width>
                    <include content="Object_MenuHeader">
                        <param name="label" value="$LOCALIZE[10106]" />
                    </include>
                    <control type="button" id="2000">
                        <visible allowhiddenfocus="true">false</visible>
                        <height>1</height>
                        <onfocus condition="Control.IsVisible(1002)">SetFocus(1002)</onfocus>
                        <onfocus condition="Control.IsVisible(1003)">SetFocus(1003)</onfocus>
                        <onfocus condition="Control.IsVisible(1004)">SetFocus(1004)</onfocus>
                        <onfocus condition="Control.IsVisible(1005)">SetFocus(1005)</onfocus>
                        <onfocus condition="Control.IsVisible(1006)">SetFocus(1006)</onfocus>
                        <onfocus condition="Control.IsVisible(1007)">SetFocus(1007)</onfocus>
                        <onfocus condition="Control.IsVisible(1008)">SetFocus(1008)</onfocus>
                        <onfocus condition="Control.IsVisible(1009)">SetFocus(1009)</onfocus>
                        <onfocus condition="Control.IsVisible(1010)">SetFocus(1010)</onfocus>
                        <onfocus condition="Control.IsVisible(1011)">SetFocus(1011)</onfocus>
                        <onfocus condition="Control.IsVisible(1012)">SetFocus(1012)</onfocus>
                        <onfocus condition="Control.IsVisible(1013)">SetFocus(1013)</onfocus>
                        <onfocus condition="Control.IsVisible(1014)">SetFocus(1014)</onfocus>
                        <onfocus condition="Control.IsVisible(1015)">SetFocus(1015)</onfocus>
                        <onfocus condition="Control.IsVisible(1016)">SetFocus(1016)</onfocus>
                        <onfocus condition="Control.IsVisible(1017)">SetFocus(1017)</onfocus>
                        <onfocus condition="Control.IsVisible(1018)">SetFocus(1018)</onfocus>
                        <onfocus condition="Control.IsVisible(1019)">SetFocus(1019)</onfocus>
                        <onfocus condition="Control.IsVisible(1020)">SetFocus(1020)</onfocus>
                    </control>

                    <!-- Quick Nav -->
                    <include content="Object_Control" condition="$EXP[Exp_ContextMenu_QuickBar]">
                        <param name="control" value="grouplist" />
                        <top>120</top>
                        <height>80</height>
                        <orientation>vertical</orientation>
                        <include content="Items_QuickNav">
                            <param name="itemgap" value="39" />
                            <param name="ondown" value="1001" />
                            <param name="onup" value="2000" />
                            <left>0</left>
                            <right>0</right>
                            <visible>!$EXP[Exp_ContextMenu_HasBasic]</visible>
                        </include>
                    </include>

                    <include content="Dialog_Settings_Button" condition="$EXP[Exp_ContextMenu_QuickBar]">
                        <param name="id" value="9500" />
                        <param name="control" value="button" />
                        <label>$LOCALIZE[222]</label>
                        <width>context_icon_w</width>
                        <onclick>Close</onclick>
                        <visible>$EXP[Exp_ContextMenu_HasBasic]</visible>
                        <ondown>1001</ondown>
                        <onup>2000</onup>
                        <top>280</top>
                        <height>80</height>
                    </include>

                    <!-- Main Menu -->
                    <include content="Object_Control">
                        <param name="control" value="grouplist" />
                        <param name="id" value="996" />
                        <include content="Object_Top" condition="$EXP[Exp_ContextMenu_QuickBar]">
                            <param name="top">200</param>
                        </include>
                        <animation effect="slide" start="0" end="0,-80" condition="$EXP[Exp_ContextMenu_HasBasic] + $EXP[Exp_ContextMenu_QuickBar]">Conditional</animation>

                        <top>120</top>
                        <bottom>40</bottom>
                        <orientation>vertical</orientation>
                        <itemgap>0</itemgap>
                        <onleft>Close</onleft>
                        <onright>Close</onright>
                        <onup condition="$EXP[Exp_ContextMenu_QuickBar] + !$EXP[Exp_ContextMenu_HasBasic]">8000</onup>
                        <ondown condition="$EXP[Exp_ContextMenu_QuickBar] + !$EXP[Exp_ContextMenu_HasBasic]">SetFocus(1001)</ondown>
                        <ondown condition="$EXP[Exp_ContextMenu_QuickBar] + !$EXP[Exp_ContextMenu_HasBasic]">SetFocus(8000)</ondown>
                        <onup condition="$EXP[Exp_ContextMenu_QuickBar] + $EXP[Exp_ContextMenu_HasBasic]">9500</onup>
                        <ondown condition="$EXP[Exp_ContextMenu_QuickBar] + $EXP[Exp_ContextMenu_HasBasic]">9500</ondown>
                    </include>
                    <control type="image">
                        <top>-24</top>
                        <centerright>100%</centerright>
                        <height>16</height>
                        <width>16</width>
                        <texture colordiffuse="$VAR[ColorSelected]" flipy="true">arrows/arrow-small.png</texture>
                        <visible>Container(996).HasPrevious</visible>
                        <animation effect="slide" end="context_slide_arrow_no" condition="!$EXP[Exp_ContextMenu_HasPoster] + !$EXP[Exp_ContextMenu_HasIcon]">Conditional</animation>
                    </control>
                    <control type="image">
                        <bottom>-24</bottom>
                        <centerright>100%</centerright>
                        <height>16</height>
                        <width>16</width>
                        <texture colordiffuse="$VAR[ColorSelected]">arrows/arrow-small.png</texture>
                        <visible>Container(996).HasNext</visible>
                        <animation effect="slide" end="context_slide_arrow_no" condition="$EXP[Exp_ContextMenu_HasIcon]">Conditional</animation>
                    </control>
                </control>
            </control>
        </control>

        <include content="Dialog_Settings_Button">
            <param name="id" value="1000" />
            <param name="control" value="button" />
            <width>context_icon_w</width>
        </include>

    </controls>
</window>