<shortcuts>
	<shortcut>
		<defaultID>13009</defaultID>
		<label>13009</label>
		<label2>Commande Kodi</label2>
		<icon>special://skin/extras/icons/power.png</icon>
		<thumb>special://masterprofile/addon_data/icones/quitter (2).png</thumb>
		<action>Quit</action>
		</shortcut>
	<shortcut>
		<defaultID>13005</defaultID>
		<label>13005</label>
		<label2>Commande Kodi</label2>
		<icon>special://skin/extras/icons/power.png</icon>
		<thumb>special://masterprofile/addon_data/icones/quitter-stopp.png</thumb>
		<action>ShutDown</action>
		</shortcut>
	<shortcut>
		<defaultID>20045</defaultID>
		<label>20045</label>
		<label2>Commande Kodi</label2>
		<icon>special://skin/extras/icons/actor.png</icon>
		<thumb>special://masterprofile/addon_data/icones/profil (2).png</thumb>
		<action>Mastermode</action>
		</shortcut>
	</shortcuts>
