<shortcuts>
	<shortcut>
		<defaultID />
		<label># Ma Recherche</label>
		<label2>Extensions Vidéo</label2>
		<icon>DefaultShortcut.png</icon>
		<thumb>special://masterprofile/addon_data/icones/recherche.png</thumb>
		<action>ActivateWindow(Videos,"plugin://plugin.video.sendtokodiU2P/?action=affSearch",return)</action>
		</shortcut>
	<shortcut>
		<defaultID />
		<label>Concert</label>
		<label2>Extensions Vidéo</label2>
		<icon>DefaultShortcut.png</icon>
		<thumb>special://masterprofile/addon_data/icones/concerts.png</thumb>
		<action>ActivateWindow(Videos,"plugin://plugin.video.sendtokodiU2P/?action=mediasHKFilms&amp;famille=groupes&amp;offset=0&amp;nom=concert",return)</action>
		</shortcut>
	<shortcut>
		<defaultID />
		<label>Docs Films</label>
		<label2>Programme</label2>
		<icon>DefaultShortcut.png</icon>
		<thumb>special://masterprofile/addon_data/icones/films (4).png</thumb>
		<action>ActivateWindow(Programs,"plugin://plugin.program.autowidget/?mode=group&amp;group=films_doc-1656856392.3854454&amp;refresh=&amp;reload=",return)</action>
		</shortcut>
	<shortcut>
		<defaultID />
		<label>Series Doc</label>
		<label2>Extensions Vidéo</label2>
		<icon>DefaultShortcut.png</icon>
		<thumb>special://masterprofile/addon_data/icones/tvseries3pird.png</thumb>
		<action>ActivateWindow(Videos,"plugin://plugin.program.autowidget/?mode=group&amp;group=series_doc-1662309296.804915&amp;refresh=&amp;reload=",return)</action>
		</shortcut>
	<shortcut>
		<defaultID />
		<label>Documentaire</label>
		<label2>Extensions Vidéo</label2>
		<icon>DefaultShortcut.png</icon>
		<thumb>special://masterprofile/addon_data/icones/video (4).png</thumb>
		<action>ActivateWindow(Videos,"plugin://plugin.video.sendtokodiU2P/?action=mediasHKFilms&amp;famille=docu&amp;offset=0",return)</action>
		</shortcut>
	<shortcut>
		<defaultID />
		<label>Spectacle</label>
		<label2>Extensions Vidéo</label2>
		<icon>DefaultShortcut.png</icon>
		<thumb>special://masterprofile/addon_data/icones/spectacles.png</thumb>
		<action>ActivateWindow(Videos,"plugin://plugin.video.sendtokodiU2P/?action=mediasHKFilms&amp;famille=spectacle&amp;offset=0",return)</action>
		</shortcut>
	<shortcut>
		<defaultID />
		<label>Spectacle (divers)</label>
		<label2>Programme</label2>
		<icon>DefaultShortcut.png</icon>
		<thumb>special://masterprofile/addon_data/icones/spectacle (4).png</thumb>
		<action>ActivateWindow(Programs,"plugin://plugin.program.autowidget/?mode=group&amp;group=spectacle-1656856118.780958&amp;refresh=&amp;reload=",return)</action>
		</shortcut>
	<shortcut>
		<defaultID />
		<label>Karaoké</label>
		<label2>Extensions Vidéo</label2>
		<icon>DefaultShortcut.png</icon>
		<thumb>special://masterprofile/addon_data/icones/karaoké (2).png</thumb>
		<action>ActivateWindow(Videos,"plugin://plugin.program.autowidget/?mode=group&amp;group=karaoke-1661872874.9917662&amp;refresh=&amp;reload=",return)</action>
		</shortcut>
	<shortcut>
		<defaultID />
		<label>Sport</label>
		<label2>Programme</label2>
		<icon>DefaultShortcut.png</icon>
		<thumb>special://masterprofile/addon_data/icones/sportdossier.png</thumb>
		<action>ActivateWindow(Programs,"plugin://plugin.program.autowidget/?mode=group&amp;group=sport-1656877794.9075074&amp;refresh=&amp;reload=",return)</action>
		</shortcut>
	</shortcuts>
