<shortcuts>
	<shortcut>
		<defaultID>16101</defaultID>
		<label>16101</label>
		<label2 />
		<icon>DefaultShortcut.png</icon>
		<thumb />
		<action>ActivateWindow(Videos,C:\Users\luc562\Desktop\KodiPack Silvo V0.5.19\KODI64\portable_data\addons\skin.aeon.nox.silvo\extras/UnwatchedMovies.xsp,return)</action>
		</shortcut>
	<shortcut>
		<defaultID>575</defaultID>
		<label>575</label>
		<label2 />
		<icon>DefaultShortcut.png</icon>
		<thumb />
		<action>ActivateWindow(Videos,C:\Users\luc562\Desktop\KodiPack Silvo V0.5.19\KODI64\portable_data\addons\skin.aeon.nox.silvo\extras/InProgressMovies.xsp,return)</action>
		</shortcut>
	<shortcut>
		<defaultID>31328</defaultID>
		<label>$SKIN[31328|skin.aeon.nox.silvo|None]</label>
		<label2 />
		<icon>DefaultShortcut.png</icon>
		<thumb />
		<action>ActivateWindow(Videos,videodb://recentlyaddedmovies/,return)</action>
		</shortcut>
	<shortcut>
		<defaultID>20434</defaultID>
		<label>20434</label>
		<label2 />
		<icon>DefaultShortcut.png</icon>
		<thumb />
		<action>ActivateWindow(Videos,videodb://movies/sets/,return)</action>
		</shortcut>
	<shortcut>
		<defaultID>135</defaultID>
		<label>135</label>
		<label2 />
		<icon>DefaultShortcut.png</icon>
		<thumb />
		<action>ActivateWindow(Videos,videodb://movies/genres/,return)</action>
		</shortcut>
	<shortcut>
		<defaultID>652</defaultID>
		<label>652</label>
		<label2 />
		<icon>DefaultShortcut.png</icon>
		<thumb />
		<action>ActivateWindow(Videos,videodb://movies/years/,return)</action>
		</shortcut>
	<shortcut>
		<defaultID>344</defaultID>
		<label>344</label>
		<label2 />
		<icon>DefaultShortcut.png</icon>
		<thumb />
		<action>ActivateWindow(Videos,videodb://movies/actors/,return)</action>
		</shortcut>
	<shortcut>
		<defaultID>20459</defaultID>
		<label>20459</label>
		<label2 />
		<icon>DefaultShortcut.png</icon>
		<thumb />
		<action>ActivateWindow(Videos,videodb://movies/tags/,return)</action>
		<disabled>True</disabled>
		</shortcut>
	</shortcuts>
