<shortcuts>
	<shortcut>
		<defaultID />
		<label>Accueil</label>
		<label2>Extensions Vidéo</label2>
		<icon>DefaultShortcut.png</icon>
		<thumb>image://special%3a%2f%2fhome%2faddons%5cplugin.program.autowidget%5cresources%5cmedia%5cicon%5cfolder-shortcut.png/</thumb>
		<action>ActivateWindow(Videos,"plugin://plugin.program.autowidget/?mode=group&amp;group=menu_accueil-1665913227.5119417&amp;refresh=&amp;reload=",return)</action>
		</shortcut>
	<shortcut>
		<defaultID />
		<label>Films</label>
		<label2>Extensions Vidéo</label2>
		<icon>DefaultShortcut.png</icon>
		<thumb>image://special%3a%2f%2fhome%2faddons%5cplugin.program.autowidget%5cresources%5cmedia%5cicon%5cfolder-shortcut.png/</thumb>
		<action>ActivateWindow(Videos,"plugin://plugin.program.autowidget/?mode=group&amp;group=menu_films-1665916320.0884314&amp;refresh=&amp;reload=",return)</action>
		</shortcut>
	<shortcut>
		<defaultID />
		<label>Séries</label>
		<label2>Extensions Vidéo</label2>
		<icon>DefaultShortcut.png</icon>
		<thumb>image://special%3a%2f%2fhome%2faddons%5cplugin.program.autowidget%5cresources%5cmedia%5cicon%5cfolder-shortcut.png/</thumb>
		<action>ActivateWindow(Videos,"plugin://plugin.program.autowidget/?mode=group&amp;group=menu_series-1666037354.202666&amp;refresh=&amp;reload=",return)</action>
		</shortcut>
	<shortcut>
		<defaultID />
		<label>Famille</label>
		<label2>Extensions Vidéo</label2>
		<icon>DefaultShortcut.png</icon>
		<thumb>image://special%3a%2f%2fhome%2faddons%5cplugin.program.autowidget%5cresources%5cmedia%5cicon%5cfolder-shortcut.png/</thumb>
		<action>ActivateWindow(Videos,"plugin://plugin.program.autowidget/?mode=group&amp;group=menu_famille-1666870106.3555057&amp;refresh=&amp;reload=",return)</action>
		</shortcut>
	<shortcut>
		<defaultID />
		<label>Divers</label>
		<label2>Extensions Vidéo</label2>
		<icon>DefaultShortcut.png</icon>
		<thumb>image://special%3a%2f%2fhome%2faddons%5cplugin.program.autowidget%5cresources%5cmedia%5cicon%5cfolder-shortcut.png/</thumb>
		<action>ActivateWindow(Videos,"plugin://plugin.program.autowidget/?mode=group&amp;group=menu_divers-1666191063.650026&amp;refresh=&amp;reload=",return)</action>
		</shortcut>
	<shortcut>
		<defaultID />
		<label>Trakt</label>
		<label2>Extensions Vidéo</label2>
		<icon>DefaultShortcut.png</icon>
		<thumb>thumb</thumb>
		<action>ActivateWindow(Videos,"plugin://plugin.video.themoviedb.helper/?info=dir_trakt&amp;tmdb_type=None&amp;widget=true&amp;reload=$INFO[Window(Home).Property(TMDbHelper.Widgets.Reload)]",return)</action>
		</shortcut>
	<shortcut>
		<defaultID />
		<label>Mangas</label>
		<label2>Extensions Vidéo</label2>
		<icon>DefaultShortcut.png</icon>
		<thumb>image://special%3a%2f%2fhome%2faddons%5cplugin.program.autowidget%5cresources%5cmedia%5cicon%5cfolder-shortcut.png/</thumb>
		<action>ActivateWindow(Videos,"plugin://plugin.program.autowidget/?mode=group&amp;group=menu_manga-1666191181.4656494&amp;refresh=&amp;reload=",return)</action>
		</shortcut>
	<shortcut>
		<defaultID />
		<label>TV/Replay</label>
		<label2>Extensions Vidéo</label2>
		<icon>DefaultShortcut.png</icon>
		<thumb>image://special%3a%2f%2fhome%2faddons%5cplugin.program.autowidget%5cresources%5cmedia%5cicon%5cfolder-shortcut.png/</thumb>
		<action>ActivateWindow(Videos,"plugin://plugin.program.autowidget/?mode=group&amp;group=menu_tvreplay-1666542518.9663377&amp;refresh=&amp;reload=",return)</action>
		</shortcut>
	<shortcut>
		<defaultID>settings</defaultID>
		<label>13000</label>
		<label2 />
		<icon>special://skin/extras/icons/settings.png</icon>
		<thumb />
		<action>ActivateWindow(Settings)</action>
		</shortcut>
	<shortcut>
		<defaultID>power</defaultID>
		<label>33060</label>
		<label2 />
		<icon>special://skin/extras/icons/power.png</icon>
		<thumb />
		<action>ActivateWindow(shutdownmenu)</action>
		<disabled>True</disabled>
		</shortcut>
	<shortcut>
		<defaultID>pictures</defaultID>
		<label>1</label>
		<label2 />
		<icon>special://skin/extras/icons/camera.png</icon>
		<thumb />
		<action>ActivateWindow(Pictures,return)</action>
		<disabled>True</disabled>
		</shortcut>
	<shortcut>
		<defaultID>music</defaultID>
		<label>2</label>
		<label2 />
		<icon>special://skin/extras/icons/DefaultAudio.png</icon>
		<thumb />
		<action>ActivateWindow(Music,files)</action>
		<disabled>True</disabled>
		</shortcut>
	<shortcut>
		<defaultID>movies</defaultID>
		<label>20342</label>
		<label2 />
		<icon>special://skin/extras/icons/DefaultMovies.png</icon>
		<thumb />
		<action>ActivateWindow(Videos,videodb://movies/titles/,return)</action>
		<disabled>True</disabled>
		</shortcut>
	<shortcut>
		<defaultID>tvshows</defaultID>
		<label>20343</label>
		<label2 />
		<icon>DefaultTVShows.png</icon>
		<thumb />
		<action>ActivateWindow(Videos,videodb://tvshows/titles/,return)</action>
		<disabled>True</disabled>
		</shortcut>
	<shortcut>
		<defaultID>livetv</defaultID>
		<label>$SKIN[31502|skin.aeon.nox.silvo|None]</label>
		<label2 />
		<icon>special://skin/extras/icons/remote.png</icon>
		<thumb />
		<action>ActivateWindow(TVChannels)</action>
		<disabled>True</disabled>
		</shortcut>
	<shortcut>
		<defaultID>videos</defaultID>
		<label>3</label>
		<label2 />
		<icon>special://skin/extras/icons/DefaultVideo.png</icon>
		<thumb />
		<action>ActivateWindow(Videos,root)</action>
		<disabled>True</disabled>
		</shortcut>
	<shortcut>
		<defaultID>programs</defaultID>
		<label>$SKIN[31957|skin.aeon.nox.silvo|None]</label>
		<label2 />
		<icon>special://skin/extras/icons/DefaultAddon.png</icon>
		<thumb />
		<action>ActivateWindow(1133)</action>
		<disabled>True</disabled>
		</shortcut>
	<shortcut>
		<defaultID>games</defaultID>
		<label>15016</label>
		<label2 />
		<icon>DefaultGames.png</icon>
		<thumb />
		<action>ActivateWindow(Games)</action>
		<visible>System.GetBool(gamesgeneral.enable)</visible>
		<disabled>True</disabled>
		</shortcut>
	<shortcut>
		<defaultID>search</defaultID>
		<label>137</label>
		<label2 />
		<icon>DefaultIconSearch.png</icon>
		<thumb />
		<action>ActivateWindow(1129)</action>
		<disabled>True</disabled>
		</shortcut>
	<shortcut>
		<defaultID>playdisc</defaultID>
		<label>$SKIN[31958|skin.aeon.nox.silvo|None]</label>
		<label2 />
		<icon>special://skin/extras/icons/Disc.png</icon>
		<thumb />
		<action>PlayDisc</action>
		<visible>System.HasMediaDVD</visible>
		</shortcut>
	<shortcut>
		<defaultID>weather</defaultID>
		<label>12600</label>
		<label2 />
		<icon>special://skin/extras/icons/weather.png</icon>
		<thumb />
		<action>ActivateWindow(Weather)</action>
		<disabled>True</disabled>
		</shortcut>
	<shortcut>
		<defaultID>musicvideos</defaultID>
		<label>20389</label>
		<label2 />
		<icon>DefaultMusicVideos.png</icon>
		<thumb />
		<action>ActivateWindow(Videos,videodb://musicvideos/titles/,return)</action>
		<disabled>True</disabled>
		</shortcut>
	</shortcuts>
