<shortcuts>
	<shortcut>
		<defaultID>luc562</defaultID>
		<label>Luc562</label>
		<label2>Favoris</label2>
		<icon>DefaultFolder.png</icon>
		<thumb>special://home/addons/plugin.video.sendtokodiU2P/resources/png/pastebin.png</thumb>
		<action>ActivateWindow(10025,"plugin://plugin.video.sendtokodiU2P/?action=actifP&amp;passwd=starGATE05051956",return)</action>
		</shortcut>
	<shortcut>
		<defaultID>katia</defaultID>
		<label>Katia</label>
		<label2>Favoris</label2>
		<icon>DefaultFolder.png</icon>
		<thumb>special://home/addons/plugin.video.sendtokodiU2P/resources/png/pastebin.png</thumb>
		<action>ActivateWindow(10025,"plugin://plugin.video.sendtokodiU2P/?action=actifP&amp;passwd=neferTITI%40240859",return)</action>
		</shortcut>
	</shortcuts>
