<shortcuts>
	<shortcut>
		<defaultID />
		<label>Mes Concerts</label>
		<label2>Extensions Vidéo</label2>
		<icon>DefaultShortcut.png</icon>
		<thumb>image://special%3a%2f%2fhome%2faddons%2fplugin.video.sendtokodiU2P%2fresources%2fpng%2fgroupe.png/</thumb>
		<action>ActivateWindow(Videos,"plugin://plugin.video.sendtokodiU2P/?action=MenuFilm&amp;listeV=Mes+Concerts",return)</action>
		</shortcut>
	<shortcut>
		<defaultID />
		<label>CONCERTS</label>
		<label2>Extensions Vidéo</label2>
		<icon>DefaultShortcut.png</icon>
		<thumb>image://special%3a%2f%2fhome%2faddons%2fplugin.video.sendtokodiU2P%2fresources%2fpng%2fgroupe.png/</thumb>
		<action>ActivateWindow(Videos,"plugin://plugin.video.sendtokodiU2P/?action=MenuFilm&amp;groupe=CONCERTS",return)</action>
		</shortcut>
	<shortcut>
		<defaultID />
		<label>Concerts 2</label>
		<label2>Extensions Vidéo</label2>
		<icon>DefaultShortcut.png</icon>
		<thumb>image://special%3a%2f%2fhome%2faddons%2fplugin.video.sendtokodiU2P%2fresources%2fpng%2fgroupe.png/</thumb>
		<action>ActivateWindow(Videos,"plugin://plugin.video.sendtokodiU2P/?action=MenuFilm&amp;groupe=Concerts",return)</action>
		</shortcut>
	<shortcut>
		<defaultID />
		<label>Spectacles</label>
		<label2>Extensions Vidéo</label2>
		<icon>DefaultShortcut.png</icon>
		<thumb>image://special%3a%2f%2fhome%2faddons%2fplugin.video.sendtokodiU2P%2fresources%2fpng%2fgroupe.png/</thumb>
		<action>ActivateWindow(Videos,"plugin://plugin.video.sendtokodiU2P/?action=MenuFilm&amp;groupe=Spectacles",return)</action>
		</shortcut>
	<shortcut>
		<defaultID />
		<label>Spectacle Divers</label>
		<label2>Extensions Vidéo</label2>
		<icon>DefaultShortcut.png</icon>
		<thumb>image://special%3a%2f%2fhome%2faddons%2fplugin.video.sendtokodiU2P%2fresources%2fpng%2fgroupe.png/</thumb>
		<action>ActivateWindow(Videos,"plugin://plugin.video.sendtokodiU2P/?action=MenuFilm&amp;groupe=Spectacle",return)</action>
		</shortcut>
	<shortcut>
		<defaultID />
		<label>Humoristes</label>
		<label2>Extensions Vidéo</label2>
		<icon>DefaultShortcut.png</icon>
		<thumb>image://special%3a%2f%2fhome%2faddons%2fplugin.video.sendtokodiU2P%2fresources%2fpng%2fgroupe.png/</thumb>
		<action>ActivateWindow(Videos,"plugin://plugin.video.sendtokodiU2P/?action=MenuFilm&amp;groupe=Humoristes",return)</action>
		</shortcut>
	<shortcut>
		<defaultID />
		<label>Music</label>
		<label2>Extensions Vidéo</label2>
		<icon>DefaultShortcut.png</icon>
		<thumb>image://special%3a%2f%2fhome%2faddons%2fplugin.video.sendtokodiU2P%2fresources%2fpng%2fgroupe.png/</thumb>
		<action>ActivateWindow(Videos,"plugin://plugin.video.sendtokodiU2P/?action=MenuFilm&amp;groupe=Music",return)</action>
		</shortcut>
	<shortcut>
		<defaultID />
		<label>showTV</label>
		<label2>Extensions Vidéo</label2>
		<icon>DefaultShortcut.png</icon>
		<thumb>image://special%3a%2f%2fhome%2faddons%2fplugin.video.sendtokodiU2P%2fresources%2fpng%2fshowTV.png/</thumb>
		<action>ActivateWindow(Videos,"plugin://plugin.video.sendtokodiU2P/?action=MenuDivers&amp;repo=showTV",return)</action>
		</shortcut>
	<shortcut>
		<defaultID />
		<label>Sport (divers)</label>
		<label2>Programme</label2>
		<icon>DefaultShortcut.png</icon>
		<thumb>image://special%3a%2f%2fhome%2faddons%5cplugin.program.autowidget%5cresources%5cmedia%5cicon%5cfolder-shortcut.png/</thumb>
		<action>ActivateWindow(Programs,"plugin://plugin.program.autowidget/?mode=group&amp;group=sport_%28de_tout%29-1646514927.6909595&amp;refresh=&amp;reload=",return)</action>
		</shortcut>
	</shortcuts>
