<shortcuts>
	<shortcut>
		<defaultID>plugin.video.sendtokodiU2P</defaultID>
		<label>U2Pplay</label>
		<label2>Extensions Vidéo</label2>
		<icon>DefaultShortcut.png</icon>
		<thumb>special://masterprofile/addon_data/icones/HK2 (5) (1).png</thumb>
		<action>ActivateWindow(Videos,"plugin://plugin.video.sendtokodiU2P",return)</action>
		</shortcut>
	<shortcut>
		<defaultID />
		<label>Setting</label>
		<label2>Extensions Vidéo</label2>
		<icon>DefaultShortcut.png</icon>
		<thumb>special://masterprofile/addon_data/icones/hk2paramètres.png</thumb>
		<action>ActivateWindow(Videos,"plugin://plugin.video.sendtokodiU2P/?action=setting",return)</action>
		</shortcut>
	<shortcut>
		<defaultID />
		<label>Création Listes lecture</label>
		<label2>Extensions Vidéo</label2>
		<icon>DefaultShortcut.png</icon>
		<thumb>special://masterprofile/addon_data/icones/listecreer.png</thumb>
		<action>ActivateWindow(Videos,"plugin://plugin.video.sendtokodiU2P/?action=createLV",return)</action>
		</shortcut>
	<shortcut>
		<defaultID />
		<label>Mes Listes Films</label>
		<label2>Extensions Vidéo</label2>
		<icon>DefaultShortcut.png</icon>
		<thumb>special://masterprofile/addon_data/icones/liste.png</thumb>
		<action>ActivateWindow(Videos,"plugin://plugin.video.sendtokodiU2P/?action=MenuFilm&amp;famille=Mes+Widgets",return)</action>
		</shortcut>
	<shortcut>
		<defaultID />
		<label>Mes Listes Séries</label>
		<label2>Extensions Vidéo</label2>
		<icon>DefaultShortcut.png</icon>
		<thumb>special://masterprofile/addon_data/icones/liste.png</thumb>
		<action>ActivateWindow(Videos,"plugin://plugin.video.sendtokodiU2P/?action=MenuSerie&amp;famille=Mes+Widgets",return)</action>
		</shortcut>
	<shortcut>
		<defaultID />
		<label>Supprimer Listes</label>
		<label2>Extensions Vidéo</label2>
		<icon>DefaultShortcut.png</icon>
		<thumb>special://masterprofile/addon_data/icones/listess.png</thumb>
		<action>ActivateWindow(Videos,"plugin://plugin.video.sendtokodiU2P/?action=supL",return)</action>
		</shortcut>
	</shortcuts>
