<shortcuts>
	<shortcut>
		<defaultID />
		<label>Liked Lists Trakt</label>
		<label2>Extensions Vidéo</label2>
		<icon>DefaultShortcut.png</icon>
		<thumb>image://C%3a%5cUsers%5cLuc56%5cDesktop%5cKodiHK2MiMic%20Tab%5cKODI64%5cportable_data%5caddons%5cplugin.video.themoviedb.helper%5c%2fresources%2ficons%2ftrakt%2flikedlist.png/</thumb>
		<action>ActivateWindow(Videos,"plugin://plugin.video.themoviedb.helper/?info=trakt_likedlists&amp;tmdb_type=both&amp;widget=true",return)</action>
		</shortcut>
	<shortcut>
		<defaultID />
		<label>Listes Trakt</label>
		<label2>Extensions Vidéo</label2>
		<icon>DefaultShortcut.png</icon>
		<thumb>image://special%3a%2f%2fhome%2faddons%2fplugin.video.sendtokodiU2P%2fresources%2fpng%2ftrakt.png/</thumb>
		<action>ActivateWindow(Videos,"plugin://plugin.video.sendtokodiU2P/?action=mediasHKSeries&amp;famille=Listes+Trakt",return)</action>
		</shortcut>
	<shortcut>
		<defaultID />
		<label>Films TMDB</label>
		<label2>Extensions Vidéo</label2>
		<icon>DefaultShortcut.png</icon>
		<thumb>image://C%3a%5cUsers%5cLuc56%5cDesktop%5cKodiHK2MiMic%20Tab%5cKODI64%5cportable_data%5caddons%5cplugin.video.themoviedb.helper%5c%2fresources%2ficons%2ftmdb%2fmovies.png/</thumb>
		<action>ActivateWindow(Videos,"plugin://plugin.video.themoviedb.helper/?info=dir_movie&amp;tmdb_type=None&amp;widget=true",return)</action>
		</shortcut>
	<shortcut>
		<defaultID />
		<label>Séries TMDB</label>
		<label2>Extensions Vidéo</label2>
		<icon>DefaultShortcut.png</icon>
		<thumb>image://C%3a%5cUsers%5cLuc56%5cDesktop%5cKodiHK2MiMic%20Tab%5cKODI64%5cportable_data%5caddons%5cplugin.video.themoviedb.helper%5c%2fresources%2ficons%2ftmdb%2ftv.png/</thumb>
		<action>ActivateWindow(Videos,"plugin://plugin.video.themoviedb.helper/?info=dir_tv&amp;tmdb_type=None&amp;widget=true",return)</action>
		</shortcut>
	</shortcuts>
