<shortcuts>
	<shortcut>
		<defaultID>13009</defaultID>
		<label>13009</label>
		<label2>Commande Kodi</label2>
		<icon>special://skin/extras/icons/power.png</icon>
		<thumb>special://skin/extras/icons/power.png</thumb>
		<action>Quit</action>
		</shortcut>
	<shortcut>
		<defaultID>20045</defaultID>
		<label>Gestion des fichiers</label>
		<label2>Elément personnalisé</label2>
		<icon>special://skin/extras/icons/actor.png</icon>
		<thumb>special://skin/extras/icons/add.png</thumb>
		<action>ActivateWindow(FileManager)</action>
		</shortcut>
	<shortcut>
		<defaultID />
		<label>IPTV</label>
		<label2>Extensions Vidéo</label2>
		<icon>DefaultShortcut.png</icon>
		<thumb>special://skin/extras/icons/tv.png</thumb>
		<action>ActivateWindow(Videos,"plugin://plugin.video.sendtokodiU2P/?action=iptvLoad",return)</action>
		</shortcut>
	<shortcut>
		<defaultID />
		<label>Favoris TV</label>
		<label2>Extensions Vidéo</label2>
		<icon>DefaultShortcut.png</icon>
		<thumb>special://skin/extras/icons/favourite.png</thumb>
		<action>ActivateWindow(Videos,"plugin://plugin.video.sendtokodiU2P/?action=IPTVfav",return)</action>
		</shortcut>
	</shortcuts>
