<shortcuts>
	<shortcut>
		<defaultID>13005</defaultID>
		<label>Quitter</label>
		<label2>Commande Kodi</label2>
		<icon>special://skin/extras/icons/power.png</icon>
		<thumb>special://masterprofile/addon_data/icones/R (21) (1).png</thumb>
		<action>ShutDown</action>
		</shortcut>
	<shortcut>
		<defaultID>33060</defaultID>
		<label>33060</label>
		<label2 />
		<icon>DefaultShortcut.png</icon>
		<thumb>special://masterprofile/addon_data/icones/alim.png</thumb>
		<action>ActivateWindow(shutdownmenu)</action>
		</shortcut>
	<shortcut>
		<defaultID />
		<label>MàJour Médias HK2</label>
		<label2>Elément personnalisé</label2>
		<icon>DefaultShortcut.png</icon>
		<thumb>special://masterprofile/addon_data/icones/rechargerUpdate.png</thumb>
		<action>PlayMedia("plugin://plugin.video.sendtokodiU2P/?action=majhkneww")</action>
		</shortcut>
	<shortcut>
		<defaultID />
		<label>Recharger Habillage</label>
		<label2>Elément personnalisé</label2>
		<icon>DefaultShortcut.png</icon>
		<thumb>special://masterprofile/addon_data/icones/rechargerUpdate.png</thumb>
		<action>PlayMedia("plugin://plugin.video.sendtokodiU2P/?action=majhkneww&amp;action=rlk")</action>
		</shortcut>
	<shortcut>
		<defaultID />
		<label>Hk2 Paramètres</label>
		<label2>Extensions Vidéo</label2>
		<icon>DefaultShortcut.png</icon>
		<thumb>special://masterprofile/addon_data/icones/HK2para.png</thumb>
		<action>ActivateWindow(Videos,"plugin://plugin.video.sendtokodiU2P/?action=setting",return)</action>
		</shortcut>
	<shortcut>
		<defaultID />
		<label>Hk2 Média</label>
		<label2>Extensions Vidéo</label2>
		<icon>DefaultShortcut.png</icon>
		<thumb>special://masterprofile/addon_data/icones/HK2ouvrir.png</thumb>
		<action>ActivateWindow(Videos,"plugin://plugin.video.sendtokodiU2P/?action=movies",return)</action>
		</shortcut>
	<shortcut>
		<defaultID>plugin.program.Skodi</defaultID>
		<label>[COLOR lime]Skodi[/COLOR]</label>
		<label2>Programme</label2>
		<icon>DefaultShortcut.png</icon>
		<thumb>special://masterprofile/addon_data/icones/skodi (6).png</thumb>
		<action>ActivateWindow(Programs,"plugin://plugin.program.Skodi",return)</action>
		</shortcut>
	<shortcut>
		<defaultID>plugin.program.autowidget</defaultID>
		<label>AutoWidget</label>
		<label2>Extensions Vidéo</label2>
		<icon>DefaultShortcut.png</icon>
		<thumb>special://masterprofile/addon_data/icones/autowidget (2).png</thumb>
		<action>ActivateWindow(Videos,"plugin://plugin.program.autowidget",return)</action>
		</shortcut>
	<shortcut>
		<defaultID>plugin.video.themoviedb.helper</defaultID>
		<label>TheMovieDb Helper</label>
		<label2>Extensions Vidéo</label2>
		<icon>DefaultShortcut.png</icon>
		<thumb>special://masterprofile/addon_data/icones/tmdb (3).png</thumb>
		<action>ActivateWindow(Videos,"plugin://plugin.video.themoviedb.helper",return)</action>
		</shortcut>
	<shortcut>
		<defaultID>24001</defaultID>
		<label>24001</label>
		<label2>Paramètres</label2>
		<icon>special://skin/extras/icons/addon.png</icon>
		<thumb>special://masterprofile/addon_data/icones/addon2.png</thumb>
		<action>ActivateWindow(AddonBrowser)</action>
		</shortcut>
	<shortcut>
		<defaultID>20077</defaultID>
		<label>20077</label>
		<label2 />
		<icon>special://skin/extras/icons/skin.png</icon>
		<thumb>special://masterprofile/addon_data/icones/paramètres.png</thumb>
		<action>ActivateWindow(SkinSettings)</action>
		</shortcut>
	<shortcut>
		<defaultID>7</defaultID>
		<label>7</label>
		<label2 />
		<icon>special://skin/extras/icons/file.png</icon>
		<thumb>special://masterprofile/addon_data/icones/gestionfichiers (3).png</thumb>
		<action>ActivateWindow(FileManager)</action>
		</shortcut>
	<shortcut>
		<defaultID>13200</defaultID>
		<label>13200</label>
		<label2 />
		<icon>special://skin/extras/icons/actor.png</icon>
		<thumb>special://masterprofile/addon_data/icones/profil.png</thumb>
		<action>ActivateWindow(Profiles)</action>
		</shortcut>
	<shortcut>
		<defaultID>130</defaultID>
		<label>130</label>
		<label2 />
		<icon>DefaultShortcut.png</icon>
		<thumb>special://masterprofile/addon_data/icones/My project-1 - Copie.png</thumb>
		<action>ActivateWindow(SystemInfo)</action>
		</shortcut>
	</shortcuts>
