<shortcuts>
	<shortcut>
		<defaultID>20183</defaultID>
		<label>20183</label>
		<label2>Commande Kodi</label2>
		<icon>DefaultShortcut.png</icon>
		<thumb />
		<action>ReloadSkin()</action>
		</shortcut>
	<shortcut>
		<defaultID>13009</defaultID>
		<label>13009</label>
		<label2>Commande Kodi</label2>
		<icon>DefaultShortcut.png</icon>
		<thumb />
		<action>Quit</action>
		</shortcut>
	<shortcut>
		<defaultID>plugin.program.autowidget</defaultID>
		<label>AutoWidget</label>
		<label2>Extensions Vidéo</label2>
		<icon>DefaultShortcut.png</icon>
		<thumb>thumb</thumb>
		<action>ActivateWindow(Videos,"plugin://plugin.program.autowidget",return)</action>
		</shortcut>
	<shortcut>
		<defaultID>plugin.video.themoviedb.helper</defaultID>
		<label>TheMovieDb Helper</label>
		<label2>Extensions Vidéo</label2>
		<icon>DefaultShortcut.png</icon>
		<thumb>thumb</thumb>
		<action>ActivateWindow(Videos,"plugin://plugin.video.themoviedb.helper",return)</action>
		</shortcut>
	</shortcuts>
