<shortcuts>
	<shortcut>
		<defaultID />
		<label>[B]Recherche [COLOR lightskyblue][I](Film)[/B][/I][/COLOR]</label>
		<label2>Elément personnalisé</label2>
		<icon>DefaultShortcut.png</icon>
		<thumb>special://skin/extras/icons/search.png</thumb>
		<action>ActivateWindow(Videos,"plugin://plugin.video.vstream/?site=pastebin&amp;function=showSearch&amp;title=Recherche+&amp;siteUrl=https%3A%2F%2Fpastebin.com%2Fraw%2F%26numPage%3D1%26sMedia%3Dfilm%26sSearch%3D&amp;sFav=showSearch",return)</action>
		</shortcut>
	<shortcut>
		<defaultID />
		<label>[B][COLOR lightskyblue]Gagnant des Oscars[/COLOR][/B]</label>
		<label2>Extensions Vidéo</label2>
		<icon>DefaultShortcut.png</icon>
		<thumb>special://skin/extras/icons/_ star tv.png</thumb>
		<action>ActivateWindow(Videos,"plugin://plugin.video.vstream/?site=pastebin&amp;function=showGroupeDetails&amp;title=Gagnants+d%27Oscar&amp;siteUrl=https%3A%2F%2Fpastebin.com%2Fraw%2F%26numPage%3D1%26sMedia%3Dfilm%26pasteID%3D1%26sGroupe%3DGagnants+d%27Oscar&amp;sFav=showGroupeDetails",return)</action>
		</shortcut>
	<shortcut>
		<defaultID />
		<label>[B][COLOR lightskyblue]Gagnants des Césars[/B][/COLOR]</label>
		<label2>Extensions Vidéo</label2>
		<icon>DefaultShortcut.png</icon>
		<thumb>special://skin/extras/icons/_ tros.png</thumb>
		<action>ActivateWindow(Videos,"plugin://plugin.video.vstream/?site=pastebin&amp;function=showMovies&amp;title=Gagnants+des+C%C3%A9sars&amp;siteUrl=https%3A%2F%2Fpastebin.com%2Fraw%2F%26numPage%3D1%26sMedia%3Dfilm%26pasteID%3D1%26sGroupe%3DGagnants+des+C%C3%A9sars&amp;sFav=showMovies",return)</action>
		</shortcut>
	<shortcut>
		<defaultID />
		<label>[B][COLOR lightskyblue]LES TOP Films[/B][/COLOR]</label>
		<label2>Extensions Vidéo</label2>
		<icon>DefaultShortcut.png</icon>
		<thumb>special://skin/extras/icons/userrating.png</thumb>
		<action>ActivateWindow(Videos,"plugin://plugin.video.vstream/?site=pastebin&amp;function=showMovies&amp;title=LES+TOP&amp;siteUrl=https%3A%2F%2Fpastebin.com%2Fraw%2F%26numPage%3D1%26sMedia%3Dfilm%26pasteID%3D1%26sGroupe%3DLES+TOP&amp;sFav=showMovies",return)</action>
		</shortcut>
	<shortcut>
		<defaultID />
		<label>[B][COLOR lightskyblue]Spécial horreur[/B][/COLOR]</label>
		<label2>Extensions Vidéo</label2>
		<icon>DefaultShortcut.png</icon>
		<thumb>special://skin/extras/icons/skull.png</thumb>
		<action>ActivateWindow(Videos,"plugin://plugin.video.vstream/?site=pastebin&amp;function=showGroupeDetails&amp;title=Sp%C3%A9cial+horreur&amp;siteUrl=https%3A%2F%2Fpastebin.com%2Fraw%2F%26numPage%3D1%26sMedia%3Dfilm%26pasteID%3D1%26sGroupe%3DSp%C3%A9cial+horreur&amp;sFav=showGroupeDetails",return)</action>
		</shortcut>
	<shortcut>
		<defaultID />
		<label>[B][COLOR lightskyblue]Super Héros[/B][/COLOR]</label>
		<label2>Elément personnalisé</label2>
		<icon>DefaultShortcut.png</icon>
		<thumb>special://skin/extras/icons/hero.png</thumb>
		<action>ActivateWindow(Videos,"plugin://plugin.video.vstream/?site=pastebin&amp;function=showGroupeDetails&amp;title=Super+Heros&amp;siteUrl=https%3A%2F%2Fpastebin.com%2Fraw%2F%26numPage%3D1%26sMedia%3Dfilm%26sGroupe%3DSuper+Heros&amp;sFav=showGroupeDetails",return)</action>
		</shortcut>
	<shortcut>
		<defaultID />
		<label>[B][COLOR lightskyblue]Saint Valentin[/B][/COLOR]</label>
		<label2>Extensions Vidéo</label2>
		<icon>DefaultShortcut.png</icon>
		<thumb>special://skin/extras/icons/top100.png</thumb>
		<action>ActivateWindow(Videos,"plugin://plugin.video.vstream/?site=pastebin&amp;function=showGroupeDetails&amp;title=Saint+Valentin&amp;siteUrl=https%3A%2F%2Fpastebin.com%2Fraw%2F%26numPage%3D1%26sMedia%3Dfilm%26pasteID%3D1%26sGroupe%3DSaint+Valentin&amp;sFav=showGroupeDetails",return)</action>
		</shortcut>
	<shortcut>
		<defaultID />
		<label>[B][COLOR lightskyblue]Bollywood[/B][/COLOR]</label>
		<label2>Extensions Vidéo</label2>
		<icon>DefaultShortcut.png</icon>
		<thumb>special://skin/media/DefaultAddonWebSkin.png</thumb>
		<action>ActivateWindow(Videos,"plugin://plugin.video.vstream/?site=pastebin&amp;function=showMovies&amp;title=Bollywood&amp;siteUrl=https%3A%2F%2Fpastebin.com%2Fraw%2F%26numPage%3D1%26sMedia%3Dfilm%26pasteID%3D1%26sGroupe%3DBollywood&amp;sFav=showMovies",return)</action>
		</shortcut>
	<shortcut>
		<defaultID />
		<label>[B][COLOR lightskyblue]Asian VostFr[/B][/COLOR]</label>
		<label2>Extensions Vidéo</label2>
		<icon>DefaultShortcut.png</icon>
		<thumb>special://skin/media/DefaultAddonLanguage.png</thumb>
		<action>ActivateWindow(Videos,"plugin://plugin.video.vstream/?site=pastebin&amp;function=showMovies&amp;title=Asian+VostFr&amp;siteUrl=https%3A%2F%2Fpastebin.com%2Fraw%2F%26numPage%3D1%26sMedia%3Dfilm%26pasteID%3D1%26sGroupe%3DAsian+VostFr&amp;sFav=showMovies",return)</action>
		</shortcut>
	<shortcut>
		<defaultID />
		<label>[B][COLOR lightskyblue]Selection de Ray[/B][/COLOR]</label>
		<label2>Extensions Vidéo</label2>
		<icon>DefaultShortcut.png</icon>
		<thumb>special://skin/extras/icons/_ darkhorse.png</thumb>
		<action>ActivateWindow(Videos,"plugin://plugin.video.vstream/?site=pastebin&amp;function=showMovies&amp;title=Selection+de+Ray&amp;siteUrl=https%3A%2F%2Fpastebin.com%2Fraw%2F%26numPage%3D1%26sMedia%3Dfilm%26pasteID%3D1%26sGroupe%3DSelection+de+Ray&amp;sFav=showMovies",return)</action>
		</shortcut>
	<shortcut>
		<defaultID />
		<label>[B][COLOR lightskyblue]Classements PassionFlix[/B][/COLOR]</label>
		<label2>Extensions Vidéo</label2>
		<icon>DefaultShortcut.png</icon>
		<thumb>special://skin/extras/icons/_ paramount-film.png</thumb>
		<action>ActivateWindow(Videos,"plugin://plugin.video.vstream/?site=pastebin&amp;function=showGroupeDetails&amp;title=Classements+PassionFlix&amp;siteUrl=https%3A%2F%2Fpastebin.com%2Fraw%2F%26numPage%3D1%26sMedia%3Dfilm%26pasteID%3D1%26sGroupe%3DClassements+PassionFlix&amp;sFav=showGroupeDetails",return)</action>
		</shortcut>
	<shortcut>
		<defaultID />
		<label>[B][COLOR lightskyblue]Genres[/B][/COLOR]</label>
		<label2>Extensions Vidéo</label2>
		<icon>DefaultShortcut.png</icon>
		<thumb>special://skin/extras/icons/genre.png</thumb>
		<action>ActivateWindow(Videos,"plugin://plugin.video.vstream/?site=pastebin&amp;function=showGenreMovieTMDB&amp;title=Films+&amp;siteUrl=genre%2Fmovie%2Flist&amp;sFav=showGenreMovieTMDB",return)</action>
		</shortcut>
	<shortcut>
		<defaultID />
		<label>[B][COLOR lightskyblue]Sagas[/B][/COLOR]</label>
		<label2>Elément personnalisé</label2>
		<icon>DefaultShortcut.png</icon>
		<thumb>special://skin/extras/icons/collection.png</thumb>
		<action>ActivateWindow(Videos,"plugin://plugin.video.vstream/?site=pastebin&amp;function=showGroupeDetails&amp;title=Dossier&amp;siteUrl=https%3A%2F%2Fpastebin.com%2Fraw%2F%26numPage%3D1%26sMedia%3Dfilm%26pasteID%3D1%26sGroupe%3DDossier&amp;sFav=showGroupeDetails",return)</action>
		</shortcut>
	<shortcut>
		<defaultID />
		<label>[B][COLOR lightskyblue]Films (Les mieux notés)[/B][/COLOR]</label>
		<label2>Extensions Vidéo</label2>
		<icon>DefaultShortcut.png</icon>
		<thumb>special://skin/extras/icons/award.png</thumb>
		<action>ActivateWindow(Videos,"plugin://plugin.video.vstream/?site=pastebin&amp;function=showTMDB&amp;title=Films+&amp;siteUrl=movie%2Ftop_rated&amp;sFav=showTMDB",return)</action>
		</shortcut>
	<shortcut>
		<defaultID />
		<label>[B][COLOR lightskyblue]Films Aléatoires[/B][/COLOR]</label>
		<label2>Extensions Vidéo</label2>
		<icon>DefaultShortcut.png</icon>
		<thumb>special://skin/extras/icons/_ channelfour.png</thumb>
		<action>ActivateWindow(Videos,"plugin://plugin.video.vstream/?site=pastebin&amp;function=showMovies&amp;title=Films+&amp;siteUrl=https%3A%2F%2Fpastebin.com%2Fraw%2F%26numPage%3D1%26sMedia%3Dfilm%26bRandom%3DTrue&amp;sFav=showMovies",return)</action>
		</shortcut>
	<shortcut>
		<defaultID />
		<label>[B]Recherche [COLOR blueviolet] Menu de film sur U2Pplay[/B][/COLOR]</label>
		<label2>Extensions Vidéo</label2>
		<icon>DefaultShortcut.png</icon>
		<thumb>special://skin/extras/icons/year.png</thumb>
		<action>ActivateWindow(Videos,"plugin://plugin.video.sendtokodiU2P/?action=MenuFilm",return)</action>
		</shortcut>
	</shortcuts>
