<shortcuts>
	<shortcut>
		<defaultID>youtube</defaultID>
		<label>Youtube</label>
		<label2>Prédéfini</label2>
		<icon>special://skin/extras/icons/youtube.png</icon>
		<thumb />
		<action>DefaultSearch-Youtube</action>
		</shortcut>
	<shortcut>
		<defaultID>movies</defaultID>
		<label>342</label>
		<label2>Prédéfini</label2>
		<icon>special://skin/extras/icons/film.png</icon>
		<thumb />
		<action>DefaultSearch-Movies</action>
		</shortcut>
	<shortcut>
		<defaultID>tvshows</defaultID>
		<label>20343</label>
		<label2>Prédéfini</label2>
		<icon>special://skin/extras/icons/tv.png</icon>
		<thumb />
		<action>DefaultSearch-TvShows</action>
		</shortcut>
	<shortcut>
		<defaultID>20360</defaultID>
		<label>20360</label>
		<label2>Prédéfini</label2>
		<icon>special://skin/extras/icons/tv.png</icon>
		<thumb />
		<action>DefaultSearch-Episodes</action>
		</shortcut>
	<shortcut>
		<defaultID>132</defaultID>
		<label>132</label>
		<label2>Prédéfini</label2>
		<icon>special://skin/extras/icons/songs.png</icon>
		<thumb />
		<action>DefaultSearch-Albums</action>
		</shortcut>
	<shortcut>
		<defaultID>133</defaultID>
		<label>133</label>
		<label2>Prédéfini</label2>
		<icon>special://skin/extras/icons/songs.png</icon>
		<thumb />
		<action>DefaultSearch-Artists</action>
		</shortcut>
	<shortcut>
		<defaultID>134</defaultID>
		<label>134</label>
		<label2>Prédéfini</label2>
		<icon>special://skin/extras/icons/songs.png</icon>
		<thumb />
		<action>DefaultSearch-Songs</action>
		</shortcut>
	<shortcut>
		<defaultID>musicvideos</defaultID>
		<label>20389</label>
		<label2>Prédéfini</label2>
		<icon>special://skin/extras/icons/musicvideo.png</icon>
		<thumb />
		<action>DefaultSearch-MusicVideos</action>
		</shortcut>
	<shortcut>
		<defaultID>musicvideos--0</defaultID>
		<label>20389</label>
		<label2>Prédéfini</label2>
		<icon>special://skin/extras/icons/musicvideo.png</icon>
		<thumb />
		<action>DefaultSearch-MusicVideoArtists</action>
		</shortcut>
	<shortcut>
		<defaultID>31168</defaultID>
		<label>$SKIN[31168|skin.arctic.horizon.2|None]</label>
		<label2>Prédéfini</label2>
		<icon>special://skin/extras/icons/film.png</icon>
		<thumb />
		<action>DefaultSearch-TMDBMovies</action>
		</shortcut>
	<shortcut>
		<defaultID>31169</defaultID>
		<label>$SKIN[31169|skin.arctic.horizon.2|None]</label>
		<label2>Prédéfini</label2>
		<icon>special://skin/extras/icons/tv.png</icon>
		<thumb />
		<action>DefaultSearch-TMDBShows</action>
		</shortcut>
	<shortcut>
		<defaultID>31170</defaultID>
		<label>$SKIN[31170|skin.arctic.horizon.2|None]</label>
		<label2>Prédéfini</label2>
		<icon>special://skin/extras/icons/sets.png</icon>
		<thumb />
		<action>DefaultSearch-TMDBSets</action>
		</shortcut>
	<shortcut>
		<defaultID>31171</defaultID>
		<label>$SKIN[31171|skin.arctic.horizon.2|None]</label>
		<label2>Prédéfini</label2>
		<icon>special://skin/extras/icons/person.png</icon>
		<thumb />
		<action>DefaultSearch-TMDBPeople</action>
		</shortcut>
	</shortcuts>
