<shortcuts>
	<shortcut>
		<defaultID />
		<label>TV en direct</label>
		<label2>Extensions Vidéo</label2>
		<icon>DefaultShortcut.png</icon>
		<thumb>image://resource%3a%2f%2fresource.images.catchuptvandmore%2flive_tv.png/</thumb>
		<action>ActivateWindow(Videos,"plugin://plugin.video.catchuptvandmore/resources/lib/main/generic_menu/?_pickle_=8004953e000000000000007d94288c075f7469746c655f948c0c545620656e20646972656374948c08786d6c74765f6964944e8c076974656d5f6964948c076c6976655f747694752e",return)</action>
		</shortcut>
	<shortcut>
		<defaultID />
		<label>[B]Emission TV[/B]</label>
		<label2>Extensions Vidéo</label2>
		<icon>DefaultShortcut.png</icon>
		<thumb>image://special%3a%2f%2fhome%2faddons%2fplugin.video.vstream%2fresources%2fart%2fgenres.png/</thumb>
		<action>ActivateWindow(Videos,"plugin://plugin.video.vstream/?site=pastebin&amp;function=showMovies&amp;title=-Emission+TV&amp;siteUrl=https%3A%2F%2Fpastebin.com%2Fraw%2F%26numPage%3D1%26sMedia%3Dserie%26pasteID%3D7%26sGroupe%3D-Emission+TV&amp;sFav=showMovies",return)</action>
		</shortcut>
	<shortcut>
		<defaultID />
		<label>[COLOR lightgreen][B]Replay[/B][/COLOR]</label>
		<label2>Extensions Vidéo</label2>
		<icon>DefaultShortcut.png</icon>
		<thumb>image://resource%3a%2f%2fresource.images.catchuptvandmore%2fchannels%2ffr.png/</thumb>
		<action>ActivateWindow(Videos,"plugin://plugin.video.catchuptvandmore/resources/lib/main/generic_menu/?_pickle_=8004953a000000000000007d94288c075f7469746c655f948c064672616e6365948c08786d6c74765f6964944e8c076974656d5f6964948c0966725f7265706c617994752e",return)</action>
		</shortcut>
	<shortcut>
		<defaultID />
		<label>Replay [B]Divertissements[/B]</label>
		<label2>Extensions Vidéo</label2>
		<icon>DefaultShortcut.png</icon>
		<thumb>image://%2fstorage%2femulated%2f0%2fAndroid%2fdata%2forg.xbmc.kodi%2ffiles%2f.kodi%2faddons%2fplugin.video.catchuptvandmore%2ficon.png/</thumb>
		<action>ActivateWindow(Videos,"plugin://plugin.video.catchuptvandmore/resources/lib/channels/fr/mytf1/list_programs/?_pickle_=80049552000000000000007d94288c075f7469746c655f948c0f446976657274697373656d656e7473948c076974656d5f6964948c03746631948c0b63617465676f72795f6964948c1047545f454e5445525441494e4d454e5494752e",return)</action>
		</shortcut>
	</shortcuts>
