<shortcuts>
	<shortcut>
		<defaultID />
		<label>[B]Généraliste[/B]</label>
		<label2>Extensions Vidéo</label2>
		<icon>DefaultShortcut.png</icon>
		<thumb>image://special%3a%2f%2fhome%2faddons%2fplugin.video.vstream%2fresources%2fart%2ftv.png/</thumb>
		<action>ActivateWindow(Videos,"plugin://plugin.video.vstream/?site=channelstream&amp;function=showMovies&amp;title=G%C3%A9n%C3%A9raliste&amp;siteUrl=https%3A%2F%2Fchannelstream.watch%2Fchaine-tv.php&amp;sFiltre=Cha%C3%AEne+de+t%C3%A9l%C3%A9vision+g%C3%A9n%C3%A9raliste&amp;sFav=showMovies",return)</action>
	</shortcut>
	<shortcut>
		<defaultID />
		<label>[B]Replay[/B]</label>
		<label2>Extensions Vidéo</label2>
		<icon>DefaultShortcut.png</icon>
		<thumb>image://resource%3a%2f%2fresource.images.catchuptvandmore%2fchannels%2ffr.png/</thumb>
		<action>ActivateWindow(Videos,"plugin://plugin.video.catchuptvandmore/resources/lib/main/generic_menu/?_pickle_=8004953a000000000000007d94288c075f7469746c655f948c064672616e6365948c08786d6c74765f6964944e8c076974656d5f6964948c0966725f7265706c617994752e",return)</action>
	</shortcut>
	<shortcut>
		<defaultID />
		<label>[B]Emission TV[/B]</label>
		<label2>Extensions Vidéo</label2>
		<icon>DefaultShortcut.png</icon>
		<thumb>image://special%3a%2f%2fhome%2faddons%2fplugin.video.vstream%2fresources%2fart%2fgenres.png/</thumb>
		<action>ActivateWindow(Videos,"plugin://plugin.video.vstream/?site=pastebin&amp;function=showMovies&amp;title=-Emission+TV&amp;siteUrl=https%3A%2F%2Fpastebin.com%2Fraw%2F%26numPage%3D1%26sMedia%3Dserie%26pasteID%3D7%26sGroupe%3D-Emission+TV&amp;sFav=showMovies",return)</action>
	</shortcut>
</shortcuts>
