<shortcuts>
	<shortcut>
		<defaultID />
		<label>[B]Recherche [COLOR lightskyblue](Films)[/COLOR][/B]</label>
		<label2>Extensions Vidéo</label2>
		<icon>DefaultShortcut.png</icon>
		<thumb>special://skin/extras/icons/search.png</thumb>
		<action>ActivateWindow(Videos,"plugin://plugin.video.vstream/?site=pastebin&amp;function=showSearch&amp;title=Recherche+%28Films%29&amp;siteUrl=https%3A%2F%2Fpastebin.com%2Fraw%2F%26pasteID%3DPASTE_ID%26sMedia%3Dfilm%26sSearch%3D&amp;sFav=showSearch",return)</action>
	</shortcut>
	<shortcut>
		<defaultID />
		<label>[B]Recherche [COLOR lightyellow](Séries)[/COLOR][/B]</label>
		<label2>Extensions Vidéo</label2>
		<icon>DefaultShortcut.png</icon>
		<thumb>special://skin/extras/icons/search.png</thumb>
		<action>ActivateWindow(Videos,"plugin://plugin.video.vstream/?site=pastebin&amp;function=showSearch&amp;title=Recherche+%28S%C3%A9ries%29&amp;siteUrl=https%3A%2F%2Fpastebin.com%2Fraw%2F%26pasteID%3DPASTE_ID%26sMedia%3Dserie%26sSearch%3D&amp;sFav=showSearch",return)</action>
	</shortcut>
	<shortcut>
		<defaultID />
		<label>[B]Recherche [COLOR plum](Animes)[/COLOR][/B]</label>
		<label2>Extensions Vidéo</label2>
		<icon>DefaultShortcut.png</icon>
		<thumb>special://skin/extras/icons/search.png</thumb>
		<action>ActivateWindow(Videos,"plugin://plugin.video.vstream/?site=pastebin&amp;function=showSearch&amp;title=Recherche+%28Animes%29&amp;siteUrl=https%3A%2F%2Fpastebin.com%2Fraw%2F%26pasteID%3DPASTE_ID%26sMedia%3Danime%26sSearch%3D&amp;sFav=showSearch",return)</action>
	</shortcut>
	<shortcut>
		<defaultID />
		<label>[B][COLOR coral]Recherche visuelle[/B][/COLOR]</label>
		<label2>Extensions Vidéo</label2>
		<icon>DefaultShortcut.png</icon>
		<thumb>image://special%3a%2f%2fhome%2faddons%2fplugin.video.vstream%2fresources%2fart%2fsearchtmdb.png/</thumb>
		<action>ActivateWindow(Videos,"plugin://plugin.video.vstream/?site=themoviedb_org&amp;function=load&amp;title=Recherche+visuelle&amp;siteUrl=http%3A%2F%2Fvenom&amp;sFav=load",return)</action>
	</shortcut>
</shortcuts>
