<shortcuts>
	<shortcut>
		<defaultID>plugin.audio.radio_de/stations/top/1</defaultID>
		<label>[COLOR pink][B]Top stations[/B][/COLOR]</label>
		<label2>Extensions Musique</label2>
		<icon>DefaultShortcut.png</icon>
		<thumb>thumb</thumb>
		<action>ActivateWindow(Music,"plugin://plugin.audio.radio_de/stations/top/1",return)</action>
	</shortcut>
	<shortcut>
		<defaultID>plugin.audio.radio_de/stations/popular/genres/Rap/1</defaultID>
		<label>[COLOR pink][B]Rap[/B][/COLOR]</label>
		<label2>Extensions Musique</label2>
		<icon>DefaultShortcut.png</icon>
		<thumb>thumb</thumb>
		<action>ActivateWindow(Music,"plugin://plugin.audio.radio_de/stations/popular/genres/Rap/1",return)</action>
	</shortcut>
	<shortcut>
		<defaultID>plugin.audio.radio_de/stations/popular/genres/Salsa/1</defaultID>
		<label>[COLOR pink][B]Latiinne[/B][/COLOR]</label>
		<label2>Extensions Musique</label2>
		<icon>DefaultShortcut.png</icon>
		<thumb>thumb</thumb>
		<action>ActivateWindow(Music,"plugin://plugin.audio.radio_de/stations/popular/genres/Salsa/1",return)</action>
	</shortcut>
</shortcuts>
