<shortcuts>
	<shortcut>
		<defaultID />
		<label>*Mes Films (famille)*</label>
		<label2>Programme</label2>
		<icon>DefaultShortcut.png</icon>
		<thumb>image://special%3a%2f%2fhome%2faddons%5cplugin.program.autowidget%5cresources%5cmedia%5cicon%5cfolder-shortcut.png/</thumb>
		<action>ActivateWindow(Programs,"plugin://plugin.program.autowidget/?mode=group&amp;group=mes_films_%28famille%29-1646833437.7884703&amp;refresh=&amp;reload=",return)</action>
		</shortcut>
	<shortcut>
		<defaultID />
		<label>Films pour enfants</label>
		<label2>Extensions Vidéo</label2>
		<icon>DefaultShortcut.png</icon>
		<thumb>special://skin/extras/icons/film.png</thumb>
		<action>ActivateWindow(Videos,"plugin://plugin.video.sendtokodiU2P/?action=MenuFilm&amp;groupe=Films+pour+enfants",return)</action>
		</shortcut>
	<shortcut>
		<defaultID />
		<label>Animation</label>
		<label2>Extensions Vidéo</label2>
		<icon>DefaultShortcut.png</icon>
		<thumb>special://skin/extras/icons/film.png</thumb>
		<action>ActivateWindow(Videos,"plugin://plugin.video.sendtokodiU2P/?action=MenuFilm&amp;groupe=Animation",return)</action>
		</shortcut>
	<shortcut>
		<defaultID />
		<label>Films Animés (widget)</label>
		<label2>Programme</label2>
		<icon>DefaultShortcut.png</icon>
		<thumb>image://special%3a%2f%2fhome%2faddons%5cplugin.program.autowidget%5cresources%5cmedia%5cicon%5cfolder-shortcut.png/</thumb>
		<action>ActivateWindow(Programs,"plugin://plugin.program.autowidget/?mode=group&amp;group=films_animes_%28widget%29-1646002237.4244156&amp;refresh=&amp;reload=",return)</action>
		</shortcut>
	<shortcut>
		<defaultID />
		<label>Collection Famille</label>
		<label2>Programme</label2>
		<icon>DefaultShortcut.png</icon>
		<thumb>image://special%3a%2f%2fhome%2faddons%5cplugin.program.autowidget%5cresources%5cmedia%5cicon%5cfolder-shortcut.png/</thumb>
		<action>ActivateWindow(Programs,"plugin://plugin.program.autowidget/?mode=group&amp;group=collection_animes-1646512511.2023778&amp;refresh=&amp;reload=",return)</action>
		</shortcut>
	<shortcut>
		<defaultID />
		<label>Films Animés (dossier)</label>
		<label2>Programme</label2>
		<icon>DefaultShortcut.png</icon>
		<thumb>image://special%3a%2f%2fhome%2faddons%5cplugin.program.autowidget%5cresources%5cmedia%5cicon%5cfolder-shortcut.png/</thumb>
		<action>ActivateWindow(Programs,"plugin://plugin.program.autowidget/?mode=group&amp;group=films_animes-1646322058.6995711&amp;refresh=&amp;reload=",return)</action>
		</shortcut>
	<shortcut>
		<defaultID />
		<label>Dessin Anime Les plus vus</label>
		<label2>Extensions Vidéo</label2>
		<icon>DefaultShortcut.png</icon>
		<thumb>image://special%3a%2f%2fhome%2faddons%2fplugin.video.sendtokodiU2P%2fresources%2fpng%2fgroupe.png/</thumb>
		<action>ActivateWindow(Videos,"plugin://plugin.video.sendtokodiU2P/?action=MenuFilm&amp;groupe=Dessin+Anime+Les+plus+vus",return)</action>
		</shortcut>
	</shortcuts>
