<shortcuts>
	<shortcut>
		<defaultID>fullscreenwidget-mustbefirstposition</defaultID>
		<label>Fullscreen Widget (must be first position)</label>
		<label2 />
		<icon>special://skin/extras/icons/pictures.png</icon>
		<thumb />
		<action>Background</action>
		</shortcut>
	<shortcut>
		<defaultID>submenu</defaultID>
		<label>Submenu</label>
		<label2 />
		<icon>special://skin/extras/icons/playlist.png</icon>
		<thumb />
		<action>Submenu</action>
		</shortcut>
	<shortcut>
		<defaultID />
		<label>[B][COLOR fuchsia]Spectacles[/B][/COLOR]</label>
		<label2>Extensions Vidéo</label2>
		<icon>DefaultShortcut.png</icon>
		<thumb>image://special%3a%2f%2fhome%2faddons%2fplugin.video.sendtokodiU2P%2fresources%2fpng%2fgroupe.png/</thumb>
		<action>ActivateWindow(Videos,"plugin://plugin.video.sendtokodiU2P/?action=MenuFilm&amp;famille=genres&amp;typgenre=%23Spectacles&amp;offset=0&amp;limit=500",return)</action>
		</shortcut>
	<shortcut>
		<defaultID />
		<label>[B][COLOR fuchsia]Humoristes[/B][/COLOR]</label>
		<label2>Extensions Vidéo</label2>
		<icon>DefaultShortcut.png</icon>
		<thumb>image://special%3a%2f%2fhome%2faddons%2fplugin.video.sendtokodiU2P%2fresources%2fpng%2fgroupe.png/</thumb>
		<action>ActivateWindow(Videos,"plugin://plugin.video.sendtokodiU2P/?action=MenuFilm&amp;groupe=Humoristes",return)</action>
		</shortcut>
	<shortcut>
		<defaultID />
		<label>[B]Spectacle [COLOR fuchsia][I](Par années)[/COLOR][/B][/I]</label>
		<label2>Extensions Vidéo</label2>
		<icon>DefaultShortcut.png</icon>
		<thumb>image://special%3a%2f%2fhome%2faddons%2fplugin.video.vstream%2fresources%2fart%2fannees.png/</thumb>
		<action>ActivateWindow(Videos,"plugin://plugin.video.vstream/?site=pastebin&amp;function=showYears&amp;title=Films+&amp;siteUrl=https%3A%2F%2Fpastebin.com%2Fraw%2F%26numPage%3D1%26sMedia%3Dfilm%26pasteID%3D15&amp;sFav=showYears",return)</action>
		</shortcut>
	</shortcuts>
