<shortcuts>
	<shortcut>
		<defaultID>31174</defaultID>
		<label>Quitter</label>
		<label2>Elément de menu commun</label2>
		<icon>DefaultIconPower.png</icon>
		<thumb>DefaultIconPower.png</thumb>
		<action>ActivateWindow(shutdownmenu)</action>
		</shortcut>
	<shortcut>
		<defaultID>settings</defaultID>
		<label>10004</label>
		<label2>Paramètres</label2>
		<icon>special://skin/extras/icons/settings.png</icon>
		<thumb />
		<action>ActivateWindow(Settings)</action>
		</shortcut>
	<shortcut>
		<defaultID>10007</defaultID>
		<label>10007</label>
		<label2>Elément de menu commun</label2>
		<icon>special://skin/extras/icons/harddisk.png</icon>
		<thumb />
		<action>ActivateWindow(SystemInfo)</action>
		</shortcut>
	<shortcut>
		<defaultID>7</defaultID>
		<label>7</label>
		<label2>Elément de menu commun</label2>
		<icon>special://skin/extras/icons/file.png</icon>
		<thumb />
		<action>ActivateWindow(FileManager)</action>
		</shortcut>
	<shortcut>
		<defaultID>24001</defaultID>
		<label>24001</label>
		<label2>Elément de menu commun</label2>
		<icon>special://skin/extras/icons/addon.png</icon>
		<thumb>DefaultAddon.png</thumb>
		<action>ActivateWindow(1119)</action>
		</shortcut>
	<shortcut>
		<defaultID>plugin.video.sendtokodiU2P</defaultID>
		<label>U2Pplay</label>
		<label2>Extensions Vidéo</label2>
		<icon>DefaultShortcut.png</icon>
		<thumb>thumb</thumb>
		<action>ActivateWindow(Videos,"plugin://plugin.video.sendtokodiU2P",return)</action>
		</shortcut>
	<shortcut>
		<defaultID>plugin.program.autowidget</defaultID>
		<label>AutoWidget</label>
		<label2>Extensions Vidéo</label2>
		<icon>DefaultShortcut.png</icon>
		<thumb>thumb</thumb>
		<action>ActivateWindow(Videos,"plugin://plugin.program.autowidget",return)</action>
		</shortcut>
	<shortcut>
		<defaultID>plugin.video.themoviedb.helper</defaultID>
		<label>TheMovieDb Helper</label>
		<label2>Extensions Vidéo</label2>
		<icon>DefaultShortcut.png</icon>
		<thumb>thumb</thumb>
		<action>ActivateWindow(Videos,"plugin://plugin.video.themoviedb.helper",return)</action>
		</shortcut>
	</shortcuts>
