<shortcuts>
	<shortcut>
		<defaultID>1036</defaultID>
		<label>1036</label>
		<label2>Favoris</label2>
		<icon>DefaultAddonsInstalled.png</icon>
		<thumb />
		<action>ActivateWindow(Favourites)</action>
		</shortcut>
	<shortcut>
		<defaultID>mediathequehk</defaultID>
		<label>Mediatheque HK</label>
		<label2>Favoris</label2>
		<icon>DefaultFolder.png</icon>
		<thumb>special://home/addons/plugin.video.sendtokodiU2P/resources/png/movies.png</thumb>
		<action>ActivateWindow(10025,"plugin://plugin.video.sendtokodiU2P/?action=movies",return)</action>
		</shortcut>
	<shortcut>
		<defaultID>mesfavorishk</defaultID>
		<label>Mes favoris HK</label>
		<label2>Favoris</label2>
		<icon>DefaultFolder.png</icon>
		<thumb>special://home/addons/plugin.video.sendtokodiU2P/resources/png/liste.png</thumb>
		<action>ActivateWindow(10025,"plugin://plugin.video.sendtokodiU2P/?action=mediasHKFilms&amp;famille=Mes%20favoris%20HK&amp;offset=0",return)</action>
		</shortcut>
	</shortcuts>
