<shortcuts>
	<shortcut>
		<defaultID>13009</defaultID>
		<label>13009</label>
		<label2 />
		<icon>special://skin/extras/icons/power.png</icon>
		<thumb />
		<action>Quit()</action>
		</shortcut>
	<shortcut>
		<defaultID>plugin.program.Skodi</defaultID>
		<label>[COLOR lime]Skodi[/COLOR]</label>
		<label2>Programme</label2>
		<icon>DefaultShortcut.png</icon>
		<thumb>thumb</thumb>
		<action>ActivateWindow(Programs,"plugin://plugin.program.Skodi",return)</action>
		</shortcut>
	<shortcut>
		<defaultID>20126</defaultID>
		<label>20126</label>
		<label2 />
		<icon>special://skin/extras/icons/power.png</icon>
		<thumb />
		<action>System.LogOff</action>
		</shortcut>
	<shortcut>
		<defaultID>13016</defaultID>
		<label>13016</label>
		<label2 />
		<icon>special://skin/extras/icons/power.png</icon>
		<thumb />
		<action>Powerdown()</action>
		</shortcut>
	<shortcut>
		<defaultID>13013</defaultID>
		<label>13013</label>
		<label2 />
		<icon>special://skin/extras/icons/power.png</icon>
		<thumb />
		<action>Reset()</action>
		</shortcut>
	<shortcut>
		<defaultID>13011</defaultID>
		<label>13011</label>
		<label2 />
		<icon>special://skin/extras/icons/power.png</icon>
		<thumb />
		<action>Suspend()</action>
		</shortcut>
	<shortcut>
		<defaultID>13010</defaultID>
		<label>13010</label>
		<label2 />
		<icon>special://skin/extras/icons/power.png</icon>
		<thumb />
		<action>Hibernate()</action>
		</shortcut>
	</shortcuts>
