<shortcuts>
	<shortcut>
		<defaultID>19019</defaultID>
		<label>19019</label>
		<label2>TV En Direct</label2>
		<icon>special://skin/extras/icons/tv.png</icon>
		<thumb />
		<action>ActivateWindow(TVChannels)</action>
		</shortcut>
	<shortcut>
		<defaultID>22020</defaultID>
		<label>22020</label>
		<label2>TV En Direct</label2>
		<icon>special://skin/extras/icons/tv.png</icon>
		<thumb />
		<action>ActivateWindow(TVGuide)</action>
		</shortcut>
	<shortcut>
		<defaultID>19138</defaultID>
		<label>19138</label>
		<label2>TV En Direct</label2>
		<icon>special://skin/extras/icons/tv.png</icon>
		<thumb />
		<action>ActivateWindow(TVTimerRules)</action>
		</shortcut>
	</shortcuts>
