<?xml version='1.0' encoding='UTF-8'?>
<shortcuts>
	<shortcut>
		<defaultID>movies</defaultID>
		<label>342</label>
		<label2 />
		<icon>DefaultMovies.png</icon>
		<thumb />
		<action>ActivateWindow(Videos,videodb://movies/titles/,return)</action>
	</shortcut>
	<shortcut>
		<defaultID>20434</defaultID>
		<label>20434</label>
		<label2 />
		<icon>DefaultSets.png</icon>
		<thumb />
		<action>ActivateWindow(Videos,videodb://movies/sets/,return)</action>
	</shortcut>
	<shortcut>
		<defaultID>tvshows</defaultID>
		<label>20343</label>
		<label2 />
		<icon>DefaultTVShows.png</icon>
		<thumb />
		<action>ActivateWindow(Videos,videodb://tvshows/titles/,return)</action>
	</shortcut>
	<shortcut>
		<defaultID>133</defaultID>
		<label>133</label>
		<label2 />
		<icon>DefaultMusicArtists.png</icon>
		<thumb />
		<action>ActivateWindow(Music,musicdb://artists/,return)</action>
	</shortcut>
	<shortcut>
		<defaultID>132</defaultID>
		<label>132</label>
		<label2 />
		<icon>DefaultMusicAlbums.png</icon>
		<thumb />
		<action>ActivateWindow(Music,musicdb://albums/,return)</action>
	</shortcut>
	<shortcut>
		<defaultID>1036</defaultID>
		<label>1036</label>
		<label2 />
		<icon>DefaultShortcut.png</icon>
		<thumb />
		<action>ActivateWindow(favourites)</action>
	</shortcut>
	<shortcut>
		<defaultID>10004</defaultID>
		<label>10004</label>
		<label2 />
		<icon>DefaultShortcut.png</icon>
		<thumb />
		<action>ActivateWindow(settings)</action>
	</shortcut>

</shortcuts>
