<shortcuts>
	<shortcut>
		<defaultID>7</defaultID>
		<label>7</label>
		<label2>Elément de menu commun</label2>
		<icon>DefaultFolder.png</icon>
		<thumb>special://masterprofile/addon_data/icones/gestionfichiers (3).png</thumb>
		<action>ActivateWindow(FileManager)</action>
		</shortcut>
	<shortcut>
		<defaultID>13200</defaultID>
		<label>13200</label>
		<label2>Elément de menu commun</label2>
		<icon>special://skin/extras/icons/actor.png</icon>
		<thumb>special://masterprofile/addon_data/icones/profil.png</thumb>
		<action>ActivateWindow(Profiles)</action>
		</shortcut>
	<shortcut>
		<defaultID>10007</defaultID>
		<label>10007</label>
		<label2>Elément de menu commun</label2>
		<icon>special://skin/extras/icons/sysinfo.png</icon>
		<thumb>special://masterprofile/addon_data/icones/infosystem.png</thumb>
		<action>ActivateWindow(SystemInfo)</action>
		</shortcut>
	<shortcut>
		<defaultID>14111</defaultID>
		<label>Evénement</label>
		<label2>Elément de menu commun</label2>
		<icon>UnknownUser.png</icon>
		<thumb>special://masterprofile/addon_data/icones/evenement.png</thumb>
		<action>ActivateWindow(EventLog,events://,return)</action>
		</shortcut>
	</shortcuts>
