<shortcuts>
	<shortcut>
		<defaultID />
		<label>Concerts</label>
		<label2>Extensions Vidéo</label2>
		<icon>DefaultShortcut.png</icon>
		<thumb>image://special%3a%2f%2fhome%2faddons%2fplugin.video.sendtokodiU2P%2fresources%2fpng%2fconcert.png/</thumb>
		<action>ActivateWindow(Videos,"plugin://plugin.video.sendtokodiU2P/?action=mediasHKFilms&amp;famille=concert&amp;offset=0",return)</action>
		</shortcut>
	<shortcut>
		<defaultID />
		<label>Spectacles</label>
		<label2>Extensions Vidéo</label2>
		<icon>DefaultShortcut.png</icon>
		<thumb>image://special%3a%2f%2fhome%2faddons%2fplugin.video.sendtokodiU2P%2fresources%2fpng%2fspectacle.png/</thumb>
		<action>ActivateWindow(Videos,"plugin://plugin.video.sendtokodiU2P/?action=mediasHKFilms&amp;famille=spectacle&amp;offset=0",return)</action>
		</shortcut>
	<shortcut>
		<defaultID />
		<label>Theatre</label>
		<label2>Extensions Vidéo</label2>
		<icon>DefaultShortcut.png</icon>
		<thumb>image://special%3a%2f%2fhome%2faddons%2fplugin.video.sendtokodiU2P%2fresources%2fpng%2fliste.png/</thumb>
		<action>ActivateWindow(Videos,"plugin://plugin.video.sendtokodiU2P/?action=mediasHKFilms&amp;famille=groupes&amp;offset=0&amp;nom=theatre",return)</action>
		</shortcut>
	<shortcut>
		<defaultID />
		<label>Documentaires [COLORorange]Films[/COLOR]</label>
		<label2>Extensions Vidéo</label2>
		<icon>DefaultShortcut.png</icon>
		<thumb>image://special%3a%2f%2fhome%2faddons%2fplugin.video.sendtokodiU2P%2fresources%2fpng%2fdocu.png/</thumb>
		<action>ActivateWindow(Videos,"plugin://plugin.video.sendtokodiU2P/?action=mediasHKFilms&amp;famille=docu&amp;offset=0",return)</action>
		</shortcut>
	<shortcut>
		<defaultID />
		<label>Documentaires [COLORorange]Series[/COLOR]</label>
		<label2>Extensions Vidéo</label2>
		<icon>DefaultShortcut.png</icon>
		<thumb>image://special%3a%2f%2fhome%2faddons%2fplugin.video.sendtokodiU2P%2fresources%2fpng%2fgenre%2fDocumentaire.png/</thumb>
		<action>ActivateWindow(Videos,"plugin://plugin.video.sendtokodiU2P/?action=mediasHKSeries&amp;famille=genres&amp;typgenre=Documentaire&amp;offset=0&amp;limit=500",return)</action>
		</shortcut>
	</shortcuts>
