<shortcuts>
	<shortcut>
		<defaultID />
		<label>Action</label>
		<label2>Elément personnalisé</label2>
		<icon>DefaultShortcut.png</icon>
		<thumb />
		<action>ActivateWindow(Videos,"plugin://plugin.program.autowidget/?mode=path&amp;action=static&amp;group=films_nouveautes-1677969708.6838126&amp;id=bfdb0520-4de7-477c-a466-e67fcc4e67a4&amp;refresh=$INFO[Window(10000).Property(autowidget-bfdb0520-4de7-477c-a466-e67fcc4e67a4-refresh)]&amp;reload=",return)</action>
		</shortcut>
	</shortcuts>
