<shortcuts>
	<shortcut>
		<defaultID>35232</defaultID>
		<label>35232</label>
		<label2 />
		<icon>special://skin/extras/icons/shortcut.png</icon>
		<thumb />
		<action>Fullscreen</action>
	</shortcut>
	<shortcut>
		<defaultID>568</defaultID>
		<label>568</label>
		<label2 />
		<icon>DefaultShortcut.png</icon>
		<thumb />
		<action>ActivateWindow(PVR,pvr://channels/tv/*,return)</action>
	</shortcut>
	<shortcut>
		<defaultID>19017</defaultID>
		<label>19017</label>
		<label2 />
		<icon>DefaultShortcut.png</icon>
		<thumb />
		<action>ActivateWindow(PVR,pvr://recordings/tv/active?view=flat,return)</action>
	</shortcut>
	<shortcut>
		<defaultID>19173</defaultID>
		<label>19173</label>
		<label2 />
		<icon>DefaultShortcut.png</icon>
		<thumb />
		<action>ActivateWindow(PVR,pvr://channels/tv,return)</action>
	</shortcut>
	<shortcut>
		<defaultID>plugin.video.catchuptvandmore</defaultID>
		<label>Catch-up TV &amp; More</label>
		<label2>Extensions Vidéo</label2>
		<icon>DefaultShortcut.png</icon>
		<thumb>thumb</thumb>
		<action>ActivateWindow(Videos,"plugin://plugin.video.catchuptvandmore",return)</action>
	</shortcut>
	<shortcut>
		<defaultID>31371</defaultID>
		<label>$SKIN[31371|skin.arctic.horizon.2|Stacked - Displays folder of item focused in widget above]</label>
		<label2 />
		<icon>special://skin/extras/icons/shortcut.png</icon>
		<thumb />
		<action>Stacked</action>
	</shortcut>
</shortcuts>
