<shortcuts>
	<shortcut>
		<label>20382</label>
		<label2>32014</label2>
		<icon>DefaultRecentlyAddedEpisodes.png</icon>
		<thumb />
		<action>ActivateWindow(Videos,videodb://recentlyaddedepisodes/,return)</action>
	</shortcut>
	<shortcut>
		<label>369</label>
		<label2>20343</label2>
		<icon>DefaultTVShowTitle.png</icon>
		<thumb />
		<action>ActivateWindow(Videos,videodb://tvshows/titles/,return)</action>
	</shortcut>
	<shortcut>
		<label>135</label>
		<label2>20343</label2>
		<icon>DefaultGenre.png</icon>
		<thumb />
		<action>ActivateWindow(Videos,videodb://tvshows/genres/,return)</action>
	</shortcut>
	<shortcut>
		<label>562</label>
		<label2>20343</label2>
		<icon>DefaultYear.png</icon>
		<thumb />
		<action>ActivateWindow(Videos,videodb://tvshows/years/,return)</action>
	</shortcut>
	<shortcut>
		<label>344</label>
		<label2>20343</label2>
		<icon>DefaultActor.png</icon>
		<thumb />
		<action>ActivateWindow(Videos,videodb://tvshows/actors/,return)</action>
	</shortcut>
	<shortcut>
		<label>136</label>
		<label2>32014</label2>
		<icon>DefaultPlaylist.png</icon>
		<thumb />
		<action>ActivateWindow(Videos,Playlists,return)</action>
	</shortcut>
	<shortcut>
		<label>744</label>
		<label2>32014</label2>
		<icon>DefaultFolder.png</icon>
		<thumb />
		<action>ActivateWindow(Videos,Files,return)</action>
	</shortcut>
	<shortcut>
		<label>1037</label>
		<label2>32014</label2>
		<icon>DefaultAddonVideo.png</icon>
		<thumb />
		<action>ActivateWindow(Videos,Addons,return)</action>
	</shortcut>
</shortcuts>
