<shortcuts>
	<shortcut>
		<defaultID>plugin.audio.tidal2/my_music</defaultID>
		<label>My Music</label>
		<label2>Extensions Musique</label2>
		<icon>DefaultShortcut.png</icon>
		<thumb>image://%2fstorage%2femulated%2f0%2fAndroid%2fdata%2forg.xbmc.kodi%2ffiles%2f.kodi%2faddons%2fplugin.audio.tidal2%2ficon.png/</thumb>
		<action>ActivateWindow(Music,"plugin://plugin.audio.tidal2/my_music",return)</action>
		</shortcut>
	<shortcut>
		<defaultID>plugin.audio.tidal2/homepage_items</defaultID>
		<label>Suggestions for me</label>
		<label2>Extensions Musique</label2>
		<icon>DefaultShortcut.png</icon>
		<thumb>image://%2fstorage%2femulated%2f0%2fAndroid%2fdata%2forg.xbmc.kodi%2ffiles%2f.kodi%2faddons%2fplugin.audio.tidal2%2ficon.png/</thumb>
		<action>ActivateWindow(Music,"plugin://plugin.audio.tidal2/homepage_items",return)</action>
		</shortcut>
	<shortcut>
		<defaultID>plugin.audio.tidal2/featured_playlists</defaultID>
		<label>Featured Playlists</label>
		<label2>Extensions Musique</label2>
		<icon>DefaultShortcut.png</icon>
		<thumb>image://%2fstorage%2femulated%2f0%2fAndroid%2fdata%2forg.xbmc.kodi%2ffiles%2f.kodi%2faddons%2fplugin.audio.tidal2%2ficon.png/</thumb>
		<action>ActivateWindow(Music,"plugin://plugin.audio.tidal2/featured_playlists",return)</action>
		</shortcut>
	<shortcut>
		<defaultID>plugin.audio.tidal2/category/featured</defaultID>
		<label>What's New</label>
		<label2>Extensions Musique</label2>
		<icon>DefaultShortcut.png</icon>
		<thumb>image://%2fstorage%2femulated%2f0%2fAndroid%2fdata%2forg.xbmc.kodi%2ffiles%2f.kodi%2faddons%2fplugin.audio.tidal2%2ficon.png/</thumb>
		<action>ActivateWindow(Music,"plugin://plugin.audio.tidal2/category/featured",return)</action>
		</shortcut>
	<shortcut>
		<defaultID>plugin.audio.tidal2/category/rising</defaultID>
		<label>TIDAL Rising</label>
		<label2>Extensions Musique</label2>
		<icon>DefaultShortcut.png</icon>
		<thumb>image://%2fstorage%2femulated%2f0%2fAndroid%2fdata%2forg.xbmc.kodi%2ffiles%2f.kodi%2faddons%2fplugin.audio.tidal2%2ficon.png/</thumb>
		<action>ActivateWindow(Music,"plugin://plugin.audio.tidal2/category/rising",return)</action>
		</shortcut>
	<shortcut>
		<defaultID>plugin.audio.tidal2/category/genres</defaultID>
		<label>Genres</label>
		<label2>Extensions Musique</label2>
		<icon>DefaultShortcut.png</icon>
		<thumb>image://%2fstorage%2femulated%2f0%2fAndroid%2fdata%2forg.xbmc.kodi%2ffiles%2f.kodi%2faddons%2fplugin.audio.tidal2%2ficon.png/</thumb>
		<action>ActivateWindow(Music,"plugin://plugin.audio.tidal2/category/genres",return)</action>
		</shortcut>
	<shortcut>
		<defaultID>plugin.audio.tidal2/category/moods</defaultID>
		<label>Moods</label>
		<label2>Extensions Musique</label2>
		<icon>DefaultShortcut.png</icon>
		<thumb>image://%2fstorage%2femulated%2f0%2fAndroid%2fdata%2forg.xbmc.kodi%2ffiles%2f.kodi%2faddons%2fplugin.audio.tidal2%2ficon.png/</thumb>
		<action>ActivateWindow(Music,"plugin://plugin.audio.tidal2/category/moods",return)</action>
		</shortcut>
	<shortcut>
		<defaultID>plugin.audio.tidal2/category/movies</defaultID>
		<label>Movies</label>
		<label2>Extensions Musique</label2>
		<icon>DefaultShortcut.png</icon>
		<thumb>image://%2fstorage%2femulated%2f0%2fAndroid%2fdata%2forg.xbmc.kodi%2ffiles%2f.kodi%2faddons%2fplugin.audio.tidal2%2ficon.png/</thumb>
		<action>ActivateWindow(Music,"plugin://plugin.audio.tidal2/category/movies",return)</action>
		</shortcut>
	<shortcut>
		<defaultID>plugin.audio.tidal2/category/shows</defaultID>
		<label>Shows</label>
		<label2>Extensions Musique</label2>
		<icon>DefaultShortcut.png</icon>
		<thumb>image://%2fstorage%2femulated%2f0%2fAndroid%2fdata%2forg.xbmc.kodi%2ffiles%2f.kodi%2faddons%2fplugin.audio.tidal2%2ficon.png/</thumb>
		<action>ActivateWindow(Music,"plugin://plugin.audio.tidal2/category/shows",return)</action>
		</shortcut>
	<shortcut>
		<defaultID>plugin.audio.tidal2/search</defaultID>
		<label>Search</label>
		<label2>Extensions Musique</label2>
		<icon>DefaultShortcut.png</icon>
		<thumb>image://%2fstorage%2femulated%2f0%2fAndroid%2fdata%2forg.xbmc.kodi%2ffiles%2f.kodi%2faddons%2fplugin.audio.tidal2%2ficon.png/</thumb>
		<action>ActivateWindow(Music,"plugin://plugin.audio.tidal2/search",return)</action>
		</shortcut>
	<shortcut>
		<defaultID>1038</defaultID>
		<label>1038</label>
		<label2>Musique</label2>
		<icon>DefaultAddonMusic.png</icon>
		<thumb />
		<action>ActivateWindow(MusicLibrary,Addons,return)</action>
		</shortcut>
	</shortcuts>
