<shortcuts>
	<shortcut>
		<defaultID>13009</defaultID>
		<label>13009</label>
		<label2>Commande Kodi</label2>
		<icon>DefaultShortcut.png</icon>
		<thumb>special://home/media/iconluc/quitter (2).png</thumb>
		<action>Quit</action>
		</shortcut>
	<shortcut>
		<defaultID />
		<label>MàJ + Vignettes</label>
		<label2>Elément personnalisé</label2>
		<icon>DefaultShortcut.png</icon>
		<thumb>special://home/media/iconluc/majvignette(1).png</thumb>
		<action>PlayMedia("plugin://plugin.video.sendtokodiU2P/?action=majhkcron")</action>
		</shortcut>
	<shortcut>
		<defaultID>20183</defaultID>
		<label>20183</label>
		<label2>Commande Kodi</label2>
		<icon>DefaultShortcut.png</icon>
		<thumb>special://home/media/iconluc/rechargerUpdate.png</thumb>
		<action>ReloadSkin()</action>
		</shortcut>
	<shortcut>
		<defaultID>settings</defaultID>
		<label>10004</label>
		<label2>Paramètres</label2>
		<icon>Settings.png</icon>
		<thumb>special://home/media/iconluc/paramètres.png</thumb>
		<action>ActivateWindow(Settings)</action>
		</shortcut>
	<shortcut>
		<defaultID>13000</defaultID>
		<label>13000</label>
		<label2>Paramètres</label2>
		<icon>DefaultShortcut.png</icon>
		<thumb>special://home/media/iconluc/systeme.png</thumb>
		<action>ActivateWindow(SystemSettings)</action>
		</shortcut>
	<shortcut>
		<defaultID>24001</defaultID>
		<label>24001</label>
		<label2>Paramètres</label2>
		<icon>DefaultAddon.png</icon>
		<thumb>special://home/media/iconluc/addon2.png</thumb>
		<action>ActivateWindow(AddonBrowser)</action>
		</shortcut>
	<shortcut>
		<defaultID>7</defaultID>
		<label>7</label>
		<label2>Système</label2>
		<icon>DefaultRemovableDisk.png</icon>
		<thumb>special://home/media/iconluc/gestionfichiers (3).png</thumb>
		<action>ActivateWindow(FileManager)</action>
		</shortcut>
	<shortcut>
		<defaultID>13200</defaultID>
		<label>13200</label>
		<label2>Système</label2>
		<icon>DefaultAddonService.png</icon>
		<thumb>special://home/media/iconluc/profil.png</thumb>
		<action>ActivateWindow(Profiles)</action>
		</shortcut>
	</shortcuts>
