<shortcuts>
	<shortcut>
		<defaultID>8</defaultID>
		<label>8</label>
		<label2>Power Shortcut</label2>
		<icon>special://skin/extras/icons/sun.png</icon>
		<thumb />
		<action>ActivateWindow(weather)</action>
		</shortcut>
	<shortcut>
		<defaultID>1036</defaultID>
		<label>1036</label>
		<label2>Power Shortcut</label2>
		<icon>special://skin/extras/icons/favourites2.png</icon>
		<thumb>special://masterprofile/addon_data/icones/favorisgeneral.png</thumb>
		<action>ActivateWindow(favourites)</action>
		</shortcut>
	<shortcut>
		<defaultID>7</defaultID>
		<label>7</label>
		<label2>Power Shortcut</label2>
		<icon>special://skin/extras/icons/filebox.png</icon>
		<thumb>special://masterprofile/addon_data/icones/gestionfichiers (3).png</thumb>
		<action>ActivateWindow(filemanager)</action>
		</shortcut>
	<shortcut>
		<defaultID>plugin.program.Skodi</defaultID>
		<label>[COLOR lime]Skodi[/COLOR]</label>
		<label2>Programme</label2>
		<icon>DefaultShortcut.png</icon>
		<thumb>special://masterprofile/addon_data/icones/skodi (6).png</thumb>
		<action>ActivateWindow(Programs,"plugin://plugin.program.Skodi",return)</action>
		</shortcut>
	<shortcut>
		<defaultID>24001</defaultID>
		<label>24001</label>
		<label2>Power Shortcut</label2>
		<icon>special://skin/extras/icons/addon.png</icon>
		<thumb>special://masterprofile/addon_data/icones/addon2.png</thumb>
		<action>ActivateWindow(addonbrowser)</action>
		</shortcut>
	<shortcut>
		<defaultID>5</defaultID>
		<label>5</label>
		<label2>Power Shortcut</label2>
		<icon>special://skin/extras/icons/settings.png</icon>
		<thumb>special://masterprofile/addon_data/icones/paramètres.png</thumb>
		<action>ActivateWindow(interfacesettings)</action>
		</shortcut>
	<shortcut>
		<defaultID>13009</defaultID>
		<label>13009</label>
		<label2>Power Shortcut</label2>
		<icon>special://skin/extras/icons/power.png</icon>
		<thumb>special://masterprofile/addon_data/icones/R (21) (1).png</thumb>
		<action>Quit()</action>
		</shortcut>
	</shortcuts>
