<shortcuts>
	<shortcut>
		<defaultID>31174</defaultID>
		<label>Sortir</label>
		<label2>Elément de menu commun</label2>
		<icon>DefaultIconPower.png</icon>
		<thumb>special://home/media/iconluc/quitter (2).png</thumb>
		<action>ActivateWindow(shutdownmenu)</action>
	</shortcut>
	<shortcut>
		<defaultID>20077</defaultID>
		<label>20077</label>
		<label2>Paramètres</label2>
		<icon>special://skin/extras/icons/skin.png</icon>
		<thumb>special://home/media/iconluc/paramètres.png</thumb>
		<action>ActivateWindow(SkinSettings)</action>
	</shortcut>
	<shortcut>
		<defaultID />
		<label>Créer Listes</label>
		<label2>Elément personnalisé</label2>
		<icon>DefaultShortcut.png</icon>
		<thumb>special://home/media/iconluc/listecreer.png</thumb>
		<action>ActivateWindow(Videos,"plugin://plugin.video.sendtokodiU2P/?action=createL",return)</action>
	</shortcut>
	<shortcut>
		<defaultID />
		<label>Supprimer Listes</label>
		<label2>Elément personnalisé</label2>
		<icon>DefaultShortcut.png</icon>
		<thumb>special://home/media/iconluc/listess.png</thumb>
		<action>ActivateWindow(Videos,"plugin://plugin.video.sendtokodiU2P/?action=supL",return)</action>
	</shortcut>
</shortcuts>
