<shortcuts>
	<shortcut>
		<defaultID />
		<label>live</label>
		<label2>Elément personnalisé</label2>
		<icon>DefaultShortcut.png</icon>
		<thumb>thumb</thumb>
		<action>ActivateWindow(Videos,"plugin://plugin.video.themoviedb.helper/?list_name=Music+Concerts%2C+Artists+%26+Bands+%282+of4%29&amp;list_slug=music-concerts-artists-bands-2-of4&amp;user_slug=krissykk&amp;plugin_category=Music+Concerts%2C+Artists+%26+Bands+%282+of4%29&amp;owner=true&amp;tmdb_id=None&amp;info=trakt_userlist&amp;sort_by=added&amp;sort_how=desc&amp;widget=true&amp;reload=$INFO[Window(Home).Property(TMDbHelper.Widgets.Reload)]",return)</action>
		</shortcut>
	<shortcut>
		<defaultID />
		<label>Music &amp; Live Concerts</label>
		<label2>Elément personnalisé</label2>
		<icon>DefaultShortcut.png</icon>
		<thumb>thumb</thumb>
		<action>ActivateWindow(Videos,"plugin://plugin.program.autowidget/?mode=path&amp;action=cycling&amp;group=concerts_live-1675340768.9877484&amp;id=1264b2ed-1582-4245-8ab7-57b1830283f2&amp;refresh=$INFO[Window(10000).Property(autowidget-1264b2ed-1582-4245-8ab7-57b1830283f2-refresh)]&amp;reload=",return)</action>
		</shortcut>
	</shortcuts>
