<shortcuts>
	<shortcut>
		<defaultID>livetv</defaultID>
		<label>32022</label>
		<label2>Elément de menu commun</label2>
		<icon>special://skin/extras/icons/tv.png</icon>
		<thumb />
		<action>ActivateWindow(TVGuide)</action>
		</shortcut>
	<shortcut>
		<defaultID />
		<label>IPTV</label>
		<label2>Extensions Vidéo</label2>
		<icon>DefaultShortcut.png</icon>
		<thumb>special://home/media/png/realvista_general_free/REALVISTA/general/png/72/pyramid.png</thumb>
		<action>ActivateWindow(Videos,"plugin://plugin.video.sendtokodiU2P/?action=iptvLoad",return)</action>
		</shortcut>
	<shortcut>
		<defaultID>plugin.video.catchuptvandmore</defaultID>
		<label>Catch-up TV &amp; More</label>
		<label2>Extensions Vidéo</label2>
		<icon>DefaultShortcut.png</icon>
		<thumb>special://home/addons/plugin.video.catchuptvandmore/icon.png</thumb>
		<action>ActivateWindow(Videos,"plugin://plugin.video.catchuptvandmore",return)</action>
		</shortcut>
	<shortcut>
		<defaultID>1036</defaultID>
		<label>1036</label>
		<label2>Elément de menu commun</label2>
		<icon>DefaultShortcut.png</icon>
		<thumb>special://home/media/png/luminight_general_free/LUMINIGHT/general/png/72/star.png</thumb>
		<action>ActivateWindow(Favourites)</action>
		</shortcut>
	</shortcuts>
