<shortcuts>
	<shortcut>
		<defaultID>35232</defaultID>
		<label>35232</label>
		<label2 />
		<icon>special://skin/extras/icons/shortcut.png</icon>
		<thumb />
		<action>Fullscreen</action>
		</shortcut>
	<shortcut>
		<defaultID />
		<label>Music[CR]Trier par: Ajouté récemment</label>
		<label2>Extensions Vidéo</label2>
		<icon>DefaultShortcut.png</icon>
		<thumb>thumb</thumb>
		<action>ActivateWindow(Videos,"plugin://plugin.video.themoviedb.helper/?list_name=Music&amp;list_slug=music&amp;user_slug=movistapp&amp;plugin_category=Music&amp;tmdb_id=None&amp;info=trakt_userlist&amp;sort_by=added&amp;sort_how=desc&amp;widget=true&amp;reload=$INFO[Window(Home).Property(TMDbHelper.Widgets.Reload)]&amp;reload=$INFO[Window(Home).Property(TMDbHelper.Widgets.Reload)]",return)</action>
		<disabled>True</disabled>
		</shortcut>
	<shortcut>
		<defaultID />
		<label>Categories</label>
		<label2>Extensions Musique</label2>
		<icon>DefaultShortcut.png</icon>
		<thumb>thumb</thumb>
		<action>ActivateWindow(Music,"plugin://plugin.audio.arteconcert/?mode=libArteListCategories",return)</action>
		<disabled>True</disabled>
		</shortcut>
	<shortcut>
		<defaultID>1038</defaultID>
		<label>1038</label>
		<label2>music</label2>
		<icon>special://skin/extras/icons/songs.png</icon>
		<thumb />
		<action>addons://sources/audio/</action>
		<disabled>True</disabled>
		</shortcut>
	<shortcut>
		<defaultID>1034</defaultID>
		<label>1034</label>
		<label2 />
		<icon>special://skin/extras/icons/shortcut.png</icon>
		<thumb />
		<action>Submenu</action>
		<disabled>True</disabled>
		</shortcut>
	<shortcut>
		<defaultID>136</defaultID>
		<label>136</label>
		<label2>item</label2>
		<icon>special://skin/extras/icons/playlist.png</icon>
		<thumb />
		<action>ActivateWindow(music,special://musicplaylists/,return)</action>
		</shortcut>
	</shortcuts>
