<shortcuts>
	<shortcut>
		<defaultID>13009</defaultID>
		<label>13009</label>
		<label2>Commande Kodi</label2>
		<icon>DefaultShortcut.png</icon>
		<thumb>special://masterprofile/addon_data/icones/R (21) (1).png</thumb>
		<action>Quit</action>
		</shortcut>
	<shortcut>
		<defaultID />
		<label>MàJ + Vignettes</label>
		<label2>Elément personnalisé</label2>
		<icon>DefaultShortcut.png</icon>
		<thumb>special://masterprofile/addon_data/icones/majvignette(1).png</thumb>
		<action>PlayMedia("plugin://plugin.video.sendtokodiU2P/?action=majhkcron")</action>
		</shortcut>
	<shortcut>
		<defaultID>20183</defaultID>
		<label>20183</label>
		<label2>Commande Kodi</label2>
		<icon>DefaultShortcut.png</icon>
		<thumb>special://masterprofile/addon_data/icones/rechargerUpdate.png</thumb>
		<action>ReloadSkin()</action>
		</shortcut>
	<shortcut>
		<defaultID>33060</defaultID>
		<label>33060</label>
		<label2>Alimentation</label2>
		<icon>DefaultAddonNone.png</icon>
		<thumb>special://masterprofile/addon_data/icones/alim.png</thumb>
		<action>ActivateWindow(shutdownmenu)</action>
		</shortcut>
	<shortcut>
		<defaultID>settings</defaultID>
		<label>10004</label>
		<label2>Paramètres</label2>
		<icon>Settings.png</icon>
		<thumb>special://masterprofile/addon_data/icones/paramètres.png</thumb>
		<action>ActivateWindow(Settings)</action>
		</shortcut>
	<shortcut>
		<defaultID>13000</defaultID>
		<label>13000</label>
		<label2>Paramètres</label2>
		<icon>DefaultShortcut.png</icon>
		<thumb>special://masterprofile/addon_data/icones/system.png</thumb>
		<action>ActivateWindow(SystemSettings)</action>
		</shortcut>
	<shortcut>
		<defaultID>24001</defaultID>
		<label>24001</label>
		<label2>Paramètres</label2>
		<icon>DefaultAddon.png</icon>
		<thumb>special://masterprofile/addon_data/icones/addon2.png</thumb>
		<action>ActivateWindow(AddonBrowser)</action>
		</shortcut>
	<shortcut>
		<defaultID>7</defaultID>
		<label>7</label>
		<label2>Système</label2>
		<icon>DefaultRemovableDisk.png</icon>
		<thumb>special://masterprofile/addon_data/icones/gestionfichiers (3).png</thumb>
		<action>ActivateWindow(FileManager)</action>
		</shortcut>
	<shortcut>
		<defaultID>130</defaultID>
		<label>130</label>
		<label2>Système</label2>
		<icon>DefaultAddonService.png</icon>
		<thumb>special://masterprofile/addon_data/icones/My project-1 - Copie.png</thumb>
		<action>ActivateWindow(SystemInfo)</action>
		</shortcut>
	<shortcut>
		<defaultID>13200</defaultID>
		<label>13200</label>
		<label2>Système</label2>
		<icon>DefaultAddonService.png</icon>
		<thumb>special://masterprofile/addon_data/icones/profil.png</thumb>
		<action>ActivateWindow(Profiles)</action>
		</shortcut>
	</shortcuts>
