<shortcuts>
	<shortcut>
		<defaultID>33060</defaultID>
		<label>TV/Replay</label>
		<label2>Raccourci commun</label2>
		<icon>special://skin/extras/icons/power.png</icon>
		<thumb />
		<action>ActivateWindow(shutdownmenu)</action>
		</shortcut>
	<shortcut>
		<defaultID>settings</defaultID>
		<label>Systeme</label>
		<label2>Common Shortcut</label2>
		<icon>special://skin/extras/icons/settings.png</icon>
		<thumb />
		<action>ActivateWindow(Settings)</action>
		</shortcut>
	<shortcut>
		<defaultID />
		<label>Accueil</label>
		<label2>Elément personnalisé</label2>
		<icon>DefaultAddonsInstalled.png</icon>
		<thumb>special://skin/extras/icons/home.png</thumb>
		<action>noop</action>
		</shortcut>
	<shortcut>
		<defaultID />
		<label>Films</label>
		<label2>Elément personnalisé</label2>
		<icon>DefaultShortcut.png</icon>
		<thumb>image://C%3a%5cUsers%5cLuc56%5cDesktop%5cKODI%20TOUS%2003.02.22%5cKodiPack%20Silvo%20V0.5.19%5cKODI64%5cportable_data%5caddons%5cplugin.video.themoviedb.helper%5c%2fresources%2ficons%2ftmdb%2fmovies.png/</thumb>
		<action>noop</action>
		</shortcut>
	<shortcut>
		<defaultID />
		<label>Séries</label>
		<label2>Elément personnalisé</label2>
		<icon>DefaultShortcut.png</icon>
		<thumb>special://skin/extras/icons/tv.png</thumb>
		<action>noop</action>
		</shortcut>
	<shortcut>
		<defaultID />
		<label>Famille</label>
		<label2>Elément personnalisé</label2>
		<icon>DefaultShortcut.png</icon>
		<thumb>image://C%3a%5cUsers%5cLuc56%5cDesktop%5cKODI%20TOUS%2003.02.22%5cKodiPack%20Silvo%20V0.5.19%5cKODI64%5cportable_data%5caddons%5cplugin.video.themoviedb.helper%5c%2fresources%2fposter.png/</thumb>
		<action>noop</action>
		</shortcut>
	<shortcut>
		<defaultID />
		<label>Divers</label>
		<label2>Elément personnalisé</label2>
		<icon>DefaultShortcut.png</icon>
		<thumb>special://skin/extras/icons/addtile.png</thumb>
		<action>noop</action>
		</shortcut>
	<shortcut>
		<defaultID />
		<label>Mangas</label>
		<label2>Elément personnalisé</label2>
		<icon>DefaultShortcut.png</icon>
		<thumb>special://skin/extras/icons/director.png</thumb>
		<action>noop</action>
		</shortcut>
	<shortcut>
		<defaultID />
		<label>Trakt</label>
		<label2>Elément personnalisé</label2>
		<icon>DefaultShortcut.png</icon>
		<thumb />
		<action>noop</action>
		</shortcut>
	<shortcut>
		<defaultID />
		<label>IPTV</label>
		<label2>Elément personnalisé</label2>
		<icon>DefaultShortcut.png</icon>
		<thumb />
		<action>noop</action>
		</shortcut>
	<shortcut>
		<defaultID>movies</defaultID>
		<label>20342</label>
		<label2>Common Shortcut</label2>
		<icon>special://skin/extras/icons/film.png</icon>
		<thumb />
		<action>ActivateWindow(Videos,MovieTitles,return)</action>
		<disabled>True</disabled>
		</shortcut>
	<shortcut>
		<defaultID>tvshows</defaultID>
		<label>20343</label>
		<label2>Common Shortcut</label2>
		<icon>special://skin/extras/icons/DefaultTVShows.png</icon>
		<thumb />
		<action>ActivateWindow(Videos,TVShowTitles,return)</action>
		<disabled>True</disabled>
		</shortcut>
	<shortcut>
		<defaultID>music</defaultID>
		<label>2</label>
		<label2>Common Shortcut</label2>
		<icon>special://skin/extras/icons/DefaultAudio.png</icon>
		<thumb />
		<action>ActivateWindow(Music)</action>
		<disabled>True</disabled>
		</shortcut>
	<shortcut>
		<defaultID>livetv</defaultID>
		<label>$SKIN[31103|skin.arctic.horizon|None]</label>
		<label2>Common Shortcut</label2>
		<icon>special://skin/extras/icons/livetv.png</icon>
		<thumb />
		<action>ActivateWindow(TVChannels)</action>
		<visible>PVR.HasTVChannels</visible>
		</shortcut>
	<shortcut>
		<defaultID>dvd</defaultID>
		<label>32032</label>
		<label2>Elément de menu commun</label2>
		<icon>DefaultDVDFull.png</icon>
		<thumb />
		<action>PlayDVD()</action>
		<disabled>True</disabled>
		</shortcut>
	</shortcuts>
