<shortcuts>
	<shortcut>
		<defaultID />
		<label>Mes Films Famille</label>
		<label2>Extensions Vidéo</label2>
		<icon>DefaultShortcut.png</icon>
		<thumb>image://special%3a%2f%2fmasterprofile%2faddon_data%2ficones%2ffavorisgeneral.png/</thumb>
		<action>ActivateWindow(Videos,"plugin://plugin.program.autowidget/?mode=group&amp;group=favs_famille-1659386902.4631104&amp;refresh=&amp;reload=",return)</action>
		</shortcut>
	<shortcut>
		<defaultID />
		<label>Mes Séries Famille</label>
		<label2>Extensions Vidéo</label2>
		<icon>DefaultShortcut.png</icon>
		<thumb>image://special%3a%2f%2fmasterprofile%2faddon_data%2ficones%2ffavorisgeneral.png/</thumb>
		<action>ActivateWindow(Videos,"plugin://plugin.program.autowidget/?mode=group&amp;group=favs_series-1659389709.1006289&amp;refresh=&amp;reload=",return)</action>
		</shortcut>
	</shortcuts>
