<shortcuts>
	<shortcut>
		<label>$LOCALIZE[575]</label>
		<label2 />
		<icon />
		<thumb />
		<action>ActivateWindow(Videos,library://video/tvshows/inprogressshows.xml,return)</action>
		</shortcut>
	<shortcut>
		<label>$LOCALIZE[20382]</label>
		<label2 />
		<icon />
		<thumb />
		<action>ActivateWindow(Videos,special://skin/extras/playlists/NewEpisodes.xsp,return)</action>
		</shortcut>
	<shortcut>
		<label>$LOCALIZE[590]</label>
		<label2 />
		<icon />
		<thumb />
		<action>ActivateWindow(Videos,special://skin/extras/playlists/RandomTvShows.xsp,return)</action>
		</shortcut>
	</shortcuts>
