<shortcuts>
	<shortcut>
		<defaultID>1034</defaultID>
		<label>1034</label>
		<label2 />
		<icon>special://skin/extras/icons/shortcut.png</icon>
		<thumb />
		<action>Submenu</action>
		</shortcut>
	<shortcut>
		<defaultID />
		<label>Diffuseurs (widget)</label>
		<label2>Extensions Vidéo</label2>
		<icon>DefaultShortcut.png</icon>
		<thumb>image://special%3a%2f%2fhome%2faddons%5cplugin.program.autowidget%5cresources%5cmedia%5cicon%5cfolder-shortcut.png/</thumb>
		<action>ActivateWindow(Videos,"plugin://plugin.program.autowidget/?mode=group&amp;group=diffuseurs_%28widget%29-1658912870.58709&amp;refresh=&amp;reload=",return)</action>
		</shortcut>
	</shortcuts>
