<shortcuts>
	<shortcut>
		<defaultID />
		<label>IPTV HK2</label>
		<label2>Extensions Vidéo</label2>
		<icon>DefaultShortcut.png</icon>
		<thumb>image://special%3a%2f%2fhome%2faddons%2fplugin.video.sendtokodiU2P%2fresources%2fpng%2fspecial%3a%2f%2fhome%2faddons%2fplugin.video.sendtokodiU2P%2fresources%2fpng%2fiptv.png/</thumb>
		<action>ActivateWindow(Videos,"plugin://plugin.video.sendtokodiU2P/?action=iptvLoad",return)</action>
		</shortcut>
	<shortcut>
		<defaultID />
		<label>Favoris IPTV</label>
		<label2>Extensions Vidéo</label2>
		<icon>DefaultShortcut.png</icon>
		<thumb>image://special%3a%2f%2fhome%2faddons%2fplugin.video.sendtokodiU2P%2fresources%2fpng%2fiptv.png/</thumb>
		<action>ActivateWindow(Videos,"plugin://plugin.video.sendtokodiU2P/?action=IPTVfav",return)</action>
		</shortcut>
	<shortcut>
		<defaultID />
		<label>Favoris Catch-up </label>
		<label2>Extensions Vidéo</label2>
		<icon>DefaultShortcut.png</icon>
		<thumb>image://resource%3a%2f%2fresource.images.catchuptvandmore%2ffavourites.png/</thumb>
		<action>ActivateWindow(Videos,"plugin://plugin.video.catchuptvandmore/resources/lib/main/favourites/?_pickle_=8004953c000000000000007d94288c075f7469746c655f948c074661766f726973948c08786d6c74765f6964944e8c076974656d5f6964948c0a6661766f75726974657394752e",return)</action>
		</shortcut>
	</shortcuts>
