<shortcuts>
	<shortcut>
		<defaultID>submenu</defaultID>
		<label>[COLOR red]Catégories[/COLOR]</label>
		<label2>Elément personnalisé</label2>
		<icon>special://skin/extras/icons/playlist.png</icon>
		<thumb />
		<action>Submenu</action>
		</shortcut>
	<shortcut>
		<defaultID />
		<label>[COLOR red]TV[/COLOR]</label>
		<label2>Extensions Vidéo</label2>
		<icon>DefaultShortcut.png</icon>
		<thumb>image://resource%3a%2f%2fresource.images.catchuptvandmore%2fchannels%2ffr.png/</thumb>
		<action>ActivateWindow(Videos,"plugin://plugin.video.catchuptvandmore/resources/lib/main/tv_guide_menu/?_pickle_=80049538000000000000007d94288c075f7469746c655f948c064672616e6365948c08786d6c74765f6964944e8c076974656d5f6964948c0766725f6c69766594752e",return)</action>
		</shortcut>
	<shortcut>
		<defaultID />
		<label>[COLOR red]TF1 Divertissements[/COLOR]</label>
		<label2>Extensions Vidéo</label2>
		<icon>DefaultShortcut.png</icon>
		<thumb>image://C%3a%5cUsers%5cJulien%5cAppData%5cRoaming%5cKodi%5caddons%5cplugin.video.catchuptvandmore%5cicon.png/</thumb>
		<action>ActivateWindow(Videos,"plugin://plugin.video.catchuptvandmore/resources/lib/channels/fr/mytf1/list_programs/?_pickle_=80049552000000000000007d94288c075f7469746c655f948c0f446976657274697373656d656e7473948c076974656d5f6964948c03746631948c0b63617465676f72795f6964948c1047545f454e5445525441494e4d454e5494752e",return)</action>
		</shortcut>
	<shortcut>
		<defaultID />
		<label>[COLOR red]M6 Divertissement[/COLOR]</label>
		<label2>Extensions Vidéo</label2>
		<icon>DefaultShortcut.png</icon>
		<thumb>image://C%3a%5cUsers%5cJulien%5cAppData%5cRoaming%5cKodi%5caddons%5cplugin.video.catchuptvandmore%5cicon.png/</thumb>
		<action>ActivateWindow(Videos,"plugin://plugin.video.catchuptvandmore/resources/lib/channels/fr/6play/list_programs/?_pickle_=80049543000000000000007d94288c075f7469746c655f948c0e446976657274697373656d656e74948c076974656d5f6964948c026d36948c0b63617465676f72795f6964948c0331323094752e",return)</action>
		</shortcut>
	</shortcuts>
