<shortcuts>
	<shortcut>
		<defaultID />
		<label>Recherche [COLOR indianred](Films)[/COLOR]</label>
		<label2>Elément personnalisé</label2>
		<icon>DefaultShortcut.png</icon>
		<thumb>image://special%3a%2f%2fhome%2faddons%2fplugin.video.vstream%2fresources%2fart%2fsearch.png/</thumb>
		<action>ActivateWindow(Videos,"plugin://plugin.video.vstream/?site=pastebin&amp;function=showSearch&amp;title=Recherche+&amp;siteUrl=https%3A%2F%2Fpastebin.com%2Fraw%2F%26pasteID%3D4%26sMedia%3Dfilm%26sSearch%3D&amp;sFav=showSearch")</action>
		</shortcut>
	<shortcut>
		<defaultID />
		<label>Intégrale Hayao Miyazaki et des studios Ghibli</label>
		<label2>Extensions Vidéo</label2>
		<icon>DefaultShortcut.png</icon>
		<thumb>image://special%3a%2f%2fhome%2faddons%2fplugin.video.vstream%2fresources%2fart%2fgenres.png/</thumb>
		<action>ActivateWindow(Videos,"plugin://plugin.video.vstream/?site=pastebin&amp;function=showMovies&amp;title=Int%C3%A9grale+Hayao+Miyazaki+et+des+studios+Ghibli&amp;siteUrl=https%3A%2F%2Fpastebin.com%2Fraw%2F%26numPage%3D1%26sMedia%3Dfilm%26pasteID%3D4%26sGroupe%3DInt%C3%A9grale+Hayao+Miyazaki+et+des+studios+Ghibli&amp;sFav=showMovies",return)</action>
		</shortcut>
	<shortcut>
		<defaultID />
		<label>Mangas Films</label>
		<label2>Extensions Vidéo</label2>
		<icon>DefaultShortcut.png</icon>
		<thumb>image://special%3a%2f%2fhome%2faddons%2fplugin.video.vstream%2fresources%2fart%2fgenres.png/</thumb>
		<action>ActivateWindow(Videos,"plugin://plugin.video.vstream/?site=pastebin&amp;function=showMovies&amp;title=Mangas+Films&amp;siteUrl=https%3A%2F%2Fpastebin.com%2Fraw%2F%26numPage%3D1%26sMedia%3Dfilm%26pasteID%3D4%26sGroupe%3DMangas+Films&amp;sFav=showMovies",return)</action>
		</shortcut>
	<shortcut>
		<defaultID />
		<label>#Anime-Japonais</label>
		<label2>Extensions Vidéo</label2>
		<icon>DefaultShortcut.png</icon>
		<thumb>image://special%3a%2f%2fhome%2faddons%2fplugin.video.sendtokodiU2P%2fresources%2fpng%2fgroupe.png/</thumb>
		<action>ActivateWindow(Videos,"plugin://plugin.video.sendtokodiU2P/?action=MenuFilm&amp;famille=genres&amp;typgenre=%23Anime-Japonais&amp;offset=0&amp;limit=500",return)</action>
		</shortcut>
	<shortcut>
		<defaultID />
		<label>Recherche [COLOR indianred](Animes)[/COLOR]</label>
		<label2>Elément personnalisé</label2>
		<icon>DefaultShortcut.png</icon>
		<thumb>image://special%3a%2f%2fhome%2faddons%2fplugin.video.vstream%2fresources%2fart%2fsearch.png/</thumb>
		<action>ActivateWindow(Videos,"plugin://plugin.video.vstream/?site=pastebin&amp;function=showSearch&amp;title=Recherche+&amp;siteUrl=https%3A%2F%2Fpastebin.com%2Fraw%2F%26pasteID%3D4%26sMedia%3Danime%26sSearch%3D&amp;sFav=showSearch")</action>
		</shortcut>
	<shortcut>
		<defaultID />
		<label>Animes</label>
		<label2>Extensions Vidéo</label2>
		<icon>DefaultShortcut.png</icon>
		<thumb>image://special%3a%2f%2fhome%2faddons%2fplugin.video.vstream%2fresources%2fart%2fanimes.png/</thumb>
		<action>ActivateWindow(Videos,"plugin://plugin.video.vstream/?site=pastebin&amp;function=showMenu&amp;title=Animes&amp;pasteID=4&amp;sMedia=anime&amp;sFav=showMenu",return)</action>
		</shortcut>
	<shortcut>
		<defaultID />
		<label>Divers [COLOR indianred](Listes)[/COLOR]</label>
		<label2>Extensions Vidéo</label2>
		<icon>DefaultShortcut.png</icon>
		<thumb>image://special%3a%2f%2fhome%2faddons%2fplugin.video.vstream%2fresources%2fart%2flistes.png/</thumb>
		<action>ActivateWindow(Videos,"plugin://plugin.video.vstream/?site=pastebin&amp;function=showGroupes&amp;title=Divers+&amp;siteUrl=https%3A%2F%2Fpastebin.com%2Fraw%2F%26numPage%3D1%26sMedia%3Ddivers%26pasteID%3D5&amp;sFav=showGroupes",return)</action>
		</shortcut>
	<shortcut>
		<defaultID />
		<label>Top Anime by Didi</label>
		<label2>Extensions Vidéo</label2>
		<icon>DefaultShortcut.png</icon>
		<thumb>image://special%3a%2f%2fhome%2faddons%2fplugin.video.sendtokodiU2P%2fresources%2fpng%2fgroupe.png/</thumb>
		<action>ActivateWindow(Videos,"plugin://plugin.video.sendtokodiU2P/?action=MenuSerie&amp;trakt=Top+Anime+by+Didi",return)</action>
		</shortcut>
	</shortcuts>
