<shortcuts>
	<shortcut>
		<defaultID />
		<label>[B]Recherche [COLOR lightskyblue][I](Film)[/B][/I][/COLOR]</label>
		<label2>Elément personnalisé</label2>
		<icon>DefaultShortcut.png</icon>
		<thumb>special://skin/extras/icons/search.png</thumb>
		<action>ActivateWindow(Videos,"plugin://plugin.video.vstream/?site=pastebin&amp;function=showSearch&amp;title=Recherche+&amp;siteUrl=https%3A%2F%2Fpastebin.com%2Fraw%2F%26pasteID%3D1%26sMedia%3Dfilm%26sSearch%3D&amp;sFav=showSearch")</action>
		</shortcut>
	<shortcut>
		<defaultID />
		<label>[B][COLOR gold]Liste[/COLOR] [I][COLOR lightskyblue](Film)[/I][/COLOR][/B]</label>
		<label2>Extensions Vidéo</label2>
		<icon>DefaultShortcut.png</icon>
		<thumb>special://skin/extras/icons/</thumb>
		<action>ActivateWindow(Videos,"plugin://plugin.video.vstream/?site=pastebin&amp;function=showMenu&amp;title=Film&amp;pasteID=1",return)</action>
		</shortcut>
	<shortcut>
		<defaultID />
		<label>[B][COLOR lightskyblue]Gagnant des Oscars[/COLOR][/B]</label>
		<label2>Elément personnalisé</label2>
		<icon>DefaultShortcut.png</icon>
		<thumb>special://skin/extras/icons/</thumb>
		<action>ActivateWindow(Videos,"plugin://plugin.video.vstream/?site=pastebin&amp;function=showGroupeDetails&amp;title=Gagnants+d%27Oscar&amp;siteUrl=https%3A%2F%2Fpastebin.com%2Fraw%2F%26numPage%3D1%26sMedia%3Dfilm%26pasteID%3D16%26sGroupe%3DGagnants+d%27Oscar&amp;sFav=showGroupeDetails",return)</action>
		</shortcut>
	<shortcut>
		<defaultID />
		<label>[B][COLOR lightskyblue]Gagnants des Césars[/B][/COLOR]</label>
		<label2>Elément personnalisé</label2>
		<icon>DefaultShortcut.png</icon>
		<thumb>special://skin/extras/icons/</thumb>
		<action>ActivateWindow(Videos,"plugin://plugin.video.vstream/?site=pastebin&amp;function=showMovies&amp;title=Gagnants+des+C%C3%A9sars&amp;siteUrl=https%3A%2F%2Fpastebin.com%2Fraw%2F%26numPage%3D1%26sMedia%3Dfilm%26pasteID%3D1%26sGroupe%3DGagnants+des+C%C3%A9sars&amp;sFav=showMovies",return)</action>
		</shortcut>
	<shortcut>
		<defaultID />
		<label>[B][COLOR lightskyblue]Les Top "Film"[/B][/COLOR]</label>
		<label2>Elément personnalisé</label2>
		<icon>DefaultShortcut.png</icon>
		<thumb>special://skin/extras/icons/</thumb>
		<action>ActivateWindow(Videos,"plugin://plugin.video.vstream/?site=pastebin&amp;function=showMovies&amp;title=LES+TOP&amp;siteUrl=https%3A%2F%2Fpastebin.com%2Fraw%2F%26numPage%3D1%26sMedia%3Dfilm%26pasteID%3D1%26sGroupe%3DLES+TOP&amp;sFav=showMovies",return)</action>
		</shortcut>
	<shortcut>
		<defaultID />
		<label>[B][COLOR lightskyblue]Film 2020 et +[/B][/COLOR]</label>
		<label2>Elément personnalisé</label2>
		<icon>DefaultShortcut.png</icon>
		<thumb>special://skin/extras/icons/_none.png</thumb>
		<action>ActivateWindow(Videos,"plugin://plugin.video.vstream/?site=pastebin&amp;function=showMovies&amp;title=Films+2020+et+plus&amp;siteUrl=https%3A%2F%2Fpastebin.com%2Fraw%2F%26numPage%3D1%26sMedia%3Dfilm%26sGroupe%3DFilms+2020+et+plus&amp;sFav=showMovies",return)</action>
		</shortcut>
	<shortcut>
		<defaultID />
		<label>[B][COLOR lightskyblue]Sélections de la communauté[/B][/COLOR]</label>
		<label2>Extensions Vidéo</label2>
		<icon>DefaultShortcut.png</icon>
		<thumb>special://skin/extras/icons/_none.png</thumb>
		<action>ActivateWindow(Videos,"plugin://plugin.video.sendtokodiU2P/?action=MenuFilm&amp;groupe=S%C3%A9lections+de+la+communaut%C3%A9",return)</action>
		</shortcut>
	<shortcut>
		<defaultID />
		<label>[COLOR lightskyblue][B]Les essentiels selon [I]"Slang Magazine"[/I][/B][/COLOR]</label>
		<label2>Elément personnalisé</label2>
		<icon>DefaultShortcut.png</icon>
		<thumb>special://skin/extras/icons/</thumb>
		<action>ActivateWindow(Videos,"plugin://plugin.video.vstream/?site=pastebin&amp;function=showMovies&amp;title=+Les+essentiels+selon+Slang+Magazine&amp;siteUrl=https%3A%2F%2Fpastebin.com%2Fraw%2F%26numPage%3D1%26sMedia%3Dfilm%26sGroupe%3DListes%2Ben%2Btous%2Bgenres%26sGroupe%3DListes+en+tous+genres%3A+Les+essentiels+selon+Slang+Magazine&amp;sFav=showMovies",return)</action>
		</shortcut>
	<shortcut>
		<defaultID />
		<label>[B][COLOR lightskyblue]Bollywood[/B][/COLOR]</label>
		<label2>Elément personnalisé</label2>
		<icon>DefaultShortcut.png</icon>
		<thumb>special://skin/extras/icons/</thumb>
		<action>ActivateWindow(Videos,"plugin://plugin.video.vstream/?site=pastebin&amp;function=showMovies&amp;title=Bollywood&amp;siteUrl=https%3A%2F%2Fpastebin.com%2Fraw%2F%26numPage%3D1%26sMedia%3Dfilm%26sGroupe%3DBollywood&amp;sFav=showMovies",return)</action>
		</shortcut>
	<shortcut>
		<defaultID />
		<label>[B][COLOR lightskyblue]Selection de Ray[/B][/COLOR]</label>
		<label2>Elément personnalisé</label2>
		<icon>DefaultShortcut.png</icon>
		<thumb>special://skin/extras/icons/</thumb>
		<action>ActivateWindow(Videos,"plugin://plugin.video.vstream/?site=pastebin&amp;function=showMovies&amp;title=Selection+de+Ray&amp;siteUrl=https%3A%2F%2Fpastebin.com%2Fraw%2F%26numPage%3D1%26sMedia%3Dfilm%26sGroupe%3DSelection+de+Ray&amp;sFav=showMovies",return)</action>
		</shortcut>
	<shortcut>
		<defaultID />
		<label>[B][COLOR lightskyblue]Classements PassionFlix[/COLOR][/B]</label>
		<label2>Elément personnalisé</label2>
		<icon>DefaultShortcut.png</icon>
		<thumb>special://skin/extras/icons/</thumb>
		<action>ActivateWindow(Videos,"plugin://plugin.video.vstream/?site=pastebin&amp;function=showGroupeDetails&amp;title=Classements+PassionFlix&amp;siteUrl=https%3A%2F%2Fpastebin.com%2Fraw%2F%26numPage%3D1%26sMedia%3Dfilm%26pasteID%3D1%26sGroupe%3DClassements+PassionFlix&amp;sFav=showGroupeDetails",return)</action>
		</shortcut>
	<shortcut>
		<defaultID />
		<label>[B][COLOR lightskyblue]Dossier Sagas[/COLOR][/B]</label>
		<label2>Elément personnalisé</label2>
		<icon>DefaultShortcut.png</icon>
		<thumb>special://skin/extras/icons/</thumb>
		<action>ActivateWindow(Videos,"plugin://plugin.video.vstream/?site=pastebin&amp;function=showGroupeDetails&amp;title=Dossier&amp;siteUrl=https%3A%2F%2Fpastebin.com%2Fraw%2F%26numPage%3D1%26sMedia%3Dfilm%26pasteID%3D1%26sGroupe%3DDossier&amp;sFav=showGroupeDetails",return)</action>
		</shortcut>
	<shortcut>
		<defaultID />
		<label> [B][COLOR lightskyblue]Genres[/COLOR][/B]</label>
		<label2>Elément personnalisé</label2>
		<icon>DefaultShortcut.png</icon>
		<thumb>special://skin/extras/icons/genre.png</thumb>
		<action>ActivateWindow(Videos,"plugin://plugin.video.vstream/?site=pastebin&amp;function=showGenres&amp;title=Films+&amp;siteUrl=https%3A%2F%2Fpastebin.com%2Fraw%2F%26numPage%3D1%26sMedia%3Dfilm%26pasteID%3D1&amp;sFav=showGenres",return)</action>
		</shortcut>
	<shortcut>
		<defaultID />
		<label>[B][COLOR lightskyblue]Listes U2Pplay[/COLOR][/B]</label>
		<label2>Elément personnalisé</label2>
		<icon>DefaultShortcut.png</icon>
		<thumb>special://skin/extras/icons/playlist2.png</thumb>
		<action>ActivateWindow(Videos,"plugin://plugin.video.sendtokodiU2P/?action=MenuFilm",return)</action>
		</shortcut>
	<shortcut>
		<defaultID />
		<label>[B][COLOR lightskyblue]alKODIque U2Pplay[/B][/COLOR]</label>
		<label2>Extensions Vidéo</label2>
		<icon>DefaultShortcut.png</icon>
		<thumb>special://skin/extras/icons/</thumb>
		<action>ActivateWindow(Videos,"plugin://plugin.video.sendtokodiU2P/?action=MenuFilm&amp;trakt=alKODIque",return)</action>
		</shortcut>
	<shortcut>
		<defaultID />
		<label>[B][COLOR lightskyblue]Asian VostFr U2Pplay[/B][/COLOR]</label>
		<label2>Extensions Vidéo</label2>
		<icon>DefaultShortcut.png</icon>
		<thumb>special://skin/extras/icons/</thumb>
		<action>ActivateWindow(Videos,"plugin://plugin.video.sendtokodiU2P/?action=MenuFilm&amp;groupe=Asian+VostFr",return)</action>
		</shortcut>
	<shortcut>
		<defaultID />
		<label>[B][COLOR lightskyblue]Les Golden Globe 2022 U2Pplay[/B][/COLOR]</label>
		<label2>Extensions Vidéo</label2>
		<icon>DefaultShortcut.png</icon>
		<thumb>special://skin/extras/icons/</thumb>
		<action>ActivateWindow(Videos,"plugin://plugin.video.sendtokodiU2P/?action=MenuFilm&amp;trakt=Les+Golden+Globe+2022",return)</action>
		</shortcut>
	<shortcut>
		<defaultID />
		<label>[B][COLOR lightskyblue]Rotten Tomatoes: TOP Films 2021-2022 U2Pplay[/B][/COLOR]</label>
		<label2>Extensions Vidéo</label2>
		<icon>DefaultShortcut.png</icon>
		<thumb>special://skin/extras/icons/</thumb>
		<action>ActivateWindow(Videos,"plugin://plugin.video.sendtokodiU2P/?action=MenuFilm&amp;trakt=Rotten+Tomatoes%3A+TOP+Films+2021-2022",return)</action>
		</shortcut>
	</shortcuts>
