<shortcuts>
	<shortcut>
		<defaultID />
		<label>[B][COLOR coral]PasteBin[/COLOR][/B]</label>
		<label2>Extensions Vidéo</label2>
		<icon>DefaultShortcut.png</icon>
		<thumb>image://special%3a%2f%2fhome%2faddons%2fplugin.video.vstream%2fresources%2fart%2fsites%2fpastebin.png/</thumb>
		<action>ActivateWindow(Videos,"plugin://plugin.video.vstream/?site=pastebin&amp;function=load&amp;title=PasteBin&amp;siteUrl=http%3A%2F%2Fvenom&amp;sFav=load",return)</action>
	</shortcut>
	<shortcut>
		<defaultID />
		<label>[B][COLOR lightyellow]Séries/Animés [COLOR coral](Favoris)[/COLOR][/B]</label>
		<label2>Extensions Vidéo</label2>
		<icon>DefaultShortcut.png</icon>
		<thumb>image://special%3a%2f%2fhome%2faddons%2fplugin.video.vstream%2fresources%2fart%2fmark.png/</thumb>
		<action>ActivateWindow(Videos,"plugin://plugin.video.vstream/?site=cFav&amp;function=getFav&amp;title=S%C3%A9ries%2FAnim%C3%A9s+%282%29&amp;sCat=2&amp;sFav=getFav",return)</action>
	</shortcut>
	<shortcut>
		<defaultID />
		<label>[B][COLOR lightskyblue]Films [COLOR coral](Favoris)[/COLOR][/B]</label>
		<label2>Extensions Vidéo</label2>
		<icon>DefaultShortcut.png</icon>
		<thumb>image://special%3a%2f%2fhome%2faddons%2fplugin.video.vstream%2fresources%2fart%2fmark.png/</thumb>
		<action>ActivateWindow(Videos,"plugin://plugin.video.vstream/?site=cFav&amp;function=getFav&amp;title=Films+%284%29&amp;sCat=1&amp;sFav=getFav",return)</action>
	</shortcut>
	<shortcut>
		<defaultID />
		<label>[B][COLOR coral]En cours de visionnage[/B][/COLOR]</label>
		<label2>Extensions Vidéo</label2>
		<icon>DefaultShortcut.png</icon>
		<thumb>image://special%3a%2f%2fhome%2faddons%2fplugin.video.vstream%2fresources%2fart%2freplay.png/</thumb>
		<action>ActivateWindow(Videos,"plugin://plugin.video.vstream/?site=cViewing&amp;function=getViewing&amp;title=En+cours+de+visionnage&amp;siteUrl=http%3A%2F%2Fvenom&amp;sFav=getViewing",return)</action>
	</shortcut>
	<shortcut>
		<defaultID>plugin.video.vstream</defaultID>
		<label>[B][COLOR coral]vStream[/B][/COLOR]</label>
		<label2>Extensions Vidéo</label2>
		<icon>DefaultShortcut.png</icon>
		<thumb>thumb</thumb>
		<action>ActivateWindow(Videos,"plugin://plugin.video.vstream",return)</action>
	</shortcut>
</shortcuts>
