<shortcuts>
	<shortcut>
		<defaultID>plugin.audio.radio_de</defaultID>
		<label>[B][COLOR pink]Radio[/B][/COLOR]</label>
		<label2>Extensions Musique</label2>
		<icon>DefaultShortcut.png</icon>
		<thumb>special://skin/extras/icons/stream-music.png</thumb>
		<action>ActivateWindow(Music,"plugin://plugin.audio.radio_de",return)</action>
	</shortcut>
	<shortcut>
		<defaultID>plugin.audio.soundcloud</defaultID>
		<label>[B][COLOR pink]SoundCloud[/B][/COLOR]</label>
		<label2>Extensions Musique</label2>
		<icon>DefaultShortcut.png</icon>
		<thumb>special://skin/extras/icons/soundcloud.png</thumb>
		<action>ActivateWindow(Music,"plugin://plugin.audio.soundcloud",return)</action>
	</shortcut>
</shortcuts>
