<shortcuts>
	<shortcut>
		<defaultID />
		<label>Ma Recherche</label>
		<label2>Extensions Vidéo</label2>
		<icon>DefaultShortcut.png</icon>
		<thumb>image://special%3a%2f%2fhome%2faddons%2fplugin.video.sendtokodiU2P%2fresources%2fpng%2fsearch.png/</thumb>
		<action>ActivateWindow(Videos,"plugin://plugin.video.sendtokodiU2P/?action=affSearch",return)</action>
		</shortcut>
	<shortcut>
		<defaultID />
		<label>Filtres</label>
		<label2>Extensions Vidéo</label2>
		<icon>DefaultShortcut.png</icon>
		<thumb>special://skin/extras/icons/search.png</thumb>
		<action>ActivateWindow(Videos,"plugin://plugin.video.sendtokodiU2P/?action=filtres&amp;typM=movie",return)</action>
		</shortcut>
	<shortcut>
		<defaultID />
		<label>Mes favoris HK</label>
		<label2>Extensions Vidéo</label2>
		<icon>DefaultShortcut.png</icon>
		<thumb>image://special%3a%2f%2fhome%2faddons%2fplugin.video.sendtokodiU2P%2fresources%2fpng%2fliste.png/</thumb>
		<action>ActivateWindow(Videos,"plugin://plugin.video.sendtokodiU2P/?action=MenuFilm&amp;famille=Mes+favoris+HK",return)</action>
		</shortcut>
	<shortcut>
		<defaultID />
		<label>Mes Films</label>
		<label2>Extensions Vidéo</label2>
		<icon>DefaultShortcut.png</icon>
		<thumb>image://special%3a%2f%2fhome%2faddons%2fplugin.video.sendtokodiU2P%2fresources%2fpng%2fgroupe.png/</thumb>
		<action>ActivateWindow(Videos,"plugin://plugin.video.sendtokodiU2P/?action=MenuFilm&amp;listeV=Mes+Films",return)</action>
		</shortcut>
	<shortcut>
		<defaultID />
		<label>Films HK</label>
		<label2>Extensions Vidéo</label2>
		<icon>DefaultShortcut.png</icon>
		<thumb>image://special%3a%2f%2fhome%2faddons%5cplugin.program.autowidget%5cresources%5cmedia%5cicon%5cfolder-shortcut.png/</thumb>
		<action>ActivateWindow(Videos,"plugin://plugin.program.autowidget/?mode=group&amp;group=films_hk-1649167364.7408957&amp;refresh=&amp;reload=",return)</action>
		</shortcut>
	<shortcut>
		<defaultID />
		<label>Genres</label>
		<label2>Extensions Vidéo</label2>
		<icon>DefaultShortcut.png</icon>
		<thumb>image://special%3a%2f%2fhome%2faddons%2fplugin.video.sendtokodiU2P%2fresources%2fpng%2fgroupe.png/</thumb>
		<action>ActivateWindow(Videos,"plugin://plugin.video.sendtokodiU2P/?action=genres&amp;typM=movie",return)</action>
		</shortcut>
	<shortcut>
		<defaultID />
		<label>Listes Trakt</label>
		<label2>Extensions Vidéo</label2>
		<icon>DefaultShortcut.png</icon>
		<thumb>image://special%3a%2f%2fhome%2faddons%2fplugin.video.sendtokodiU2P%2fresources%2fpng%2fliste.png/</thumb>
		<action>ActivateWindow(Videos,"plugin://plugin.video.sendtokodiU2P/?action=MenuFilm&amp;famille=Listes+Trakt",return)</action>
		</shortcut>
	<shortcut>
		<defaultID />
		<label>Mon historique</label>
		<label2>Extensions Vidéo</label2>
		<icon>DefaultShortcut.png</icon>
		<thumb>image://special%3a%2f%2fhome%2faddons%2fplugin.video.sendtokodiU2P%2fresources%2fpng%2fMon%20historique.png/</thumb>
		<action>ActivateWindow(Videos,"plugin://plugin.video.sendtokodiU2P/?action=MenuFilm&amp;famille=Mon+historique",return)</action>
		</shortcut>
	<shortcut>
		<defaultID />
		<label>Mes Widgets</label>
		<label2>Extensions Vidéo</label2>
		<icon>DefaultShortcut.png</icon>
		<thumb>image://special%3a%2f%2fhome%2faddons%2fplugin.video.sendtokodiU2P%2fresources%2fpng%2fliste.png/</thumb>
		<action>ActivateWindow(Videos,"plugin://plugin.video.sendtokodiU2P/?action=MenuFilm&amp;famille=Mes+Widgets",return)</action>
		</shortcut>
	<shortcut>
		<defaultID />
		<label>Résolutions</label>
		<label2>Extensions Vidéo</label2>
		<icon>DefaultShortcut.png</icon>
		<thumb>image://special%3a%2f%2fhome%2faddons%2fplugin.video.sendtokodiU2P%2fresources%2fpng%2fliste.png/</thumb>
		<action>ActivateWindow(Videos,"plugin://plugin.video.sendtokodiU2P/?action=MenuFilm&amp;typfamille=R%C3%A9solutions",return)</action>
		</shortcut>
	</shortcuts>
