<shortcuts>
	<shortcut>
		<defaultID>fullscreenwidget-mustbefirstposition</defaultID>
		<label>Fullscreen Widget (must be first position)</label>
		<label2 />
		<icon>special://skin/extras/icons/pictures.png</icon>
		<thumb />
		<action>Background</action>
		</shortcut>
	<shortcut>
		<defaultID>submenu</defaultID>
		<label>Submenu</label>
		<label2 />
		<icon>special://skin/extras/icons/playlist.png</icon>
		<thumb />
		<action>Submenu</action>
		</shortcut>
	<shortcut>
		<defaultID />
		<label>[COLOR lightskyblue][B]TOP 10 - Les films les plus piratés cette semaine[/COLOR][/B]</label>
		<label2>Extensions Vidéo</label2>
		<icon>DefaultShortcut.png</icon>
		<thumb>image://special%3a%2f%2fhome%2faddons%2fplugin.video.sendtokodiU2P%2fresources%2fpng%2fgroupe.png/</thumb>
		<action>ActivateWindow(Videos,"plugin://plugin.video.sendtokodiU2P/?action=MenuFilm&amp;trakt=TOP+10+-+Les+films+les+plus+pirat%C3%A9s+cette+semaine",return)</action>
		</shortcut>
	<shortcut>
		<defaultID />
		<label>[B][COLOR lightskyblue]Tendances de la semaine[/COLOR][/B]</label>
		<label2>Extensions Vidéo</label2>
		<icon>DefaultShortcut.png</icon>
		<thumb>image://special%3a%2f%2fhome%2faddons%2fplugin.video.sendtokodiU2P%2fresources%2fpng%2fgroupe.png/</thumb>
		<action>ActivateWindow(Videos,"plugin://plugin.video.sendtokodiU2P/?action=MenuFilm&amp;trakt=Tendances+de+la+semaine",return)</action>
		</shortcut>
	<shortcut>
		<defaultID />
		<label>[B][COLOR lightskyblue]Top 50 au box office[/COLOR][/B]</label>
		<label2>Extensions Vidéo</label2>
		<icon>DefaultShortcut.png</icon>
		<thumb>image://special%3a%2f%2fhome%2faddons%2fplugin.video.sendtokodiU2P%2fresources%2fpng%2fgroupe.png/</thumb>
		<action>ActivateWindow(Videos,"plugin://plugin.video.sendtokodiU2P/?action=MenuFilm&amp;trakt=Top+50+au+box+office",return)</action>
		</shortcut>
	<shortcut>
		<defaultID />
		<label>[B][COLOR lightskyblue]Films français populaires[/B][/COLOR]</label>
		<label2>Extensions Vidéo</label2>
		<icon>DefaultShortcut.png</icon>
		<thumb>image://special%3a%2f%2fhome%2faddons%2fplugin.video.sendtokodiU2P%2fresources%2fpng%2fgroupe.png/</thumb>
		<action>ActivateWindow(Videos,"plugin://plugin.video.sendtokodiU2P/?action=MenuFilm&amp;trakt=Films+fran%C3%A7ais+populaires",return)</action>
		</shortcut>
	<shortcut>
		<defaultID />
		<label>[B][COLOR lightskyblue]Nouveautés [/B][/COLOR]</label>
		<label2>Extensions Vidéo</label2>
		<icon>DefaultShortcut.png</icon>
		<thumb>image://special%3a%2f%2fhome%2faddons%2fplugin.video.sendtokodiU2P%2fresources%2fpng%2fgroupe.png/</thumb>
		<action>ActivateWindow(Videos,"plugin://plugin.video.sendtokodiU2P/?action=MenuFilm&amp;trakt=Nouveaut%C3%A9s",return)</action>
		</shortcut>
	<shortcut>
		<defaultID />
		<label>[COLOR lightskyblue][B]Top Imdb [/B][/COLOR]</label>
		<label2>Extensions Vidéo</label2>
		<icon>DefaultShortcut.png</icon>
		<thumb>image://special%3a%2f%2fhome%2faddons%2fplugin.video.sendtokodiU2P%2fresources%2fpng%2fgroupe.png/</thumb>
		<action>ActivateWindow(Videos,"plugin://plugin.video.sendtokodiU2P/?action=MenuFilm&amp;trakt=All+D%C3%A9cade",return)</action>
		</shortcut>
	<shortcut>
		<defaultID />
		<label>[B][COLOR lightskyblue]Best SF [/B][/COLOR]</label>
		<label2>Extensions Vidéo</label2>
		<icon>DefaultShortcut.png</icon>
		<thumb>image://special%3a%2f%2fhome%2faddons%2fplugin.video.sendtokodiU2P%2fresources%2fpng%2fgroupe.png/</thumb>
		<action>ActivateWindow(Videos,"plugin://plugin.video.sendtokodiU2P/?action=MenuFilm&amp;trakt=Best+SF",return)</action>
		</shortcut>
	<shortcut>
		<defaultID />
		<label>[COLOR lightskyblue][B]50 films d'horreur cultes des années 80[/B][/COLOR]</label>
		<label2>Extensions Vidéo</label2>
		<icon>DefaultShortcut.png</icon>
		<thumb>image://special%3a%2f%2fhome%2faddons%2fplugin.video.sendtokodiU2P%2fresources%2fpng%2fgroupe.png/</thumb>
		<action>ActivateWindow(Videos,"plugin://plugin.video.sendtokodiU2P/?action=MenuFilm&amp;trakt=50+films+d%27horreur+cultes+des+ann%C3%A9es+80",return)</action>
		</shortcut>
	<shortcut>
		<defaultID />
		<label>[B][COLOR lightskyblue]Super Heros[/B][/COLOR]</label>
		<label2>Extensions Vidéo</label2>
		<icon>DefaultShortcut.png</icon>
		<thumb>image://special%3a%2f%2fhome%2faddons%2fplugin.video.sendtokodiU2P%2fresources%2fpng%2fgroupe.png/</thumb>
		<action>ActivateWindow(Videos,"plugin://plugin.video.sendtokodiU2P/?action=MenuFilm&amp;groupe=Super+Heros",return)</action>
		</shortcut>
	<shortcut>
		<defaultID />
		<label>[COLOR lightskyblue][B]Liste Aléatoire[/B][/COLOR]</label>
		<label2>Extensions Vidéo</label2>
		<icon>DefaultShortcut.png</icon>
		<thumb>image://special%3a%2f%2fhome%2faddons%2fplugin.video.sendtokodiU2P%2fresources%2fpng%2fListe%20Al%c3%a9atoire.png/</thumb>
		<action>ActivateWindow(Videos,"plugin://plugin.video.sendtokodiU2P/?action=MenuFilm&amp;famille=Liste+Al%C3%A9atoire",return)</action>
		</shortcut>
	</shortcuts>
