<shortcuts>
	<shortcut>
		<label>$ADDON[script.service.gto 30116]</label>
		<label2>Common Shortcut</label2>
		<icon>icons/pvr/refresh.png</icon>
		<action>RunPlugin(plugin://script.service.gto?action=scrape)</action>
		<visible>System.AddonIsEnabled(script.service.gto) + !Skin.HasSetting(hide_gtowidget)</visible>
	</shortcut>
	<shortcut>
		<label>$ADDON[script.service.gto 30115]</label>
		<label2>Common Shortcut</label2>
		<icon>icons/pvr/newspaper.png</icon>
		<action>RunPlugin(plugin://script.service.gto?action=change_scraper)</action>
		<visible>System.AddonIsEnabled(script.service.gto) + !Skin.HasSetting(hide_gtowidget)</visible>
	</shortcut>
	<shortcut>
		<label>19019</label>
		<label2>Common Shortcut</label2>
		<icon>DefaultAddonPeripheral.png</icon>
		<action>ActivateWindow(TVChannels)</action>
	</shortcut>
	<shortcut>
		<label>19069</label>
		<label2>Common Shortcut</label2>
		<icon>icons/pvr/epg.png</icon>
		<action>ActivateWindow(TVGuide)</action>
	</shortcut>
	<shortcut>
		<label>19017</label>
		<label2>Common Shortcut</label2>
		<icon>icons/pvr/recording.png</icon>
		<action>ActivateWindow(TVRecordings)</action>
	</shortcut>
	<shortcut>
		<label>19040</label>
		<label2>Common Shortcut</label2>
		<icon>icons/pvr/timer.png</icon>
		<action>ActivateWindow(TVTimers)</action>
	</shortcut>
	<shortcut>
		<label>19138</label>
		<label2>Common Shortcut</label2>
		<icon>icons/pvr/timer-rule.png</icon>
		<action>ActivateWindow(TVTimerRules)</action>
	</shortcut>
	<shortcut>
		<label>137</label>
		<label2>Common Shortcut</label2>
		<icon>DefaultAddonsSearch.png</icon>
		<action>ActivateWindow(TVSearch)</action>
	</shortcut>
</shortcuts>
