<shortcuts>
	<shortcut>
		<defaultID>plugin.video.sendtokodiU2P</defaultID>
		<label>U2Pplay</label>
		<label2>Elément personnalisé</label2>
		<icon>DefaultShortcut.png</icon>
		<thumb>special://home/addons/plugin.video.sendtokodiU2P/icon.png</thumb>
		<action>ActivateWindow(Videos,"plugin://plugin.video.sendtokodiU2P/?action=movies",return)</action>
		</shortcut>
	<shortcut>
		<defaultID>20382</defaultID>
		<label>20382</label>
		<label2>Elément personnalisé</label2>
		<icon>DefaultRecentlyAddedMovies.png</icon>
		<thumb />
		<action>ActivateWindow(Videos,"plugin://plugin.video.sendtokodiU2P/?action=mediasHKFilms&amp;famille=nouveau",return)</action>
		</shortcut>
	<shortcut>
		<defaultID>20434</defaultID>
		<label>20434</label>
		<label2>Elément personnalisé</label2>
		<icon>DefaultSets.png</icon>
		<thumb />
		<action>ActivateWindow(Videos,"plugin://plugin.video.sendtokodiU2P/?action=mediasHKFilms&amp;famille=sagas&amp;offset=0&amp;limit=100",return)</action>
		</shortcut>
	<shortcut>
		<defaultID>369</defaultID>
		<label>369</label>
		<label2>Elément personnalisé</label2>
		<icon>DefaultMovieTitle.png</icon>
		<thumb />
		<action>ActivateWindow(Videos,"plugin://plugin.video.sendtokodiU2P/?action=mediasHKFilms&amp;famille=film&amp;offset=0",return)</action>
		</shortcut>
	<shortcut>
		<defaultID>135</defaultID>
		<label>135</label>
		<label2>Elément personnalisé</label2>
		<icon>DefaultGenre.png</icon>
		<thumb />
		<action>ActivateWindow(Videos,"plugin://plugin.video.sendtokodiU2P/?action=genresHK&amp;typM=movie",return)</action>
		</shortcut>
	<shortcut>
		<defaultID>562</defaultID>
		<label>562</label>
		<label2>Elément personnalisé</label2>
		<icon>DefaultYear.png</icon>
		<thumb />
		<action>ActivateWindow(Videos,"plugin://plugin.video.sendtokodiU2P/?action=mediasHKFilms&amp;famille=Ann%C3%A9e%28s%29&amp;offset=0",return)</action>
		</shortcut>
	<shortcut>
		<defaultID>344</defaultID>
		<label>344</label>
		<label2>Elément personnalisé</label2>
		<icon>DefaultActor.png</icon>
		<thumb />
		<action>ActivateWindow(Videos,"plugin://plugin.video.themoviedb.helper/?info=dir_person&amp;tmdb_type=None",return)</action>
		</shortcut>
	<shortcut>
		<defaultID>136</defaultID>
		<label>136</label>
		<label2>Vidéos</label2>
		<icon>DefaultPlaylist.png</icon>
		<thumb />
		<action>ActivateWindow(Videos,Playlists,return)</action>
		</shortcut>
	<shortcut>
		<defaultID>1037</defaultID>
		<label>1037</label>
		<label2>Vidéos</label2>
		<icon>DefaultAddonVideo.png</icon>
		<thumb />
		<action>ActivateWindow(Videos,Addons,return)</action>
		</shortcut>
	<shortcut>
		<defaultID>744</defaultID>
		<label>744</label>
		<label2>Vidéos</label2>
		<icon>DefaultFolder.png</icon>
		<thumb />
		<action>ActivateWindow(Videos,Files,return)</action>
		</shortcut>
	<shortcut>
		<defaultID>31328</defaultID>
		<label>Hub - Films (Library)</label>
		<label2>Prédéfini</label2>
		<icon>special://skin/extras/icons/film.png</icon>
		<thumb>special://skin/extras/icons/film.png</thumb>
		<action>ActivateWindow(1130)</action>
		</shortcut>
	<shortcut>
		<defaultID>31314</defaultID>
		<label>Hub - Films (TMDbHelper)</label>
		<label2>Prédéfini</label2>
		<icon>special://skin/extras/icons/film.png</icon>
		<thumb>special://skin/extras/icons/film.png</thumb>
		<action>ActivateWindow(1120)</action>
		</shortcut>
	<shortcut>
		<defaultID>31367</defaultID>
		<label>Hub - Films (U2Pplay)</label>
		<label2>Prédéfini</label2>
		<icon>special://skin/extras/icons/gem.png</icon>
		<thumb>special://skin/extras/icons/gem.png</thumb>
		<action>ActivateWindow(1132)</action>
		</shortcut>
	</shortcuts>
