<shortcuts>
	<shortcut>
		<label>20387</label>
		<label2>Common Shortcut</label2>
		<icon>DefaultRecentlyAddedEpisodes.png</icon>
		<action>ActivateWindow(Videos,videodb://recentlyaddedepisodes/,return)</action>
	</shortcut>
	<shortcut>
		<label>10024</label>
		<label2>Common Shortcut</label2>
		<icon>DefaultTVShowTitle.png</icon>
		<action>ActivateWindow(Videos,videodb://tvshows/titles/,return)</action>
	</shortcut>
	<shortcut>
		<label>652</label>
		<label2>Common Shortcut</label2>
		<icon>DefaultYear.png</icon>
		<action>ActivateWindow(Videos,videodb://tvshows/years/,return)</action>
	</shortcut>
	<shortcut>
		<label>135</label>
		<label2>Common Shortcut</label2>
		<icon>DefaultGenre.png</icon>
		<action>ActivateWindow(Videos,videodb://tvshows/genres/,return)</action>
	</shortcut>
	<shortcut>
		<label>344</label>
		<label2>Common Shortcut</label2>
		<icon>DefaultActor.png</icon>
		<action>ActivateWindow(Videos,videodb://tvshows/actors/,return)</action>
	</shortcut>
	<shortcut>
		<label>20388</label>
		<label2>Common Shortcut</label2>
		<icon>DefaultStudios.png</icon>
		<action>ActivateWindow(Videos,videodb://tvshows/studios/,return)</action>
	</shortcut>
	<shortcut>
		<label>20459</label>
		<label2>Common Shortcut</label2>
		<icon>DefaultTags.png</icon>
		<action>ActivateWindow(Videos,videodb://tvshows/tags/,return)</action>
	</shortcut>
	<shortcut>
		<label>20314</label>
		<label2>Common Shortcut</label2>
		<icon>LibrarySettings.png</icon>
		<action>ActivateWindow(videos,library://video/tvshows/,return)</action>
	</shortcut>
	<shortcut>
		<label>744</label>
		<label2>Common Shortcut</label2>
		<icon>DefaultFolder.png</icon>
		<action>ActivateWindow(Videos,sources://videos/,return)</action>
	</shortcut>
	<shortcut>
		<label>$VAR[VideoLibraryScanLabel]</label>
		<label2>Common Shortcut</label2>
		<icon>$VAR[VideoLibraryScanIcon]</icon>
		<action>UpdateLibrary(video)</action>
	</shortcut>
</shortcuts>
