<shortcuts>
	<shortcut>
		<defaultID />
		<label>[B]Recherche [COLOR forestgreen](Films)[/COLOR][/B]</label>
		<label2>Elément personnalisé</label2>
		<icon>DefaultShortcut.png</icon>
		<thumb>special://skin/extras/icons/search.png</thumb>
		<action>ActivateWindow(Videos,"plugin://plugin.video.sendtokodiU2P/?action=mediasHKFilms&amp;famille=Search&amp;offset=0&amp;limit=500")</action>
		</shortcut>
	<shortcut>
		<defaultID />
		<label>[B][COLOR green] docu Films news[/B][/COLOR]</label>
		<label2>Elément personnalisé</label2>
		<icon>DefaultShortcut.png</icon>
		<thumb>special://skin/extras/icons/battery.png</thumb>
		<action>ActivateWindow(Videos,"plugin://plugin.video.sendtokodiU2P/?action=mediasHKFilms&amp;famille=groupes&amp;offset=0&amp;nom=doc+films+news",return)</action>
		</shortcut>
	<shortcut>
		<defaultID />
		<label>[B]Recherche [COLOR green](Séries)[/COLOR][/B]</label>
		<label2>Elément personnalisé</label2>
		<icon>DefaultShortcut.png</icon>
		<thumb>special://skin/extras/icons/search.png</thumb>
		<action>ActivateWindow(Videos,"plugin://plugin.video.sendtokodiU2P/?action=mediasHKSeries&amp;famille=Search&amp;offset=0&amp;limit=500")</action>
		</shortcut>
	<shortcut>
		<defaultID />
		<label>[COLOR green][B]Docu Séries news[/B][/COLOR]</label>
		<label2>Elément personnalisé</label2>
		<icon>DefaultShortcut.png</icon>
		<thumb>special://skin/extras/icons/brightness.png</thumb>
		<action>ActivateWindow(Videos,"plugin://plugin.video.sendtokodiU2P/?action=mediasHKSeries&amp;famille=groupes&amp;offset=0&amp;nom=docu+news",return)</action>
		</shortcut>
	<shortcut>
		<defaultID />
		<label>[COLOR green][B]ARTE[/B][/COLOR]</label>
		<label2>Extensions Vidéo</label2>
		<icon>DefaultShortcut.png</icon>
		<thumb>image://special%3a%2f%2fhome%2faddons%2fplugin.video.sendtokodiU2P%2fresources%2fpng%2farte.jpg/</thumb>
		<action>ActivateWindow(Videos,"plugin://plugin.video.sendtokodiU2P/?action=mediasHKSeries&amp;famille=specialWid&amp;diffus=ARTE&amp;typM=tvshow",return)</action>
		</shortcut>
	</shortcuts>
