<shortcuts>
	<shortcut>
		<defaultID />
		<label>[B]Recherche [I][COLOR deeppink](dessin animé)[/COLOR][/B][/I]</label>
		<label2>Elément personnalisé</label2>
		<icon>DefaultShortcut.png</icon>
		<thumb>special://skin/extras/icons/search.png</thumb>
		<action>ActivateWindow(Videos,"plugin://plugin.video.sendtokodiU2P/?action=mediasHKSeries&amp;famille=Search&amp;offset=0&amp;limit=500")</action>
		</shortcut>
	<shortcut>
		<defaultID />
		<label>[B][COLOR springgreen]Dessin Animée (Trakt)[/COLOR][/B]</label>
		<label2>Extensions Vidéo</label2>
		<icon>DefaultShortcut.png</icon>
		<thumb>special://skin/extras/icons/trakttv.png</thumb>
		<action>ActivateWindow(Videos,"plugin://plugin.program.autowidget/?mode=group&amp;group=dessin_animee-1657144143.8116114&amp;refresh=&amp;reload=",return)</action>
		</shortcut>
	<shortcut>
		<defaultID />
		<label>[B][COLOR deeppink]Dessins Animé[/COLOR] [I][/B][/I]</label>
		<label2>Elément personnalisé</label2>
		<icon>DefaultShortcut.png</icon>
		<thumb>special://skin/extras/icons/antenna.png</thumb>
		<action>ActivateWindow(Videos,"plugin://plugin.video.sendtokodiU2P/?action=MenuTrakt&amp;numliste=22357402&amp;nb=639",return)</action>
		</shortcut>
	<shortcut>
		<defaultID />
		<label>[B][COLOR deeppink]Il etait une fois[/COLOR][/B]</label>
		<label2>Extensions Vidéo</label2>
		<icon>DefaultShortcut.png</icon>
		<thumb>special://skin/extras/icons/globe.png</thumb>
		<action>ActivateWindow(Videos,"plugin://plugin.video.sendtokodiU2P/?action=mediasHKSeries&amp;famille=groupes&amp;offset=0&amp;nom=il+etait+une+fois",return)</action>
		</shortcut>
	<shortcut>
		<defaultID />
		<label>[B][COLOR deeppink]Lego series[/COLOR][/B]</label>
		<label2>Extensions Vidéo</label2>
		<icon>DefaultShortcut.png</icon>
		<thumb>special://skin/extras/icons/shipping.png</thumb>
		<action>ActivateWindow(Videos,"plugin://plugin.video.sendtokodiU2P/?action=MenuTrakt&amp;numliste=3871336&amp;nb=51",return)</action>
		</shortcut>
	<shortcut>
		<defaultID />
		<label>[B][COLOR deeppink]Series Animes Disney[/COLOR][/B]</label>
		<label2>Extensions Vidéo</label2>
		<icon>DefaultShortcut.png</icon>
		<thumb>special://skin/extras/icons/castle.png</thumb>
		<action>ActivateWindow(Videos,"plugin://plugin.video.sendtokodiU2P/?action=MenuTrakt&amp;numliste=23227030&amp;nb=66",return)</action>
		</shortcut>
	<shortcut>
		<defaultID />
		<label>[B][COLOR deeppink]Series Animes Garcons[/COLOR][/B]</label>
		<label2>Elément personnalisé</label2>
		<icon>DefaultShortcut.png</icon>
		<thumb>special://skin/extras/icons/babyboy.png</thumb>
		<action>ActivateWindow(Videos,"plugin://plugin.video.sendtokodiU2P/?action=MenuTrakt&amp;numliste=23222721&amp;nb=37",return)</action>
		</shortcut>
	<shortcut>
		<defaultID />
		<label>[B][COLOR deeppink] 80 Dessin animée[/COLOR][/B]</label>
		<label2>Extensions Vidéo</label2>
		<icon>DefaultShortcut.png</icon>
		<thumb>special://skin/extras/icons/radio.png</thumb>
		<action>ActivateWindow(Videos,"plugin://plugin.video.sendtokodiU2P/?action=mediasHKSeries&amp;famille=groupes&amp;offset=0&amp;nom=anime+80",return)</action>
		</shortcut>
	</shortcuts>
