<shortcuts>
	<shortcut>
		<defaultID />
		<label>On continue...</label>
		<label2>Extensions Vidéo</label2>
		<icon>DefaultShortcut.png</icon>
		<thumb>special://home/media/iconluc/oncontinue.png</thumb>
		<action>ActivateWindow(Videos,"plugin://plugin.video.sendtokodiU2P/?action=mediasHKSeries&amp;famille=Mon+historique&amp;offset=0&amp;suite=1",return)</action>
		</shortcut>
	<shortcut>
		<defaultID />
		<label>Ma Recherche</label>
		<label2>Extensions Vidéo</label2>
		<icon>DefaultShortcut.png</icon>
		<thumb>special://home/media/iconluc/recherche (2).png</thumb>
		<action>ActivateWindow(Videos,"plugin://plugin.video.sendtokodiU2P/?action=affSearch",return)</action>
		</shortcut>
	<shortcut>
		<defaultID />
		<label>Profil</label>
		<label2>Elément personnalisé</label2>
		<icon>DefaultShortcut.png</icon>
		<thumb>special://home/media/iconluc/profil.png</thumb>
		<action>PlayMedia("plugin://plugin.video.sendtokodiU2P/?action=actifPm")</action>
		</shortcut>
	<shortcut>
		<defaultID>1036</defaultID>
		<label>Favoris Général</label>
		<label2>Elément de menu commun</label2>
		<icon>special://skin/extras/icons/favourites2.png</icon>
		<thumb>special://home/media/iconluc/favorisgeneral.png</thumb>
		<action>ActivateWindow(Favourites)</action>
		</shortcut>
	<shortcut>
		<defaultID />
		<label>Création Listes HK2</label>
		<label2>Elément personnalisé</label2>
		<icon>DefaultShortcut.png</icon>
		<thumb>special://home/media/iconluc/listecreer.png</thumb>
		<action>ActivateWindow(Videos,"plugin://plugin.video.sendtokodiU2P/?action=createL",return)</action>
		</shortcut>
	<shortcut>
		<defaultID />
		<label>Supprimer Listes HK2</label>
		<label2>Elément personnalisé</label2>
		<icon>DefaultShortcut.png</icon>
		<thumb>special://home/media/iconluc/listess.png</thumb>
		<action>ActivateWindow(Videos,"plugin://plugin.video.sendtokodiU2P/?action=supL",return)</action>
		</shortcut>
	</shortcuts>
