<shortcuts>
	<shortcut>
		<defaultID />
		<label>Films HK2</label>
		<label2>Elément personnalisé</label2>
		<icon>DefaultShortcut.png</icon>
		<thumb />
		<action>plugin://plugin.video.sendtokodiU2P/?action=findf&amp;nom=recherche</action>
		</shortcut>
	<shortcut>
		<defaultID />
		<label>Series HK2</label>
		<label2>Elément personnalisé</label2>
		<icon>DefaultShortcut.png</icon>
		<thumb />
		<action>plugin://plugin.video.sendtokodiU2P/?action=findss&amp;nom=recherche</action>
		</shortcut>
	<shortcut>
		<defaultID />
		<label>Acteurs HK2</label>
		<label2>Elément personnalisé</label2>
		<icon>DefaultShortcut.png</icon>
		<thumb />
		<action>plugin://plugin.video.sendtokodiU2P/?action=findc&amp;nom=recherche</action>
		</shortcut>
	<shortcut>
		<defaultID>tmdbmovies</defaultID>
		<label>TMDb Movies</label>
		<label2>Prédéfini</label2>
		<icon>special://skin/extras/icons/film.png</icon>
		<thumb />
		<action>DefaultSearch-TMDBMovies</action>
		</shortcut>
	<shortcut>
		<defaultID>tmdbshows</defaultID>
		<label>TMDb Shows</label>
		<label2>Prédéfini</label2>
		<icon>special://skin/extras/icons/tv.png</icon>
		<thumb />
		<action>DefaultSearch-TMDBShows</action>
		</shortcut>
	<shortcut>
		<defaultID>tmdbpeople</defaultID>
		<label>TMDb People</label>
		<label2>Prédéfini</label2>
		<icon>special://skin/extras/icons/person3.png</icon>
		<thumb />
		<action>DefaultSearch-TMDBPeople</action>
		</shortcut>
	</shortcuts>
