<shortcuts>
	<shortcut>
		<defaultID>13012</defaultID>
		<label>13012</label>
		<label2>Power Menu Shortcut</label2>
		<icon>special://skin/extras/icons/power.png</icon>
		<thumb>special://home/media/iconluc/quitter (2).png</thumb>
		<action>Quit()</action>
		<visible>System.ShowExitButton</visible>
		</shortcut>
	<shortcut>
		<defaultID />
		<label>MAJ+Bannière</label>
		<label2>Elément personnalisé</label2>
		<icon>DefaultShortcut.png</icon>
		<thumb>special://home/media/iconluc/majvignette(1).png</thumb>
		<action>PlayMedia("plugin://plugin.video.sendtokodiU2P/?action=majhkcron")</action>
		</shortcut>
	<shortcut>
		<defaultID>plugin.program.Skodi</defaultID>
		<label>[COLOR limegreen]Skodi[/COLOR]</label>
		<label2>Programme</label2>
		<icon>DefaultShortcut.png</icon>
		<thumb>special://home/media/iconluc/skodi (6).png</thumb>
		<action>ActivateWindow(Programs,"plugin://plugin.program.Skodi",return)</action>
		</shortcut>
	<shortcut>
		<defaultID>20183</defaultID>
		<label>20183</label>
		<label2>Power Menu Shortcut</label2>
		<icon>special://skin/extras/icons/power.png</icon>
		<thumb>special://home/media/iconluc/rechargerUpdate.png</thumb>
		<action>ReloadSkin()</action>
		</shortcut>
	<shortcut>
		<defaultID>reboottoandroid</defaultID>
		<label>Reboot to Android</label>
		<label2>Power Menu Shortcut</label2>
		<icon>special://skin/extras/icons/android.png</icon>
		<thumb />
		<action>System.ExecWait("/usr/sbin/rebootfromnand")</action>
		<visible>System.PathExist("/dev/env")</visible>
		</shortcut>
	<shortcut>
		<defaultID>20126</defaultID>
		<label>20126</label>
		<label2>Power Menu Shortcut</label2>
		<icon>special://skin/extras/icons/power.png</icon>
		<thumb />
		<action>dialog.close(all,true)</action>
		<visible>System.HasLoginScreen | IntegerGreaterThan(System.ProfileCount,1)</visible>
		</shortcut>
	<shortcut>
		<defaultID>20046</defaultID>
		<label>20046</label>
		<label2>Power Menu Shortcut</label2>
		<icon>special://skin/extras/icons/power.png</icon>
		<thumb />
		<action>mastermode</action>
		<visible>System.HasLocks</visible>
		</shortcut>
	<shortcut>
		<defaultID>13017</defaultID>
		<label>13017</label>
		<label2>Power Menu Shortcut</label2>
		<icon>special://skin/extras/icons/power.png</icon>
		<thumb />
		<action>InhibitIdleShutdown(true)</action>
		<visible>System.HasShutdown +!System.IsInhibit</visible>
		</shortcut>
	<shortcut>
		<defaultID>13018</defaultID>
		<label>13018</label>
		<label2>Power Menu Shortcut</label2>
		<icon>special://skin/extras/icons/power.png</icon>
		<thumb />
		<action>InhibitIdleShutdown(false)</action>
		<visible>System.HasShutdown + System.IsInhibit</visible>
		</shortcut>
	<shortcut>
		<defaultID>20151</defaultID>
		<label>20151</label>
		<label2>Power Menu Shortcut</label2>
		<icon>special://skin/extras/icons/power.png</icon>
		<thumb />
		<action>CancelAlarm(shutdowntimer)</action>
		<visible>System.HasAlarm(shutdowntimer)</visible>
		</shortcut>
	<shortcut>
		<defaultID>5</defaultID>
		<label>5</label>
		<label2>Power Menu Shortcut</label2>
		<icon>special://skin/extras/icons/power.png</icon>
		<thumb>special://home/media/iconluc/systeme.png</thumb>
		<action>ActivateWindow(Settings)</action>
		</shortcut>
	</shortcuts>
