<?xml version="1.0" encoding="utf-8"?>
<!-- BINGIE -->
<window id="1115">
    <defaultcontrol always="true">77777</defaultcontrol>
    <menucontrol>900</menucontrol>
    <onload>AlarmClock(focusWidgets,SetFocus(77777),00:00,silent)</onload>
    <include>CustomBingieWinProps</include>
    <include>BingieViews_WindowOpen_Fade</include>
    <controls>
        <!-- fake go-to-fullscreen button -->
        <control type="button" id="509">
            <visible allowhiddenfocus="true">false</visible>
            <onfocus>FullScreen</onfocus>
        </control>
        <include>GlobalBackground</include>
        <!--NowPlaying-->
        <include>NowPlayingBackground</include>
        <include>NowPlayingInfoBar</include>
        <!-- hidden submenu for count calculations -->
        <include condition="!Skin.HasSetting(DisableAllSubmenus)">hiddenSubmenu</include>
        <include>HomeBingie</include>
        <!-- Fixed Frame -->
        <include content="Bingie_Main_View_Fixed_Frame" condition="Skin.HasSetting(EnableFixedFrameWidgets)">
            <left>130</left>
			<param name="containerid" value="1510" />
            <param name="top" value="611" />
            <param name="width" value="240" />
            <param name="height" value="325" />
            <texture background="true" border="12">$INFO[Skin.String(thumbsborder_focused),bingie/border/poster_fo_,.png]</texture>
			<bordersize>2</bordersize>
            <param name="xAxisAnim" value="238" />
            <param name="yAxisAnim" value="340" />
        </include>
        <!-- Loading Suggestions -->
        <include content="Busy_Spinner">
            <param name="centerleft" value="50%"/>
            <param name="centertop" value="50%"/>
            <param name="visibility" value="Container(1510).IsUpdating + !Integer.IsGreater(Container(1510).NumItems,0)"/>
            <param name="size" value="100"/>
        </include>
        <include condition="Skin.HasSetting(DebugGrid) | Skin.HasSetting(DebugInfo)">DebugInfo</include>
    </controls>
</window>
