<?xml version="1.0" encoding="UTF-8"?>
<!-- BINGIE -->
<includes>
    <!-- VARS -->
    <variable name="SearchString">
        <value condition="!String.IsEmpty(Skin.String(CustomSearchTerm))">$INFO[Skin.String(CustomSearchTerm)]</value>
        <value condition="!String.IsEmpty(Window.Property(SuggestionPath)) + [ControlGroup(77777).HasFocus() | Control.HasFocus(1007) | [Control.HasFocus(900) + !String.IsEmpty(Window.Property(KeepSuggestions))]]">$INFO[Container(1007).ListItem.Label]</value>
    </variable>

    <variable name="EmptySearchResultsString">
        <value condition="Control.HasFocus(1007) + String.IsEmpty(Skin.String(CustomSearchTerm))">$LOCALIZE[31558]</value>
        <value condition="String.IsEmpty(Skin.String(CustomSearchTerm)) + Window.IsActive(1107)">$LOCALIZE[31038]</value>
        <value condition="String.IsEmpty(Skin.String(CustomSearchTerm))">$LOCALIZE[31559]</value>
        <value>$LOCALIZE[31578]</value>
    </variable>

    <variable name="SuggestionBorderColor">
        <value condition="Control.HasFocus(1007)">$INFO[Skin.String(ViewDetailsBorderFocusColor)]</value>
        <value>$INFO[Skin.String(BingieSecondaryTextColor)]</value>
    </variable>

    <!-- Search Auto-Complete Content Provider -->
    <variable name="SearchAutoCompleteContentProvider">
        <value condition="!String.IsEmpty(Skin.String(CustomSearchTerm)) + System.HasAddon(plugin.program.autocompletion)">plugin://plugin.program.autocompletion?info=autocomplete&amp;&amp;id=$INFO[Skin.String(CustomSearchTerm)]</value>
        <value condition="!String.IsEmpty(Skin.String(CustomSearchTerm)) + System.HasAddon(script.extendedinfo)">plugin://script.extendedinfo?info=autocomplete&amp;&amp;id=$INFO[Skin.String(CustomSearchTerm)]</value>
    </variable>

    <!-- INCLUDES -->
    <!-- Static Search Suggestions -->
    <include name="Search_Suggestions_Content">
        <content>
            <item>
                <label>$LOCALIZE[31078]</label>
                <property name="path">special://skin/playlists/blockbustermovies.xsp</property>
                <visible>String.IsEmpty(Skin.String(CustomSearchTerm))</visible>
            </item>
            <item>
                <label>$LOCALIZE[31079]</label>
                <property name="path">special://skin/playlists/bingeworthyshows.xsp</property>
                <visible>String.IsEmpty(Skin.String(CustomSearchTerm))</visible>
            </item>
            <item>
                <label>$LOCALIZE[31080]</label>
                <property name="path">special://skin/playlists/newreleasemovies.xsp</property>
                <visible>String.IsEmpty(Skin.String(CustomSearchTerm))</visible>
            </item>
            <item>
                <label>$LOCALIZE[31101]</label>
                <property name="path">special://skin/playlists/recentlyaddedshows.xsp</property>
                <visible>String.IsEmpty(Skin.String(CustomSearchTerm))</visible>
            </item>
            <item>
                <label>$LOCALIZE[31716]</label>
                <property name="path">special://skin/playlists/recentlyaddedmovies.xsp</property>
                <visible>String.IsEmpty(Skin.String(CustomSearchTerm))</visible>
            </item>
            <item>
                <label>$LOCALIZE[31532]</label>
                <property name="path">special://skin/playlists/topratedmovies.xsp</property>
                <visible>String.IsEmpty(Skin.String(CustomSearchTerm))</visible>
            </item>
            <item>
                <label>$LOCALIZE[31098]</label>
                <property name="path">special://skin/playlists/topratedshows.xsp</property>
                <visible>String.IsEmpty(Skin.String(CustomSearchTerm))</visible>
            </item>
            <item>
                <label>$LOCALIZE[31533]</label>
                <property name="path">special://skin/playlists/marvelmovies.xsp</property>
                <visible>String.IsEmpty(Skin.String(CustomSearchTerm))</visible>
            </item>
            <item>
                <label>$LOCALIZE[31181]</label>
                <property name="path">special://skin/playlists/netflixoriginalseries.xsp</property>
                <visible>String.IsEmpty(Skin.String(CustomSearchTerm))</visible>
            </item>
            <item>
                <label>$LOCALIZE[31536]</label>
                <property name="path">special://skin/playlists/actionandcrimemovies.xsp</property>
                <visible>String.IsEmpty(Skin.String(CustomSearchTerm))</visible>
            </item>
            <item>
                <label>$LOCALIZE[31537]</label>
                <property name="path">special://skin/playlists/kidsandfamily.xsp</property>
                <visible>String.IsEmpty(Skin.String(CustomSearchTerm))</visible>
            </item>
            <item>
                <label>$LOCALIZE[31046]</label>
                <property name="path">special://skin/playlists/anime.xsp</property>
                <visible>String.IsEmpty(Skin.String(CustomSearchTerm))</visible>
            </item>
            <item>
                <label>$LOCALIZE[31048]</label>
                <property name="path">special://skin/playlists/horrormovies.xsp</property>
                <visible>String.IsEmpty(Skin.String(CustomSearchTerm))</visible>
            </item>
            <item>
                <label>$LOCALIZE[31049]</label>
                <property name="path">special://skin/playlists/musicandmusical.xsp</property>
                <visible>String.IsEmpty(Skin.String(CustomSearchTerm))</visible>
            </item>
            <item>
                <label>$LOCALIZE[31047]</label>
                <property name="path">special://skin/playlists/romanticmovies.xsp</property>
                <visible>String.IsEmpty(Skin.String(CustomSearchTerm))</visible>
            </item>
            <item>
                <label>$LOCALIZE[31164]</label>
                <property name="path">special://skin/playlists/actionandcrimeseries.xsp</property>
                <visible>String.IsEmpty(Skin.String(CustomSearchTerm))</visible>
            </item>
            <item>
                <label>$LOCALIZE[31160]</label>
                <property name="path">special://skin/playlists/docuseries.xsp</property>
                <visible>String.IsEmpty(Skin.String(CustomSearchTerm))</visible>
            </item>
            <item>
                <label>$LOCALIZE[31162]</label>
                <property name="path">special://skin/playlists/adventureandfantasymovies.xsp</property>
                <visible>String.IsEmpty(Skin.String(CustomSearchTerm))</visible>
            </item>
            <item>
                <label>$LOCALIZE[31182]</label>
                <property name="path">special://skin/playlists/netlfixoriginalmovies.xsp</property>
                <visible>String.IsEmpty(Skin.String(CustomSearchTerm))</visible>
            </item>
            <item>
                <label>$LOCALIZE[31163]</label>
                <property name="path">special://skin/playlists/adventureandfantasyseries.xsp</property>
                <visible>String.IsEmpty(Skin.String(CustomSearchTerm))</visible>
            </item>
            <item>
                <label>$LOCALIZE[31859]</label>
                <property name="path">special://skin/playlists/imdbtop250.xsp</property>
                <visible>String.IsEmpty(Skin.String(CustomSearchTerm))</visible>
            </item>
            <item>
                <label>$LOCALIZE[31156]</label>
                <property name="path">special://skin/playlists/amazonoriginalseries.xsp</property>
                <visible>String.IsEmpty(Skin.String(CustomSearchTerm))</visible>
            </item>
            <item>
                <label>$LOCALIZE[31157]</label>
                <property name="path">special://skin/playlists/comedymovies.xsp</property>
                <visible>String.IsEmpty(Skin.String(CustomSearchTerm))</visible>
            </item>
            <item>
                <label>$LOCALIZE[31158]</label>
                <property name="path">special://skin/playlists/disneyandpixarmovies.xsp</property>
                <visible>String.IsEmpty(Skin.String(CustomSearchTerm))</visible>
            </item>
            <item>
                <label>$LOCALIZE[31159]</label>
                <property name="path">special://skin/playlists/documentaries.xsp</property>
                <visible>String.IsEmpty(Skin.String(CustomSearchTerm))</visible>
            </item>
            <item>
                <label>$LOCALIZE[31161]</label>
                <property name="path">special://skin/playlists/europeanmovies.xsp</property>
                <visible>String.IsEmpty(Skin.String(CustomSearchTerm))</visible>
            </item>
            <item>
                <label>$LOCALIZE[31187]</label>
                <property name="path">special://skin/playlists/foodandtravelshows.xsp</property>
                <visible>String.IsEmpty(Skin.String(CustomSearchTerm))</visible>
            </item>
            <item>
                <label>$LOCALIZE[31188]</label>
                <property name="path">special://skin/playlists/hboshows.xsp</property>
                <visible>String.IsEmpty(Skin.String(CustomSearchTerm))</visible>
            </item>
            <item>
                <label>$LOCALIZE[31189]</label>
                <property name="path">special://skin/playlists/historywarmovies.xsp</property>
                <visible>String.IsEmpty(Skin.String(CustomSearchTerm))</visible>
            </item>
            <item>
                <label>$LOCALIZE[31190]</label>
                <property name="path">special://skin/playlists/huluoriginalshows.xsp</property>
                <visible>String.IsEmpty(Skin.String(CustomSearchTerm))</visible>
            </item>
            <item>
                <label>$LOCALIZE[31191]</label>
                <property name="path">special://skin/playlists/marvelseries.xsp</property>
                <visible>String.IsEmpty(Skin.String(CustomSearchTerm))</visible>
            </item>
            <item>
                <label>$LOCALIZE[31192]</label>
                <property name="path">special://skin/playlists/realitytv.xsp</property>
                <visible>String.IsEmpty(Skin.String(CustomSearchTerm))</visible>
            </item>
            <item>
                <label>$LOCALIZE[31076]</label>
                <property name="path">special://skin/playlists/britishseries.xsp</property>
                <visible>String.IsEmpty(Skin.String(CustomSearchTerm))</visible>
            </item>
            <item>
                <label>$LOCALIZE[31193]</label>
                <property name="path">special://skin/playlists/standup.xsp</property>
                <visible>String.IsEmpty(Skin.String(CustomSearchTerm))</visible>
            </item>
            <item>
                <label>$LOCALIZE[31194]</label>
                <property name="path">special://skin/playlists/syfymovies.xsp</property>
                <visible>String.IsEmpty(Skin.String(CustomSearchTerm))</visible>
            </item>
            <item>
                <label>$LOCALIZE[31195]</label>
                <property name="path">special://skin/playlists/syfyseries.xsp</property>
                <visible>String.IsEmpty(Skin.String(CustomSearchTerm))</visible>
            </item>
            <item>
                <label>$LOCALIZE[31196]</label>
                <property name="path">special://skin/playlists/thrillerandsuspensemovies.xsp</property>
                <visible>String.IsEmpty(Skin.String(CustomSearchTerm))</visible>
            </item>
            <item>
                <label>$LOCALIZE[31197]</label>
                <property name="path">special://skin/playlists/thrillerandsuspenseseries.xsp</property>
                <visible>String.IsEmpty(Skin.String(CustomSearchTerm))</visible>
            </item>
        </content>
    </include>

    <!-- Search Radio Key -->
    <include name="SearchRadioKey">
        <param name="force_refresh" value="false"/>
        <param name="onclick2Cond" default="!String.IsEmpty(Skin.String(CustomSearchTerm))" />
        <param name="onclick2" default="Skin.SetString(CustomSearchTerm)" />
        <definition>
            <control type="radiobutton" id="$PARAM[id]">
                <height>search_key_size</height>
                <width>search_radiokey_width</width>
                <label/>
                <radioposx>$PARAM[radioposx]</radioposx>
                <radioposy>$PARAM[radioposy]</radioposy>
                <radiowidth>$PARAM[radiowidth]</radiowidth>
                <radioheight>$PARAM[radioheight]</radioheight>
                <textureradioonfocus colordiffuse="ffffffff">$PARAM[texture]</textureradioonfocus>
                <textureradioofffocus colordiffuse="ffffffff">$PARAM[texture]</textureradioofffocus>
                <textureradioonnofocus colordiffuse="$INFO[Skin.String(BingiePrimaryTextColor)]">$PARAM[texture]</textureradioonnofocus>
                <textureradiooffnofocus colordiffuse="$INFO[Skin.String(BingiePrimaryTextColor)]">$PARAM[texture]</textureradiooffnofocus>
                <ondown>$PARAM[ondown]</ondown>
                <onclick condition="$PARAM[force_refresh]">SetProperty(CustomSearch,1,home)</onclick>
                <onclick>$PARAM[onclick]</onclick>
                <onclick condition="$PARAM[onclick2Cond]">$PARAM[onclick2]</onclick>
                <include>SearchKeyDefs</include>
            </control>
        </definition>
    </include>

    <!-- Search Key -->
    <include name="SearchKey">
        <param name="size" default="search_key_size" />
        <definition>
            <control type="button" id="$PARAM[id]">
                <width>$PARAM[size]</width>
                <height>$PARAM[size]</height>
                <onup>$PARAM[onup]</onup>
                <ondown>$PARAM[ondown]</ondown>
                <include>SearchKeyDefs</include>
                <label>$PARAM[key]</label>
                <onclick>Skin.SetString(CustomSearchTerm,$INFO[Skin.String(CustomSearchTerm)]$PARAM[key])</onclick>
            </control>
        </definition>
    </include>

    <!-- Native Search Key -->
    <include name="NativeSearchKey">
        <param name="size" default="search_key_size" />
        <definition>
            <control type="button" id="$PARAM[id]">
                <nested />
                <width>$PARAM[size]</width>
                <height>$PARAM[size]</height>
                <onup>$PARAM[onup]</onup>
                <ondown>$PARAM[ondown]</ondown>
                <include>SearchKeyDefs</include>
            </control>
        </definition>
    </include>

    <include name="SearchKeyDefs">
        <align>center</align>
        <font>Reg34</font>
        <textoffsetx>0</textoffsetx>
        <selectedcolor>$INFO[Skin.String(ButtonFocusTextColor)]</selectedcolor>
        <textcolor>$INFO[Skin.String(ButtonTextColor)]</textcolor>
        <focusedcolor>ffffffff</focusedcolor>
        <disabledcolor>$INFO[Skin.String(GeneralTextColor)]</disabledcolor>
        <pulseonselect>false</pulseonselect>
        <texturefocus border="20">dialogs/keyboard/key-nf2.png</texturefocus>
        <texturenofocus colordiffuse="ff1a1a1a" border="20">dialogs/keyboard/key-nf.png</texturenofocus>
    </include>

    <!-- Search Keyboard Row -->
    <include name="SearchKeyboardRow">
        <control type="grouplist" id="$PARAM[id]">
            <width>455</width>
            <height>search_key_size</height>
            <orientation>horizontal</orientation>
            <itemgap>-10</itemgap>
            <onleft>$PARAM[onleft]</onleft>
            <onright>$PARAM[onright]</onright>
            <include>$PARAM[row_include]</include>
        </control>
    </include>

    <include name="SearchKeyboardRow_BackspaceAndSpace_Row">
        <!-- Space -->
        <include content="SearchRadioKey">
            <param name="id" value="10" />
            <param name="radioposx" value="60" />
            <param name="radioposy" value="20" />
            <param name="radiowidth" value="100" />
            <param name="radioheight" value="40" />
            <param name="texture" value="bingie/keyboard/space.png" />
            <param name="ondown" value="1001" />
            <param name="onclick" value="SetProperty(SpaceSearchTerm,1,Home)" />
        </include>
        <!-- Backspace -->
        <include content="SearchRadioKey">
            <param name="id" value="11" />
            <param name="radioposx" value="30" />
            <param name="radioposy" value="20" />
            <param name="radiowidth" value="160" />
            <param name="radioheight" value="40" />
            <param name="texture" value="bingie/keyboard/backspace.png" />
            <param name="ondown" value="1001" />
            <param name="onclick" value="SetProperty(BackspaceSearchTerm,1,Home)" />
            <param name="force_refresh" value="true"/>
        </include>
    </include>

    <include name="SearchKeyboardRow_First_Row">
        <!-- A -->
        <include content="SearchKey">
            <param name="id" value="101" />
            <param name="onup" value="10" />
            <param name="ondown" value="107" />
            <param name="key" value="a" />
        </include>
        <!-- B -->
        <include content="SearchKey">
            <param name="id" value="102" />
            <param name="onup" value="10" />
            <param name="ondown" value="108" />
            <param name="key" value="b" />
        </include>
        <!-- C -->
        <include content="SearchKey">
            <param name="id" value="103" />
            <param name="onup" value="10" />
            <param name="ondown" value="109" />
            <param name="key" value="c" />
        </include>
        <!-- D -->
        <include content="SearchKey">
            <param name="id" value="104" />
            <param name="onup" value="11" />
            <param name="ondown" value="110" />
            <param name="key" value="d" />
        </include>
        <!-- E -->
        <include content="SearchKey">
            <param name="id" value="105" />
            <param name="onup" value="11" />
            <param name="ondown" value="111" />
            <param name="key" value="e" />
        </include>
        <!-- F -->
        <include content="SearchKey">
            <param name="id" value="106" />
            <param name="onup" value="11" />
            <param name="ondown" value="112" />
            <param name="key" value="f" />
        </include>
    </include>

    <include name="SearchKeyboardRow_Second_Row">
        <!-- G -->
        <include content="SearchKey">
            <param name="id" value="107" />
            <param name="onup" value="101" />
            <param name="ondown" value="113" />
            <param name="key" value="g" />
        </include>
        <!-- H -->
        <include content="SearchKey">
            <param name="id" value="108" />
            <param name="onup" value="102" />
            <param name="ondown" value="114" />
            <param name="key" value="h" />
        </include>
        <!-- I -->
        <include content="SearchKey">
            <param name="id" value="109" />
            <param name="onup" value="103" />
            <param name="ondown" value="115" />
            <param name="key" value="i" />
        </include>
        <!-- J -->
        <include content="SearchKey">
            <param name="id" value="110" />
            <param name="onup" value="104" />
            <param name="ondown" value="116" />
            <param name="key" value="j" />
        </include>
        <!-- K -->
        <include content="SearchKey">
            <param name="id" value="111" />
            <param name="onup" value="105" />
            <param name="ondown" value="117" />
            <param name="key" value="k" />
        </include>
        <!-- L -->
        <include content="SearchKey">
            <param name="id" value="112" />
            <param name="onup" value="106" />
            <param name="ondown" value="118" />
            <param name="key" value="l" />
        </include>
    </include>

    <include name="SearchKeyboardRow_Third_Row">
        <!-- M -->
        <include content="SearchKey">
            <param name="id" value="113" />
            <param name="onup" value="107" />
            <param name="ondown" value="119" />
            <param name="key" value="m" />
        </include>
        <!-- N -->
        <include content="SearchKey">
            <param name="id" value="114" />
            <param name="onup" value="108" />
            <param name="ondown" value="120" />
            <param name="key" value="n" />
        </include>
        <!-- O -->
        <include content="SearchKey">
            <param name="id" value="115" />
            <param name="onup" value="109" />
            <param name="ondown" value="121" />
            <param name="key" value="o" />
        </include>
        <!-- P -->
        <include content="SearchKey">
            <param name="id" value="116" />
            <param name="onup" value="110" />
            <param name="ondown" value="122" />
            <param name="key" value="p" />
        </include>
        <!-- Q -->
        <include content="SearchKey">
            <param name="id" value="117" />
            <param name="onup" value="111" />
            <param name="ondown" value="123" />
            <param name="key" value="q" />
        </include>
        <!-- R -->
        <include content="SearchKey">
            <param name="id" value="118" />
            <param name="onup" value="112" />
            <param name="ondown" value="124" />
            <param name="key" value="r" />
        </include>
    </include>

    <include name="SearchKeyboardRow_Fourth_Row">
        <!-- S -->
        <include content="SearchKey">
            <param name="id" value="119" />
            <param name="onup" value="113" />
            <param name="ondown" value="125" />
            <param name="key" value="s" />
        </include>
        <!-- T -->
        <include content="SearchKey">
            <param name="id" value="120" />
            <param name="onup" value="114" />
            <param name="ondown" value="126" />
            <param name="key" value="t" />
        </include>
        <!-- U -->
        <include content="SearchKey">
            <param name="id" value="121" />
            <param name="onup" value="115" />
            <param name="ondown" value="127" />
            <param name="key" value="u" />
        </include>
        <!-- V -->
        <include content="SearchKey">
            <param name="id" value="122" />
            <param name="onup" value="116" />
            <param name="ondown" value="128" />
            <param name="key" value="v" />
        </include>
        <!-- W -->
        <include content="SearchKey">
            <param name="id" value="123" />
            <param name="onup" value="117" />
            <param name="ondown" value="129" />
            <param name="key" value="w" />
        </include>
        <!-- X -->
        <include content="SearchKey">
            <param name="id" value="124" />
            <param name="onup" value="118" />
            <param name="ondown" value="130" />
            <param name="key" value="x" />
        </include>
    </include>

    <include name="SearchKeyboardRow_Fifth_Row">
        <!-- Y -->
        <include content="SearchKey">
            <param name="id" value="125" />
            <param name="onup" value="119" />
            <param name="ondown" value="131" />
            <param name="key" value="y" />
        </include>
        <!-- Z -->
        <include content="SearchKey">
            <param name="id" value="126" />
            <param name="onup" value="120" />
            <param name="ondown" value="132" />
            <param name="key" value="z" />
        </include>
        <!-- 1 -->
        <include content="SearchKey">
            <param name="id" value="127" />
            <param name="onup" value="121" />
            <param name="ondown" value="133" />
            <param name="key" value="$NUMBER[1]" />
        </include>
        <!-- 2 -->
        <include content="SearchKey">
            <param name="id" value="128" />
            <param name="onup" value="122" />
            <param name="ondown" value="134" />
            <param name="key" value="$NUMBER[2]" />
        </include>
        <!-- 3 -->
        <include content="SearchKey">
            <param name="id" value="129" />
            <param name="onup" value="123" />
            <param name="ondown" value="135" />
            <param name="key" value="$NUMBER[3]" />
        </include>
        <!-- 4 -->
        <include content="SearchKey">
            <param name="id" value="130" />
            <param name="onup" value="124" />
            <param name="ondown" value="136" />
            <param name="key" value="$NUMBER[4]" />
        </include>
    </include>

    <include name="SearchKeyboardRow_Sixth_Row">
        <!-- 5 -->
        <include content="SearchKey">
            <param name="id" value="131" />
            <param name="onup" value="125" />
            <param name="ondown" value="1007" />
            <param name="key" value="$NUMBER[5]" />
        </include>
        <!-- 6 -->
        <include content="SearchKey">
            <param name="id" value="132" />
            <param name="onup" value="126" />
            <param name="ondown" value="1007" />
            <param name="key" value="$NUMBER[6]" />
        </include>
        <!-- 7 -->
        <include content="SearchKey">
            <param name="id" value="133" />
            <param name="onup" value="127" />
            <param name="ondown" value="1007" />
            <param name="key" value="$NUMBER[7]" />
        </include>
        <!-- 8 -->
        <include content="SearchKey">
            <param name="id" value="134" />
            <param name="onup" value="128" />
            <param name="ondown" value="1007" />
            <param name="key" value="$NUMBER[8]" />
        </include>
        <!-- 9 -->
        <include content="SearchKey">
            <param name="id" value="135" />
            <param name="onup" value="129" />
            <param name="ondown" value="1007" />
            <param name="key" value="$NUMBER[9]" />
        </include>
        <!-- 0 -->
        <include content="SearchKey">
            <param name="id" value="136" />
            <param name="onup" value="130" />
            <param name="ondown" value="1007" />
            <param name="key" value="$NUMBER[0]" />
        </include>
    </include>

    <!-- Search Suggestions Container -->
    <include name="Search_Suggestions_Container">
        <param name="visibility" default="true" />
        <param name="left" default="75" />
        <param name="onback" default="9000" />
        <param name="onup" default="101" />
        <param name="ondown" default="noop" />
        <param name="onright" default="77777" />
        <param name="onleft" default="900" />
        <definition>
            <control type="list" id="$PARAM[id]">
                <nested/>
                <visible>$PARAM[visibility]</visible>
                <left>$PARAM[left]</left>
                <top>$PARAM[top]</top>
                <width>$PARAM[width]</width>
                <height>$PARAM[height]</height>
                <orientation>vertical</orientation>
                <onback>$PARAM[onback]</onback>
                <onup>$PARAM[onup]</onup>
                <ondown>$PARAM[ondown]</ondown>
                <onright>$PARAM[onright]</onright>
                <onleft>$PARAM[onleft]</onleft>
                <align>left</align>
                <itemlayout width="$PARAM[width]" height="65">
                    <control type="label">
                        <left>25</left>
                        <width>90%</width>
                        <height>100%</height>
                        <aligny>center</aligny>
                        <align>left</align>
                        <font>Reg30</font>
                        <textcolor>$INFO[Skin.String(BingiePrimaryTextColor)]</textcolor>
                        <scroll>false</scroll>
                        <label>$INFO[ListItem.Label]</label>
                    </control>
                </itemlayout>
                <focusedlayout width="$PARAM[width]" height="65">
                    <control type="group">
                        <left>10</left>
                        <control type="image">
                            <width>100%</width>
                            <height>100%</height>
                            <aligny>top</aligny>
                            <align>left</align>
                            <aspectratio align="left" aligny="top">stretch</aspectratio>
                            <colordiffuse>$VAR[ViewDetailsBorderFocusColor]</colordiffuse>
                            <texture border="10" colordiffuse="$VAR[SuggestionBorderColor]">bingie/border/default_button_fo2.png</texture>
                            <visible>Control.HasFocus($PARAM[id]) | Control.IsVisible(500)</visible>
                        </control>
                        <control type="label">
                            <left>15</left>
                            <width>90%</width>
                            <height>100%</height>
                            <aligny>center</aligny>
                            <align>left</align>
                            <font>Reg30</font>
                            <textcolor>$INFO[Skin.String(ViewDetailsTextColor)]</textcolor>
                            <scroll>false</scroll>
                            <label>$INFO[ListItem.Label]</label>
                        </control>
                        <control type="button">
                            <visible>false</visible>
                            <onfocus condition="String.IsEmpty(Skin.String(CustomSearchTerm))">$PARAM[onitemfocus]</onfocus>
                            <onfocus condition="String.IsEmpty(Skin.String(CustomSearchTerm))">$PARAM[onitemfocus2]</onfocus>
                        </control>
                    </control>
                </focusedlayout>
            </control>
        </definition>
    </include>

    <!-- Search Container Template -->
    <include name="SearchContainerTemplate">
        <definition>
            <control type="panel" id="$PARAM[id]">
                <nested />
                <visible>Container($PARAM[id]).IsUpdating | Integer.IsGreater(Container($PARAM[id]).NumItems,0) | $PARAM[force_visible]</visible>
                <visible>$PARAM[visibility]</visible>
                <width>$PARAM[width]</width>
                <height>$PARAM[height]</height>
                <orientation>$PARAM[orientation]</orientation>
                <pagecontrol>$PARAM[pagecontrol]</pagecontrol>
                <scrolltime tween="quadratic">400</scrolltime>
                <preloaditems>4</preloaditems>
                <itemlayout width="$PARAM[layoutwidth]" height="$PARAM[layoutheight]">
                    <control type="group">
                        <width>$PARAM[layoutwidth]</width>
                        <height>$PARAM[layoutheight]</height>
                        <include>$PARAM[layout]Layout</include>
                        <control type="group">
                            <include content="$PARAM[layout]Tags">
                                <param name="force_tags" value="$PARAM[force_tags]" />
                                <param name="widgetTags" value="$PARAM[widgetTags]" />
                            </include>
                            <include>Poster_New_Episodes_Tag_Overlay_Search</include>
                        </control>
                    </control>
                </itemlayout>
                <focusedlayout width="$PARAM[layoutwidth]" height="$PARAM[layoutheight]">
                    <control type="group">
                        <width>$PARAM[layoutwidth]</width>
                        <height>$PARAM[layoutheight]</height>
                        <include>$PARAM[layout]LayoutFocus</include>
                        <control type="group">
                            <include content="$PARAM[layout]Tags">
                                <param name="force_tags" value="$PARAM[force_tags]" />
                                <param name="widgetTags" value="$PARAM[widgetTags]" />
                            </include>
                            <include condition="String.IsEqual(Skin.String(HomeLayout),bingie)">Poster_New_Episodes_Tag_Overlay_Search</include>
                        </control>
						<!--Top 250-->
				<control type="image">
				<visible>!$EXP[IsEpisodeDBType]</visible>
				<visible>!String.IsEmpty(Window(Home).Property(SkinHelper.ListItem.IMDB.Top250)) + !Skin.HasSetting(DisableTop250Indicator)</visible>
				<posy>8</posy>
				<left>8</left>
                <height>60</height>
                <width>50</width>
				<aspectratio>keep</aspectratio>
                <texture>bingie/top250p.png</texture>
		        </control>
                    </control>
                </focusedlayout>
            </control>
        </definition>
    </include>

    <!-- Tag Overlays -->
    <include name="ThumbsViewTags">
        <include condition="!String.IsEqual(Skin.String(Widgets_DisplayTags),disable) | $PARAM[force_tags]">PosterTagOverlayBingie</include>
        <include condition="String.IsEqual(Skin.String(Widgets_DisplayTags),auto)">PosterTagOverlayVisibility</include>
        <include content="$PARAM[widgetTags]" condition="String.IsEqual(Skin.String(Widgets_DisplayTags),override)">
            <param name="prefix" value="Poster"/>
        </include>
    </include>

    <include name="SquarePosterPanelTags">
        <include condition="!String.IsEqual(Skin.String(Widgets_DisplayTags),disable) | $PARAM[force_tags]">SquarePosterTagOverlay</include>
        <include condition="String.IsEqual(Skin.String(Widgets_DisplayTags),auto)">SquarePosterTagOverlayVisibility</include>
        <include content="$PARAM[widgetTags]" condition="String.IsEqual(Skin.String(Widgets_DisplayTags),override)">
            <param name="prefix" value="SquarePoster"/>
        </include>
    </include>

    <include name="SearchResultWidget">
        <param name="height">search_widget_height</param>
        <param name="orientation">horizontal</param>
        <param name="layoutheight">search_widget_height</param>
        <param name="force_tags" default="false" />
        <definition>
                <include content="SearchContainerTemplate">
                    <nested />
                    <include condition="Skin.HasSetting(ShowInformationBypass) + $PARAM[allow_showinfo_onclick]">ContainerShowInfoOnclick</include>
                    <param name="id" value="$PARAM[id]"/>
                    <param name="width" value="1188" />
                    <param name="height" value="955" />
                    <param name="orientation" value="$PARAM[orientation]" />
                    <param name="layout" value="$PARAM[layout]" />
                    <param name="layoutwidth" value="$PARAM[layoutwidth]" />
                    <param name="layoutheight" value="$PARAM[layoutheight]" />
                    <param name="force_visible" value="!String.IsEmpty(Window(home).Property(CustomSearch))" />
                    <param name="force_tags" value="$PARAM[force_tags]" />
                    <param name="visibility" value="$PARAM[visibility]" />
                    <param name="widgetTags" value="$PARAM[widgetTags]" />
                </include>
        </definition>
    </include>

    <!-- Search Result Widget Top Label -->
    <include name="SearchResultWidgetTopLabel">
        <definition>
            <control type="grouplist" id="$PARAM[groupid]">
                <visible>Integer.IsGreater(Container($PARAM[id]).NumItems,0) | Container($PARAM[id]).IsUpdating</visible>
                <nested />
                <height>40</height>
                <orientation>horizontal</orientation>
                <usecontrolcoords>true</usecontrolcoords>
                <itemgap>2</itemgap>
                <control type="label">
                    <left>5</left>
                    <width>auto</width>
                    <label>$PARAM[label]</label>
                    <aligny>center</aligny>
                    <textcolor>$INFO[Skin.String(BingiePrimaryTextColor)]</textcolor>
                    <font>Reg30</font>
                    <height>36</height>
                    <visible>Integer.IsGreater(Container($PARAM[id]).NumItems,0) | Container($PARAM[id]).IsUpdating</visible>
                </control>
                <control type="multiimage">
                    <top>26</top>
                    <width>24</width>
                    <height>10</height>
                    <aspectratio>keep</aspectratio>
                    <imagepath>spinner/search_widget_loader/</imagepath>
                    <timeperimage>250</timeperimage>
                    <pauseatend>500</pauseatend>
                    <fadetime>0</fadetime>
                    <visible>Container($PARAM[id]).IsUpdating</visible>
                </control>
            </control>
        </definition>
    </include>

    <!-- Search Youtube Widget -->
    <include name="YoutubeSearchResultWidget">
        <include content="SearchResultWidgetTopLabel">
            <param name="groupid" value="$PARAM[id]0" />
            <param name="id" value="$PARAM[id]" />
            <param name="label" value="$LOCALIZE[31062]" />
            <visible>Control.IsVisible($PARAM[id])</visible>
        </include>
        <include content="SearchResultWidget">
            <param name="id" value="$PARAM[id]" />
            <param name="layout">ThumbsView</param>
            <param name="height" value="260" />
            <param name="layoutwidth">396</param>
			<param name="layoutheight">260</param>
            <param name="allow_showinfo_onclick" value="false" />
            <visible>!String.IsEmpty(Skin.String(CustomSearchTerm))</visible>
            <content sortby="file" limit="25" target="videos">plugin://plugin.video.youtube/kodion/search/query/?q=$INFO[Skin.String(CustomSearchTerm)]&amp;search_type=videos</content>
        </include>
    </include>

    <!-- Search Episode Widget -->
    <include name="EpisodeSearchResultWidget">
        <include content="SearchResultWidgetTopLabel">
            <param name="groupid" value="$PARAM[id]0" />
            <param name="id" value="$PARAM[id]" />
            <param name="label" value="$INFO[Skin.String(CustomSearchTerm),$LOCALIZE[31579] &quot;,&quot;]" />
            <visible>Control.IsVisible($PARAM[id])</visible>
        </include>
        <include content="SearchResultWidget">
            <param name="id" value="$PARAM[id]" />
            <param name="layout">SquarePosterPanel</param>
			<param name="height" value="260" />
            <param name="layoutwidth">396</param>
			<param name="layoutheight">260</param>
            <param name="allow_showinfo_onclick" value="false" />
            <param name="visibility" value="!String.IsEmpty(Skin.String(CustomSearchTerm))" />
            <content limit="100" target="videos">videodb://tvshows/titles/-1/-1/-1/-1/?xsp=%7B%22order%22%3A%7B%22direction%22%3A%22ascending%22%2C%22ignorefolders%22%3A0%2C%22method%22%3A%22sorttitle%22%7D%2C%22rules%22%3A%7B%22and%22%3A%5B%7B%22field%22%3A%22title%22%2C%22operator%22%3A%22contains%22%2C%22value%22%3A%5B%22$INFO[Skin.String(CustomSearchTerm)]%22%5D%7D%5D%7D%2C%22type%22%3A%22episodes%22%7D</content>
        </include>
    </include>

    <!-- Search Music Videos Widget -->
    <include name="MusicVideosSearchResultWidget">
        <include content="SearchResultWidgetTopLabel">
            <param name="groupid" value="$PARAM[id]0" />
            <param name="id" value="$PARAM[id]" />
            <param name="label" value="$INFO[Skin.String(CustomSearchTerm),$LOCALIZE[31580] &quot;,&quot;]" />
            <visible>Control.IsVisible($PARAM[id])</visible>
        </include>
        <include content="SearchResultWidget">
            <param name="id" value="$PARAM[id]" />
            <param name="layout">ThumbsView</param>
            <param name="height" value="260" />
            <param name="layoutwidth">396</param>
			<param name="layoutheight">260</param>
            <param name="allow_showinfo_onclick" value="false" />
            <param name="visibility" value="!String.IsEmpty(Skin.String(CustomSearchTerm))" />
            <content limit="100" target="videos">videodb://musicvideos/titles/?xsp=%7b%22order%22%3a%7b%22direction%22%3a%22ascending%22%2c%22ignorefolders%22%3a0%2c%22method%22%3a%22sorttitle%22%7d%2c%22rules%22%3a%7b%22and%22%3a%5b%7b%22field%22%3a%22title%22%2c%22operator%22%3a%22contains%22%2c%22value%22%3a%5b%22$INFO[Skin.String(CustomSearchTerm)]%22%5d%7d%5d%7d%2c%22type%22%3a%22musicvideos%22%7d</content>
        </include>
    </include>

    <!-- Search Albums Widget -->
    <include name="AlbumsSearchResultWidget">
        <include content="SearchResultWidgetTopLabel">
            <param name="groupid" value="$PARAM[id]0" />
            <param name="id" value="$PARAM[id]" />
            <param name="label" value="$INFO[Skin.String(CustomSearchTerm),$LOCALIZE[31593] &quot;,&quot;]" />
            <visible>Control.IsVisible($PARAM[id])</visible>
        </include>
        <include content="SearchResultWidget">
            <param name="id" value="$PARAM[id]" />
            <param name="layout">SquarePosterPanel</param>
			<param name="height" value="396" />
            <param name="layoutwidth">396</param>
			<param name="layoutheight">396</param>
            <param name="allow_showinfo_onclick" value="false" />
            <param name="visibility" value="!String.IsEmpty(Skin.String(CustomSearchTerm))" />
            <content limit="100" target="music">musicdb://albums/?xsp=%7b%22order%22%3a%7b%22direction%22%3a%22ascending%22%2c%22ignorefolders%22%3a0%2c%22method%22%3a%22album%22%7d%2c%22rules%22%3a%7b%22and%22%3a%5b%7b%22field%22%3a%22album%22%2c%22operator%22%3a%22contains%22%2c%22value%22%3a%5b%22$INFO[Skin.String(CustomSearchTerm)]%22%5d%7d%5d%7d%2c%22type%22%3a%22albums%22%7d</content>
        </include>
    </include>

    <!-- Search Artists Widget -->
    <include name="ArtistsSearchResultWidget">
        <include content="SearchResultWidgetTopLabel">
            <param name="groupid" value="$PARAM[id]0" />
            <param name="id" value="$PARAM[id]" />
            <param name="label" value="$INFO[Skin.String(CustomSearchTerm),$LOCALIZE[31081] &quot;,&quot;]" />
            <visible>Control.IsVisible($PARAM[id])</visible>
        </include>
        <include content="SearchResultWidget">
            <param name="id" value="$PARAM[id]" />
            <param name="layout">SquarePosterPanel</param>
			<param name="height" value="396" />
            <param name="layoutwidth">396</param>
			<param name="layoutheight">396</param>
            <param name="allow_showinfo_onclick" value="false" />
            <param name="visibility" value="!String.IsEmpty(Skin.String(CustomSearchTerm))" />
            <content limit="100" target="music">musicdb://artists/?xsp=%7B%22order%22%3A%7B%22direction%22%3A%22ascending%22%2C%22ignorefolders%22%3A0%2C%22method%22%3A%22artist%22%7D%2C%22rules%22%3A%7B%22and%22%3A%5B%7B%22field%22%3A%22artist%22%2C%22operator%22%3A%22contains%22%2C%22value%22%3A%5B%22$INFO[Skin.String(CustomSearchTerm)]%22%5D%7D%5D%7D%2C%22type%22%3A%22artists%22%7D</content>
        </include>
    </include>

    <!-- Search Songs Widget -->
    <include name="SongsSearchResultWidget">
        <include content="SearchResultWidgetTopLabel">
            <param name="groupid" value="$PARAM[id]0" />
            <param name="id" value="$PARAM[id]" />
            <param name="label" value="$INFO[Skin.String(CustomSearchTerm),$LOCALIZE[31082] &quot;,&quot;]" />
            <visible>Control.IsVisible($PARAM[id])</visible>
        </include>
        <include content="SearchResultWidget">
            <param name="id" value="$PARAM[id]" />
            <param name="layout">SquarePosterPanel</param>
			<param name="height" value="396" />
            <param name="layoutwidth">396</param>
			<param name="layoutheight">396</param>
            <param name="allow_showinfo_onclick" value="false" />
            <param name="visibility" value="!String.IsEmpty(Skin.String(CustomSearchTerm))" />
            <content limit="100" target="music">musicdb://songs/?xsp=%7b%22order%22%3a%7b%22direction%22%3a%22ascending%22%2c%22ignorefolders%22%3a0%2c%22method%22%3a%22artist%22%7d%2c%22rules%22%3a%7b%22and%22%3a%5b%7b%22field%22%3a%22title%22%2c%22operator%22%3a%22contains%22%2c%22value%22%3a%5b%22$INFO[Skin.String(CustomSearchTerm)]%22%5d%7d%5d%7d%2c%22type%22%3a%22songs%22%7d</content>
        </include>
    </include>
</includes>
