<?xml version="1.0" encoding="UTF-8"?>
<includes>
  
  
  <include name="View_511_Thumbs">
    <control type="group">
      <visible>Control.IsVisible(511)</visible>
      <include>animation_view_change</include>
	  <!-- Fanart Image Added to View-->
            <control type="multiimage">
                <include>FullscreenDimensions</include>
                <texture border="15">diffuse/bgpanel.png</texture>
			    <colordiffuse>31ffffff</colordiffuse>
				<imagepath background="true">$VAR[backgroundVar]</imagepath>
                <aspectratio>scale</aspectratio>
                <fadetime>350</fadetime>
                <include>fanartSpeed</include>
                <randomize>true</randomize>
                <loop>yes</loop>
<!-- Background Animation -->
                <animation effect="zoom" start="110" end="130" center="auto" time="12000" tween="cubic" easing="inout" pulse="true" condition="Skin.HasSetting(BackgroundAnimation)">Conditional</animation>
                <animation effect="slide" start="-10,-10" end="10,10" time="8000" tween="cubic" easing="inout" pulse="true" condition="Skin.HasSetting(BackgroundAnimation)">Conditional</animation>
            </control>
      <control type="panel" id="511">
        <viewtype label="31438">icons</viewtype>
          <include content="View_Forced">
              <param name="viewtype" value="$LOCALIZE[31438]" />
          </include>
        <posx>62</posx>
        <bottom>126</bottom>
        <width>1820</width>
        <height>808</height>
        <orientation>vertical</orientation>
        <onleft>9000</onleft>
        <onright condition="Skin.HasSetting(EnableQuickJump)">6000</onright>
        <onright condition="!Skin.HasSetting(EnableQuickJump)">60</onright>
        <onup>511</onup>
        <ondown>511</ondown>
        <preloaditems>4</preloaditems>
        <pagecontrol>60</pagecontrol>
          <itemlayout height="202" width="360" condition="![Skin.HasSetting(LandscapeAltAspectRatioAdvLauncher) + String.Contains(Container.FolderPath,advanced.launcher)]">
			<control type="group">
                <width>356</width>
                <height>198</height>
                <include>ThumbsViewLayout</include>
            </control>
        </itemlayout>
        <focusedlayout height="202" width="360" condition="![Skin.HasSetting(LandscapeAltAspectRatioAdvLauncher) + String.Contains(Container.FolderPath,advanced.launcher)]">
			<control type="group">
                <width>356</width>
                <height>198</height>
				<include>ThumbsViewLayoutFocus</include>
			</control>
        </focusedlayout>
         <itemlayout height="256" width="455" condition="[Skin.HasSetting(LandscapeAltAspectRatioAdvLauncher) + String.Contains(Container.FolderPath,advanced.launcher)]">
			<control type="group">
                <width>356</width>
                <height>246</height>
                <left>40</left>
                <include>ThumbsViewLayout</include>
            </control>
        </itemlayout>
        <focusedlayout height="256" width="455" condition="[Skin.HasSetting(LandscapeAltAspectRatioAdvLauncher) + String.Contains(Container.FolderPath,advanced.launcher)]">
			<control type="group">
                <width>356</width>
                <height>246</height>
                <left>40</left>
				<include>ThumbsViewLayoutFocus</include>
			</control>
        </focusedlayout>
	  </control>
      
	  <!--vertical Scollbar-->
		<control type="scrollbar" id="60">
			<visible>Control.IsVisible(511) + Integer.IsGreater(Container.NumItems,0)</visible>
			<right>10</right>
			<bottom>155</bottom>
			<height>745</height>
			<onup>60</onup>
			<ondown>6000</ondown>
			<onleft>511</onleft>
			<animation effect="fade" start="0" end="100" time="400" condition="[Control.HasFocus(60) | Skin.HasSetting(EnableTouchSupport) | Container.Scrolling | Skin.HasSetting(alwaysShowScrollbars)] + !Control.IsVisible(6002)">Conditional</animation>
			<animation effect="fade" start="100" end="0" time="400" condition="![Control.HasFocus(60) | Skin.HasSetting(EnableTouchSupport) | Container.Scrolling | Skin.HasSetting(alwaysShowScrollbars)] | Control.IsVisible(6002)">Conditional</animation>
		</control>
    
    
	</control>
	
	

  </include>
</includes>
