<?xml version="1.0" encoding="utf-8"?>
<!-- BINGIE -->
<includes>
    <include name="View_505_LandscapeDetails">
         <control type="group">
		<include>animation_view_change</include>
		<visible>Control.IsVisible(505)</visible>
		<!-- Fanart Image Added to View-->
            <control type="multiimage">
                <include>FullscreenDimensions</include>
                <texture border="15">diffuse/bgpanel.png</texture>
			    <colordiffuse>31ffffff</colordiffuse>
				<imagepath background="true">$VAR[backgroundVar]</imagepath>
                <aspectratio>scale</aspectratio>
                <fadetime>350</fadetime>
                <include>fanartSpeed</include>
                <randomize>true</randomize>
                <loop>yes</loop>
<!-- Background Animation -->
                <animation effect="zoom" start="110" end="130" center="auto" time="12000" tween="cubic" easing="inout" pulse="true" condition="Skin.HasSetting(BackgroundAnimation)">Conditional</animation>
                <animation effect="slide" start="-10,-10" end="10,10" time="8000" tween="cubic" easing="inout" pulse="true" condition="Skin.HasSetting(BackgroundAnimation)">Conditional</animation>
            </control>
	<control type="group">
        <include>MovieDetailsLeft</include>
		<left>2</left>
	</control>
		<control type="panel" id="505">
            <animation effect="slide" end="-627" time="250" condition="Skin.HasSetting(View505_ShowInfoRight)">Conditional</animation>
			<right>21</right>
            <bottom>141</bottom>
            <height>730</height>
            <width>1210</width>
			<orientation>vertical</orientation>
			<onleft>9000</onleft>
			<onright condition="Skin.HasSetting(EnableQuickJump)">6000</onright>
        <onright condition="!Skin.HasSetting(EnableQuickJump)">60</onright>
			<onup>505</onup>
			<ondown>505</ondown>
			<preloaditems>4</preloaditems>
			<pagecontrol>60</pagecontrol>
			<viewtype label="31432">mediainfo</viewtype>
            <include content="View_Forced">
                <param name="viewtype" value="$LOCALIZE[31432]" />
            </include>
            <visible>!Container.Content(files)</visible>
			<scrolltime tween="cubic" easing="inout">500</scrolltime>
			<itemlayout width="605" height="365" condition="![Skin.HasSetting(LandscapeAltAspectRatioAdvLauncher) + String.Contains(Container.FolderPath,advanced.launcher)]">
				<control type="group">
                    <width>565</width>
                    <height>325</height>
                    <include>LandscapeLayout</include>
                </control>
			</itemlayout>
			<focusedlayout width="605" height="365" condition="![Skin.HasSetting(LandscapeAltAspectRatioAdvLauncher) + String.Contains(Container.FolderPath,advanced.launcher)]">
				<control type="group">
                    <width>565</width>
                    <height>325</height>
                    <include>LandscapeLayoutFocus</include>
                    <include content="LibraryAutoTrailerButton" condition="Skin.HasSetting(DetailsAutoTrailer)">
                        <param name="interval" value="$INFO[Skin.String(details_auto_trailer_interval)]" />
                    </include>
                </control>
			</focusedlayout>
            <itemlayout width="595" height="378" condition="[Skin.HasSetting(LandscapeAltAspectRatioAdvLauncher) + String.Contains(Container.FolderPath,advanced.launcher)]">
                <control type="group">
                    <width>493</width>
                    <height>368</height>
                    <left>60</left>
                    <include>LandscapeLayout</include>
                </control>
            </itemlayout>
            <focusedlayout width="595" height="378" condition="[Skin.HasSetting(LandscapeAltAspectRatioAdvLauncher) + String.Contains(Container.FolderPath,advanced.launcher)]">
                <control type="group">
                    <width>493</width>
                    <height>368</height>
                    <left>60</left>
                    <include>LandscapeLayoutFocus</include>
                </control>
            </focusedlayout>
		</control>
		  
		  
		  
		  <!--vertical Scollbar-->
			<control type="scrollbar" id="60">
				<visible>Control.IsVisible(505) + Integer.IsGreater(Container.NumItems,0)</visible>
				<right>10</right>
				<bottom>148</bottom>
                <height>720</height>
				<onup>60</onup>
				<ondown>6000</ondown>
				<onleft>505</onleft>
				<animation effect="fade" start="0" end="100" time="400" condition="[Control.HasFocus(60) | Skin.HasSetting(EnableTouchSupport) | Container.Scrolling | Skin.HasSetting(alwaysShowScrollbars)] + !Control.IsVisible(6002)">Conditional</animation>
				<animation effect="fade" start="100" end="0" time="400" condition="![Control.HasFocus(60) | Skin.HasSetting(EnableTouchSupport) | Container.Scrolling | Skin.HasSetting(alwaysShowScrollbars)] | Control.IsVisible(6002)">Conditional</animation>
			</control>
			
	  
    </control>

  </include>
</includes>
