<shortcuts>
	<shortcut>
		<defaultID>35232</defaultID>
		<label>35232</label>
		<label2 />
		<icon>special://skin/extras/icons/shortcut.png</icon>
		<thumb />
		<action>Fullscreen</action>
		</shortcut>
	<shortcut>
		<defaultID />
		<label>Concert</label>
		<label2>Extensions Vidéo</label2>
		<icon>DefaultShortcut.png</icon>
		<thumb>image://special%3a%2f%2fhome%2faddons%2fplugin.video.sendtokodiU2P%2fresources%2fpng%2fconcert.png/</thumb>
		<action>ActivateWindow(Videos,"plugin://plugin.video.sendtokodiU2P/?action=mediasHKFilms&amp;famille=concert&amp;offset=0",return)</action>
		</shortcut>
	<shortcut>
		<defaultID>plugin.audio.tidal2/homepage_item/PLAYLIST_LIST/pages%2Fdata%2Ff002855a-c6d0-4e3e-b62e-cd1759e0c053</defaultID>
		<label>Nouvelles playlists vidéo</label>
		<label2>Extensions Musique</label2>
		<icon>DefaultShortcut.png</icon>
		<thumb>image://%2fstorage%2femulated%2f0%2fAndroid%2fdata%2forg.xbmc.kodi%2ffiles%2f.kodi%2faddons%2fplugin.audio.tidal2%2ficon.png/</thumb>
		<action>ActivateWindow(Music,"plugin://plugin.audio.tidal2/homepage_item/PLAYLIST_LIST/pages%2Fdata%2Ff002855a-c6d0-4e3e-b62e-cd1759e0c053",return)</action>
		</shortcut>
	<shortcut>
		<defaultID>plugin.audio.tidal2/homepage_item/PLAYLIST_LIST/pages%2Fdata%2F726ee252-948d-4608-a5f9-1767bb7456b4</defaultID>
		<label>Playlists Hits Vidéo</label>
		<label2>Extensions Musique</label2>
		<icon>DefaultShortcut.png</icon>
		<thumb>image://%2fstorage%2femulated%2f0%2fAndroid%2fdata%2forg.xbmc.kodi%2ffiles%2f.kodi%2faddons%2fplugin.audio.tidal2%2ficon.png/</thumb>
		<action>ActivateWindow(Music,"plugin://plugin.audio.tidal2/homepage_item/PLAYLIST_LIST/pages%2Fdata%2F726ee252-948d-4608-a5f9-1767bb7456b4",return)</action>
		</shortcut>
	<shortcut>
		<defaultID>plugin.audio.tidal2/homepage_item/MIX_LIST/pages%2Fdata%2Fad239095-63cc-44ab-b2d2-5b3b58592e67</defaultID>
		<label>Mixes pour vous (Videos)</label>
		<label2>Extensions Musique</label2>
		<icon>DefaultShortcut.png</icon>
		<thumb>image://%2fstorage%2femulated%2f0%2fAndroid%2fdata%2forg.xbmc.kodi%2ffiles%2f.kodi%2faddons%2fplugin.audio.tidal2%2ficon.png/</thumb>
		<action>ActivateWindow(Music,"plugin://plugin.audio.tidal2/homepage_item/MIX_LIST/pages%2Fdata%2Fad239095-63cc-44ab-b2d2-5b3b58592e67",return)</action>
		</shortcut>
	</shortcuts>
