<shortcuts>
	<shortcut>
		<defaultID />
		<label>Manga_OAV</label>
		<label2>Extensions Vidéo</label2>
		<icon>DefaultShortcut.png</icon>
		<thumb>image://special%3a%2f%2fhome%2faddons%5cplugin.program.autowidget%5cresources%5cmedia%5cicon%5cfolder-shortcut.png/</thumb>
		<action>ActivateWindow(Videos,"plugin://plugin.program.autowidget/?mode=group&amp;group=manga_oav-1679163722.8967657&amp;refresh=&amp;reload=",return)</action>
		</shortcut>
	<shortcut>
		<defaultID />
		<label>Menu Manga</label>
		<label2>Extensions Vidéo</label2>
		<icon>DefaultShortcut.png</icon>
		<thumb>image://special%3a%2f%2fhome%2faddons%5cplugin.program.autowidget%5cresources%5cmedia%5cicon%5cfolder-shortcut.png/</thumb>
		<action>ActivateWindow(Videos,"plugin://plugin.program.autowidget/?mode=group&amp;group=menu_manga-1679134407.7612817&amp;refresh=&amp;reload=",return)</action>
		</shortcut>
	</shortcuts>
