<shortcuts>
	<shortcut>
		<defaultID />
		<label>Films U2P</label>
		<label2>Elément personnalisé</label2>
		<icon>DefaultShortcut.png</icon>
		<thumb />
		<action>ActivateWindow(Videos,"plugin://plugin.video.sendtokodiU2P/?action=mediasHKFilms&amp;famille=Search&amp;offset=0&amp;limit=500",return)</action>
		</shortcut>
	<shortcut>
		<defaultID>31168</defaultID>
		<label>$SKIN[31168|skin.arctic.horizon.2|None]</label>
		<label2>Prédéfini</label2>
		<icon>special://skin/extras/icons/film.png</icon>
		<thumb />
		<action>DefaultSearch-TMDBMovies</action>
		</shortcut>
	<shortcut>
		<defaultID>31169</defaultID>
		<label>$SKIN[31169|skin.arctic.horizon.2|None]</label>
		<label2>Prédéfini</label2>
		<icon>special://skin/extras/icons/tv.png</icon>
		<thumb />
		<action>DefaultSearch-TMDBShows</action>
		</shortcut>
	<shortcut>
		<defaultID>31170</defaultID>
		<label>$SKIN[31170|skin.arctic.horizon.2|None]</label>
		<label2>Prédéfini</label2>
		<icon>special://skin/extras/icons/sets.png</icon>
		<thumb />
		<action>DefaultSearch-TMDBSets</action>
		</shortcut>
	<shortcut>
		<defaultID>31171</defaultID>
		<label>$SKIN[31171|skin.arctic.horizon.2|None]</label>
		<label2>Prédéfini</label2>
		<icon>special://skin/extras/icons/person.png</icon>
		<thumb />
		<action>DefaultSearch-TMDBPeople</action>
		</shortcut>
	<shortcut>
		<defaultID />
		<label>TidalArtists</label>
		<label2>Elément personnalisé</label2>
		<icon>special://skin/extras/icons/Tidal icon.png</icon>
		<thumb />
		<action>plugin://plugin.audio.tidal2/search/artist?query=</action>
		</shortcut>
	<shortcut>
		<defaultID />
		<label>TidalAlbums</label>
		<label2>Elément personnalisé</label2>
		<icon>special://skin/extras/icons/Tidal icon.png</icon>
		<thumb />
		<action>plugin://plugin.audio.tidal2/search/album?query=</action>
		</shortcut>
	<shortcut>
		<defaultID />
		<label>TidalSongs</label>
		<label2>Elément personnalisé</label2>
		<icon>special://skin/extras/icons/Tidal icon.png</icon>
		<thumb />
		<action>plugin://plugin.audio.tidal2/search/track?query=</action>
		</shortcut>
	<shortcut>
		<defaultID />
		<label>TidalPlaylists</label>
		<label2>Elément personnalisé</label2>
		<icon>special://skin/extras/icons/Tidal icon.png</icon>
		<thumb />
		<action>plugin://plugin.audio.tidal2/search/playlist?query=</action>
		</shortcut>
	<shortcut>
		<defaultID />
		<label>TidalVideos</label>
		<label2>Elément personnalisé</label2>
		<icon>special://skin/extras/icons/Tidal icon.png</icon>
		<thumb />
		<action>plugin://plugin.audio.tidal2/search/video?query=</action>
		</shortcut>
	<shortcut>
		<defaultID />
		<label>TidalAll</label>
		<label2>Elément personnalisé</label2>
		<icon>special://skin/extras/icons/Tidal icon.png</icon>
		<thumb />
		<action>plugin://plugin.audio.tidal2/search/all?query=</action>
		</shortcut>
	<shortcut>
		<defaultID>traktlists</defaultID>
		<label>Trakt Lists</label>
		<label2>Prédéfini</label2>
		<icon>special://skin/extras/icons/trakt.png</icon>
		<thumb />
		<action>DefaultSearch-TMDBListsTrakt</action>
		</shortcut>
	<shortcut>
		<defaultID>mdblists</defaultID>
		<label>MDB Lists</label>
		<label2>Prédéfini</label2>
		<icon>special://skin/extras/icons/list.png</icon>
		<thumb />
		<action>DefaultSearch-TMDBListsMDBList</action>
		</shortcut>
	</shortcuts>
