<shortcuts>
	<shortcut>
		<defaultID />
		<label>Ma Recherche</label>
		<label2>Extensions Vidéo</label2>
		<icon>DefaultShortcut.png</icon>
		<thumb>image://special%3a%2f%2fhome%2faddons%2fplugin.video.sendtokodiU2P%2fresources%2fpng%2fsearch.png/</thumb>
		<action>ActivateWindow(Videos,"plugin://plugin.video.sendtokodiU2P/?action=affSearch",return)</action>
		</shortcut>
	<shortcut>
		<defaultID />
		<label>Mes Films Famille</label>
		<label2>Programme</label2>
		<icon>DefaultShortcut.png</icon>
		<thumb>image://special%3a%2f%2fmasterprofile%2faddon_data%2ficones%2ffavorisgeneral.png/</thumb>
		<action>ActivateWindow(Programs,"plugin://plugin.program.autowidget/?mode=group&amp;group=favs_famille-1659386902.4631104&amp;refresh=&amp;reload=",return)</action>
		</shortcut>
	<shortcut>
		<defaultID>1036</defaultID>
		<label>1036</label>
		<label2>Favoris</label2>
		<icon>DefaultAddonsInstalled.png</icon>
		<thumb />
		<action>ActivateWindow(Favourites)</action>
		</shortcut>
	<shortcut>
		<defaultID />
		<label>Mes Séries Famille</label>
		<label2>Programme</label2>
		<icon>DefaultShortcut.png</icon>
		<thumb>image://special%3a%2f%2fmasterprofile%2faddon_data%2ficones%2ffavorisgeneral.png/</thumb>
		<action>ActivateWindow(Programs,"plugin://plugin.program.autowidget/?mode=group&amp;group=favs_series-1659389709.1006289&amp;refresh=&amp;reload=",return)</action>
		</shortcut>
	</shortcuts>
