<shortcuts>
	<shortcut>
		<defaultID />
		<label>Favoris</label>
		<label2>Extensions Vidéo</label2>
		<icon>DefaultShortcut.png</icon>
		<thumb>special://masterprofile/addon_data/icones/tvfavs.png</thumb>
		<action>ActivateWindow(Videos,"plugin://plugin.video.sendtokodiU2P/?action=IPTVfav",return)</action>
		</shortcut>
	<shortcut>
		<defaultID />
		<label>Bank</label>
		<label2>Extensions Vidéo</label2>
		<icon>DefaultShortcut.png</icon>
		<thumb>special://masterprofile/addon_data/icones/tvbank.png</thumb>
		<action>ActivateWindow(Videos,"plugin://plugin.video.sendtokodiU2P/?action=IPTVbank",return)</action>
		</shortcut>
	<shortcut>
		<defaultID />
		<label>Ajouter adresse</label>
		<label2>Extensions Vidéo</label2>
		<icon>DefaultShortcut.png</icon>
		<thumb>special://masterprofile/addon_data/icones/tvajout.png</thumb>
		<action>ActivateWindow(Videos,"plugin://plugin.video.sendtokodiU2P/?action=ajoutIPTV",return)</action>
		</shortcut>
	</shortcuts>
