<shortcuts>
	<shortcut>
		<defaultID>35232</defaultID>
		<label>35232</label>
		<label2 />
		<icon>special://skin/extras/icons/shortcut.png</icon>
		<thumb />
		<action>Fullscreen</action>
		</shortcut>
	<shortcut>
		<defaultID />
		<label>Spectacles </label>
		<label2>Extensions Vidéo</label2>
		<icon>DefaultShortcut.png</icon>
		<thumb>thumb</thumb>
		<action>ActivateWindow(Videos,"plugin://plugin.video.themoviedb.helper/?list_name=Spectacles+FR&amp;list_slug=spectacles-fr&amp;user_slug=foulou&amp;plugin_category=Spectacles+FR&amp;owner=true&amp;widget=true&amp;reload=%24INFO%5BWindow%28Home%29.Property%28TMDbHelper.Widgets.Reload%29%5D&amp;tmdb_id=None&amp;info=trakt_userlist&amp;sort_by=added&amp;sort_how=desc&amp;reload=$INFO[Window(Home).Property(TMDbHelper.Widgets.Reload)]",return)</action>
		</shortcut>
	</shortcuts>
