<?xml version="1.0" encoding="UTF-8" standalone="yes"?>
<addon id="repository.UpKoboxTest" name="[COLOR red]Repo U2Pplay Bêta[/COLOR]" version="1.5" provider-name="U2Pplay">
    <extension point="xbmc.addon.repository" name="Repo U2Pplay Bêta">
        <dir>
            <info compressed="false">https://raw.githubusercontent.com/UpKobox/upkoboxtest/master/repo/zips/addons.xml</info>
            <checksum>https://raw.githubusercontent.com/UpKobox/upkoboxtest/master/repo/zips/addons.xml.md5</checksum>
            <datadir zip="true">https://raw.githubusercontent.com/UpKobox/upkoboxtest/master/repo/zips/</datadir>
        </dir>
        <dir minversion="18.0" maxversion="18.9.0">
            <info compressed="false">https://raw.githubusercontent.com/UpKobox/upkoboxtest/master/leia/zips/addons.xml</info>
            <checksum>https://raw.githubusercontent.com/UpKobox/upkoboxtest/master/leia/zips/addons.xml.md5</checksum>
            <datadir zip="true">https://raw.githubusercontent.com/UpKobox/upkoboxtest/master/leia/zips/</datadir>
        </dir>
        <dir minversion="18.9.0">
            <info compressed="false">https://raw.githubusercontent.com/UpKobox/upkoboxtest/master/matrix/zips/addons.xml</info>
            <checksum>https://raw.githubusercontent.com/UpKobox/upkoboxtest/master/matrix/zips/addons.xml.md5</checksum>
            <datadir zip="true">https://raw.githubusercontent.com/UpKobox/upkoboxtest/master/matrix/zips/</datadir>
        </dir>
    </extension>
    <extension point="xbmc.addon.metadata">
        <summary>[COLOR red]Repo U2Pplay Bêta[/COLOR]</summary>
        <description>pour tester les versions Bêta d'U2Pplay </description>
        <disclaimer></disclaimer>
        <platform>all</platform>
        <assets>
            <icon>icon.png</icon>
            <fanart>fanart.jpg</fanart>
        </assets>
    </extension>
</addon>