<shortcuts>
	<shortcut>
		<defaultID>137</defaultID>
		<label>137</label>
		<label2>Rechercher</label2>
		<icon>shortcuts/search.png</icon>
		<thumb>special://skin/extras/media/global_bingie.jpg</thumb>
		<action>ActivateWindow(1109,return)</action>
		</shortcut>
	<shortcut>
		<defaultID>10000</defaultID>
		<label>10000</label>
		<label2>Accueil</label2>
		<icon>shortcuts/home.png</icon>
		<thumb />
		<action>ActivateWindow(home,return)</action>
		<visible>String.IsEqual(Skin.String(HomeLayout),bingie)</visible>
		</shortcut>
	<shortcut>
		<defaultID>movies</defaultID>
		<label>342</label>
		<label2>Elément personnalisé</label2>
		<icon>shortcuts/clapperboard.png</icon>
		<thumb>$INFO[Window(Home).Property(SkinHelper.AllMoviesBackground)]</thumb>
		<action>ActivateWindow(Videos,"plugin://plugin.video.themoviedb.helper/?info=dir_movie&amp;tmdb_type=None&amp;widget=true&amp;reload=$INFO[Window(Home).Property(TMDbHelper.Widgets.Reload)]",return)</action>
		</shortcut>
	<shortcut>
		<defaultID>tvshows</defaultID>
		<label>20343</label>
		<label2>Elément personnalisé</label2>
		<icon>shortcuts/tv.png</icon>
		<thumb>$INFO[Window(Home).Property(SkinHelper.AllTvShowsBackground)]</thumb>
		<action>ActivateWindow(Videos,"plugin://plugin.video.themoviedb.helper/?info=dir_tv&amp;tmdb_type=None&amp;widget=true&amp;reload=$INFO[Window(Home).Property(TMDbHelper.Widgets.Reload)]",return)</action>
		</shortcut>
	<shortcut>
		<defaultID>320027</defaultID>
		<label>320027</label>
		<label2>Play Something</label2>
		<icon>shortcuts/something.png</icon>
		<thumb />
		<action>ActivateWindow(1118,return)</action>
		<visible>String.IsEqual(Skin.String(HomeLayout),bingie)</visible>
		</shortcut>
	<shortcut>
		<defaultID>320032</defaultID>
		<label>320032</label>
		<label2>New &amp; Popular</label2>
		<icon>shortcuts/new.png</icon>
		<thumb />
		<action>ActivateWindow(1112,return)</action>
		<visible>String.IsEqual(Skin.String(HomeLayout),bingie)</visible>
		</shortcut>
	<shortcut>
		<defaultID>31534</defaultID>
		<label>$SKIN[31534|skin.titan.bingie.mod|None]</label>
		<label2>Ma liste</label2>
		<icon>shortcuts/mylist.png</icon>
		<thumb />
		<action>ActivateWindow(1114,return)</action>
		<visible>String.IsEqual(Skin.String(HomeLayout),bingie)</visible>
		</shortcut>
	<shortcut>
		<defaultID />
		<label>Concerts </label>
		<label2>Extensions Vidéo</label2>
		<icon>special://home/addons/resource.images.skinicons.wide/resources/musicartists.png</icon>
		<thumb>image://special%3a%2f%2fhome%2faddons%5cplugin.program.autowidget%5cresources%5cmedia%5cicon%5cshuffle.png/</thumb>
		<action>ActivateWindow(Videos,"plugin://plugin.program.autowidget/?mode=path&amp;action=cycling&amp;group=concerts-1662286265.1350222&amp;id=31f5031f-264a-4102-aa49-79989113653a&amp;refresh=$INFO[Window(10000).Property(autowidget-31f5031f-264a-4102-aa49-79989113653a-refresh)]&amp;reload=",return)</action>
		</shortcut>
	<shortcut>
		<defaultID>settings</defaultID>
		<label>10004</label>
		<label2>Paramètres</label2>
		<icon>resource://resource.images.skinicons.wide/settings.png</icon>
		<thumb />
		<action>ActivateWindow(Settings)</action>
		<visible>!String.IsEqual(Skin.String(HomeLayout),bingie)</visible>
		</shortcut>
	</shortcuts>
