{"library": {"images": "51", "videos": "51", "movies": "52", "sets": "52", "tvshows": "52", "seasons": "512", "episodes": "51", "genres": "522", "years": "522", "studios": "522", "directors": "522", "countries": "522", "tags": "522", "roles": "540", "actors": "52", "playlists": "540", "games": "50", "musicvideos": "50", "artists": "50", "albums": "50", "songs": "501", "files": "540", "sources": "540", "addons": "50", "none": "511"}, "plugins": {"images": "51", "videos": "51", "movies": "52", "sets": "52", "tvshows": "52", "seasons": "512", "episodes": "51", "genres": "540", "years": "540", "studios": "540", "directors": "540", "countries": "540", "tags": "540", "roles": "540", "actors": "52", "playlists": "540", "games": "50", "musicvideos": "50", "artists": "50", "albums": "50", "songs": "501", "files": "540", "sources": "540", "addons": "50", "none": "50"}, "plugin.audio.tidal2": {"songs": "508", "files": "50", "none": "502", "albums": "50"}, "plugin.video.sendtokodiu2p": {"files": "50", "movies": "58", "none": "501", "episodes": "517", "tvshows": "57"}, "plugin.video.themoviedb.helper": {"genres": "522", "tvshows": "57", "episodes": "57", "seasons": "572", "none": "502", "movies": "52"}, "plugin.video.catchuptvandmore": {"videos": "57", "files": "540"}, "plugin.program.autowidget": {"none": "511", "videos": "57"}, "plugin.video.mezzmo": {"videos": "57"}}