<shortcuts>
	<shortcut>
		<defaultID>31314</defaultID>
		<label>$SKIN[31314|skin.arctic.horizon.2|None]</label>
		<label2>Prédéfini</label2>
		<icon>special://skin/extras/icons/film.png</icon>
		<thumb>special://skin/extras/icons/film.png</thumb>
		<action>ActivateWindow(1120)</action>
		</shortcut>
	<shortcut>
		<defaultID>31367</defaultID>
		<label>Hub - Movies (U2Pplay)</label>
		<label2>Prédéfini</label2>
		<icon>special://skin/extras/icons/gem.png</icon>
		<thumb>special://skin/extras/icons/film.png</thumb>
		<action>ActivateWindow(1132)</action>
		</shortcut>
	<shortcut>
		<defaultID>31328</defaultID>
		<label>$SKIN[31328|skin.arctic.horizon.2|None]</label>
		<label2>Prédéfini</label2>
		<icon>special://skin/extras/icons/film.png</icon>
		<thumb>special://skin/extras/icons/film.png</thumb>
		<action>ActivateWindow(1130)</action>
		</shortcut>
	<shortcut>
		<defaultID />
		<label>Films (U2P)</label>
		<label2>Extensions Vidéo</label2>
		<icon>DefaultShortcut.png</icon>
		<thumb>special://home/media/Arctic Horizon 2/Movie-Clapper-icon.png</thumb>
		<action>ActivateWindow(Videos,"plugin://plugin.video.sendtokodiU2P/?action=mediasHKFilms",return)</action>
		</shortcut>
	<shortcut>
		<defaultID>135</defaultID>
		<label>135</label>
		<label2>Elément personnalisé</label2>
		<icon>DefaultGenre.png</icon>
		<thumb>special://home/media/png/x-mac_general_free/X-MAC/general/png/72/clients.png</thumb>
		<action>ActivateWindow(Videos,"plugin://plugin.video.themoviedb.helper/?info=genres&amp;tmdb_type=movie&amp;widget=true&amp;reload=$INFO[Window(Home).Property(TMDbHelper.Widgets.Reload)]",return)</action>
		</shortcut>
	<shortcut>
		<defaultID />
		<label>Sagas (Collections)</label>
		<label2>Extensions Vidéo</label2>
		<icon>DefaultShortcut.png</icon>
		<thumb>special://home/media/png/x-mac_general_free/X-MAC/general/png/72/games_cards.png</thumb>
		<action>ActivateWindow(Videos,"plugin://plugin.video.themoviedb.helper/?info=all_items&amp;tmdb_type=collection&amp;widget=true&amp;reload=$INFO[Window(Home).Property(TMDbHelper.Widgets.Reload)]",return)</action>
		</shortcut>
	<shortcut>
		<defaultID />
		<label>Acteurs</label>
		<label2>Elément personnalisé</label2>
		<icon>DefaultShortcut.png</icon>
		<thumb>special://home/media/png/x-mac_general_free/X-MAC/general/png/72/wizard.png</thumb>
		<action>ActivateWindow(Videos,"plugin://plugin.video.themoviedb.helper/?info=popular&amp;tmdb_type=person&amp;widget=true&amp;reload=$INFO[Window(Home).Property(TMDbHelper.Widgets.Reload)]",return)</action>
		</shortcut>
	<shortcut>
		<defaultID />
		<label>Studios</label>
		<label2>Elément personnalisé</label2>
		<icon>DefaultShortcut.png</icon>
		<thumb>special://home/media/png/x-mac_general_free/X-MAC/general/png/72/home.png</thumb>
		<action>ActivateWindow(Videos,"plugin://plugin.video.themoviedb.helper/?info=watch_providers&amp;tmdb_type=movie&amp;widget=true&amp;reload=$INFO[Window(Home).Property(TMDbHelper.Widgets.Reload)]",return)</action>
		</shortcut>
	<shortcut>
		<defaultID />
		<label>Listes</label>
		<label2>Elément personnalisé</label2>
		<icon>DefaultShortcut.png</icon>
		<thumb>special://home/media/png/crystal_general_free/CRYSTAL/general/png/72/notepad.png</thumb>
		<action>ActivateWindow(Videos,"plugin://plugin.video.themoviedb.helper/?info=trakt_popularlists&amp;tmdb_type=both&amp;widget=true&amp;reload=$INFO[Window(Home).Property(TMDbHelper.Widgets.Reload)]",return)</action>
		</shortcut>
	<shortcut>
		<defaultID />
		<label>Films Mon Upto</label>
		<label2>Elément personnalisé</label2>
		<icon>DefaultShortcut.png</icon>
		<thumb>special://home/media/png/uptob.png</thumb>
		<action>ActivateWindow(Videos,"plugin://plugin.video.sendtokodiU2P/?action=loadUpto&amp;rep=%2F%2FBen%2FBen+Films&amp;offset=0&amp;typM=movie",return)</action>
		</shortcut>
	<shortcut>
		<defaultID />
		<label>Listes Spécial Widget</label>
		<label2>Extensions Vidéo</label2>
		<icon>DefaultShortcut.png</icon>
		<thumb>special://home/media/png/realvista_general_free/REALVISTA/general/png/72/windows_restore.png</thumb>
		<action>ActivateWindow(Videos,"plugin://plugin.video.sendtokodiU2P/?action=mediasHKFilms&amp;famille=specialWid",return)</action>
		</shortcut>
	<shortcut>
		<defaultID />
		<label>Watchlist Film</label>
		<label2>Extensions Vidéo</label2>
		<icon>DefaultShortcut.png</icon>
		<thumb>special://home/media/png/x-mac_general_free/X-MAC/general/png/72/user.png</thumb>
		<action>ActivateWindow(Videos,"plugin://plugin.video.sendtokodiU2P/?action=MenuTrakt&amp;cat=wmovie",return)</action>
		</shortcut>
	</shortcuts>
