<shortcuts>
	<shortcut>
		<defaultID>35232</defaultID>
		<label>35232</label>
		<label2 />
		<icon>special://skin/extras/icons/shortcut.png</icon>
		<thumb />
		<action>Fullscreen</action>
		</shortcut>
	<shortcut>
		<defaultID />
		<label>Series autowidget (Cyclisme)</label>
		<label2>Extensions Vidéo</label2>
		<icon>DefaultShortcut.png</icon>
		<thumb>image://special%3a%2f%2fhome%2faddons%5cplugin.program.autowidget%5cresources%5cmedia%5cicon%5cshuffle.png/</thumb>
		<action>ActivateWindow(Videos,"plugin://plugin.program.autowidget/?mode=path&amp;action=cycling&amp;group=series_autowidget-1661598940.8711307&amp;id=c3e3d389-fb9a-479c-baed-6d36137987a2&amp;refresh=$INFO[Window(10000).Property(autowidget-c3e3d389-fb9a-479c-baed-6d36137987a2-refresh)]&amp;reload=",return)</action>
		</shortcut>
	<shortcut>
		<defaultID />
		<label>Series autowidget (Fusionné)</label>
		<label2>Extensions Vidéo</label2>
		<icon>DefaultShortcut.png</icon>
		<thumb>image://special%3a%2f%2fhome%2faddons%5cplugin.program.autowidget%5cresources%5cmedia%5cicon%5cmerge.png/</thumb>
		<action>ActivateWindow(Videos,"plugin://plugin.program.autowidget/?mode=path&amp;action=merged&amp;group=series_autowidget-1661598940.8711307&amp;id=f4317707-8a39-428d-8683-e5325aceb0d8&amp;refresh=$INFO[Window(10000).Property(autowidget-f4317707-8a39-428d-8683-e5325aceb0d8-refresh)]&amp;reload=",return)</action>
		</shortcut>
	<shortcut>
		<defaultID>1034</defaultID>
		<label>1034</label>
		<label2 />
		<icon>special://skin/extras/icons/shortcut.png</icon>
		<thumb />
		<action>Submenu</action>
		<disabled>True</disabled>
		</shortcut>
	<shortcut>
		<defaultID />
		<label>Animes autowidget (Cyclisme)</label>
		<label2>Extensions Vidéo</label2>
		<icon>DefaultShortcut.png</icon>
		<thumb>image://special%3a%2f%2fhome%2faddons%5cplugin.program.autowidget%5cresources%5cmedia%5cicon%5cshuffle.png/</thumb>
		<action>ActivateWindow(Videos,"plugin://plugin.program.autowidget/?mode=path&amp;action=cycling&amp;group=animes_autowidget-1661599000.3136003&amp;id=76723a08-84e9-4701-9785-7e9df7cc3224&amp;refresh=$INFO[Window(10000).Property(autowidget-76723a08-84e9-4701-9785-7e9df7cc3224-refresh)]&amp;reload=",return)</action>
		<disabled>True</disabled>
		</shortcut>
	<shortcut>
		<defaultID />
		<label>Animes autowidget (Fusionné)</label>
		<label2>Extensions Vidéo</label2>
		<icon>DefaultShortcut.png</icon>
		<thumb>image://special%3a%2f%2fhome%2faddons%5cplugin.program.autowidget%5cresources%5cmedia%5cicon%5cmerge.png/</thumb>
		<action>ActivateWindow(Videos,"plugin://plugin.program.autowidget/?mode=path&amp;action=merged&amp;group=animes_autowidget-1661599000.3136003&amp;id=92764859-cacf-4532-9f40-2a0052731c86&amp;refresh=$INFO[Window(10000).Property(autowidget-92764859-cacf-4532-9f40-2a0052731c86-refresh)]&amp;reload=",return)</action>
		<disabled>True</disabled>
		</shortcut>
	</shortcuts>
