<shortcuts>
	<shortcut>
		<defaultID>customnode1</defaultID>
		<label>Documentaires</label>
		<label2>Elément personnalisé</label2>
		<icon>special://skin/extras/icons/shortcut.png</icon>
		<thumb />
		<action>CustomNode1</action>
		</shortcut>
	<shortcut>
		<defaultID>customnode2</defaultID>
		<label>Sports</label>
		<label2>Elément personnalisé</label2>
		<icon>special://skin/extras/icons/shortcut.png</icon>
		<thumb />
		<action>CustomNode2</action>
		</shortcut>
	<shortcut>
		<defaultID>customnode3</defaultID>
		<label>Spectacles</label>
		<label2>Elément personnalisé</label2>
		<icon>special://skin/extras/icons/shortcut.png</icon>
		<thumb />
		<action>CustomNode3</action>
		</shortcut>
	</shortcuts>
