<shortcuts>
	<shortcut>
		<defaultID>35232</defaultID>
		<label>35232</label>
		<label2 />
		<icon>special://skin/extras/icons/shortcut.png</icon>
		<thumb />
		<action>Fullscreen</action>
		</shortcut>
	<shortcut>
		<defaultID />
		<label>Films autowidget (Cyclisme)</label>
		<label2>Extensions Vidéo</label2>
		<icon>DefaultShortcut.png</icon>
		<thumb>image://special%3a%2f%2fhome%2faddons%5cplugin.program.autowidget%5cresources%5cmedia%5cicon%5cshuffle.png/</thumb>
		<action>ActivateWindow(Videos,"plugin://plugin.program.autowidget/?mode=path&amp;action=cycling&amp;group=films_autowidget-1661598449.2327583&amp;id=8e1ccea5-8c10-40f8-8f3f-a4f5b05606d5&amp;refresh=$INFO[Window(10000).Property(autowidget-8e1ccea5-8c10-40f8-8f3f-a4f5b05606d5-refresh)]&amp;reload=",return)</action>
		</shortcut>
	<shortcut>
		<defaultID />
		<label>Films autowidget (Fusionné)</label>
		<label2>Extensions Vidéo</label2>
		<icon>DefaultShortcut.png</icon>
		<thumb>image://special%3a%2f%2fhome%2faddons%5cplugin.program.autowidget%5cresources%5cmedia%5cicon%5cmerge.png/</thumb>
		<action>ActivateWindow(Videos,"plugin://plugin.program.autowidget/?mode=path&amp;action=merged&amp;group=films_autowidget-1661598449.2327583&amp;id=cbba63c2-78a3-42a6-871f-c19e141ba1d6&amp;refresh=$INFO[Window(10000).Property(autowidget-cbba63c2-78a3-42a6-871f-c19e141ba1d6-refresh)]&amp;reload=",return)</action>
		</shortcut>
	<shortcut>
		<defaultID>1034</defaultID>
		<label>1034</label>
		<label2 />
		<icon>special://skin/extras/icons/shortcut.png</icon>
		<thumb />
		<action>Submenu</action>
		<disabled>True</disabled>
		</shortcut>
	<shortcut>
		<defaultID />
		<label>Films Francais autowidget (Cyclisme)</label>
		<label2>Extensions Vidéo</label2>
		<icon>DefaultShortcut.png</icon>
		<thumb>image://special%3a%2f%2fhome%2faddons%5cplugin.program.autowidget%5cresources%5cmedia%5cicon%5cshuffle.png/</thumb>
		<action>ActivateWindow(Videos,"plugin://plugin.program.autowidget/?mode=path&amp;action=cycling&amp;group=films_francais_autowidget-1661599398.3946514&amp;id=9da74225-09d2-4b2d-85e0-48c699a11edc&amp;refresh=$INFO[Window(10000).Property(autowidget-9da74225-09d2-4b2d-85e0-48c699a11edc-refresh)]&amp;reload=",return)</action>
		<disabled>True</disabled>
		</shortcut>
	<shortcut>
		<defaultID />
		<label>Films Francais autowidget (Fusionné)</label>
		<label2>Extensions Vidéo</label2>
		<icon>DefaultShortcut.png</icon>
		<thumb>image://special%3a%2f%2fhome%2faddons%5cplugin.program.autowidget%5cresources%5cmedia%5cicon%5cmerge.png/</thumb>
		<action>ActivateWindow(Videos,"plugin://plugin.program.autowidget/?mode=path&amp;action=merged&amp;group=films_francais_autowidget-1661599398.3946514&amp;id=a5aef3a4-4f98-48ab-97ef-b2208fa6e22a&amp;refresh=$INFO[Window(10000).Property(autowidget-a5aef3a4-4f98-48ab-97ef-b2208fa6e22a-refresh)]&amp;reload=",return)</action>
		<disabled>True</disabled>
		</shortcut>
	</shortcuts>
