<?xml version="1.0" encoding="UTF-8"?>
<window>
	<!-- virtualkeyboard -->
	<onunload>SetFocus(2000,6,absolute)</onunload>
	<onunload>SetFocus(2001,6,absolute)</onunload>
	<onunload>SetFocus(2002,5,absolute)</onunload>
	<onunload>SetFocus(2003,5,absolute)</onunload>
	<defaultcontrol always="true">9001</defaultcontrol>
	<include>Delayed_Dialog_Fade_Animation</include>
	<controls>

		<!-- Hidden Focus setter -->
		<control type="button" id="9001">
			<visible allowhiddenfocus="true">false</visible>
			<onfocus condition="String.Contains(Control.GetLabel(302),*)">SendClick(302)</onfocus>
			<onfocus condition="String.Contains(Control.GetLabel(303),*)">SendClick(303)</onfocus>
			<onfocus condition="String.Contains(Control.GetLabel(304),*)">SendClick(304)</onfocus>
			<onfocus>SetFocus(9002)</onfocus>
		</control>

		<control type="button" id="9002">
			<animation effect="slide" end="0,0" time="1080" reversible="false">Focus</animation>
			<visible allowhiddenfocus="true">false</visible>
			<onfocus>SetFocus(2000,6,absolute)</onfocus>
			<onfocus>SetFocus(2001,6,absolute)</onfocus>
			<onfocus>SetFocus(2002,5,absolute)</onfocus>
			<onfocus>SetFocus(2003,5,absolute)</onfocus>
			<onfocus>SetFocus(312)</onfocus>
		</control>

		<!-- Hidden controls -->
		<control type="group">
			<visible allowhiddenfocus="true">false</visible>
			<control type="button" id="100"/> <!-- 1 -->
			<control type="button" id="101"/> <!-- 2 -->
			<control type="button" id="102"/> <!-- 3 -->
			<control type="button" id="103"/> <!-- 4 -->
			<control type="button" id="104"/> <!-- 5 -->
			<control type="button" id="105"/> <!-- 6 -->
			<control type="button" id="106"/> <!-- 7 -->
			<control type="button" id="107"/> <!-- 8 -->
			<control type="button" id="108"/> <!-- 9 -->
			<control type="button" id="109"/> <!-- 0 -->
			<control type="button" id="110"/> <!-- - -->
			<control type="button" id="111"/> <!-- = -->
			<control type="button" id="112"/> <!-- ` -->
			<control type="button" id="120"/> <!-- q -->
			<control type="button" id="121"/> <!-- w -->
			<control type="button" id="122"/> <!-- e -->
			<control type="button" id="123"/> <!-- r -->
			<control type="button" id="124"/> <!-- t -->
			<control type="button" id="125"/> <!-- y -->
			<control type="button" id="126"/> <!-- u -->
			<control type="button" id="127"/> <!-- i -->
			<control type="button" id="128"/> <!-- o -->
			<control type="button" id="129"/> <!-- p -->
			<control type="button" id="130"/> <!-- [ -->
			<control type="button" id="131"/> <!-- ] -->
			<control type="button" id="132"/> <!-- \ -->
			<control type="button" id="140"/> <!-- a -->
			<control type="button" id="141"/> <!-- s -->
			<control type="button" id="142"/> <!-- d -->
			<control type="button" id="143"/> <!-- f -->
			<control type="button" id="144"/> <!-- g -->
			<control type="button" id="145"/> <!-- h -->
			<control type="button" id="146"/> <!-- j -->
			<control type="button" id="147"/> <!-- k -->
			<control type="button" id="148"/> <!-- l -->
			<control type="button" id="149"/> <!-- ; -->
			<control type="button" id="150"/> <!-- ' -->
			<control type="button" id="151"/> <!-- ' -->
			<control type="button" id="152"/> <!-- ' -->
			<control type="button" id="160"/> <!-- z -->
			<control type="button" id="161"/> <!-- x -->
			<control type="button" id="162"/> <!-- c -->
			<control type="button" id="163"/> <!-- v -->
			<control type="button" id="164"/> <!-- b -->
			<control type="button" id="165"/> <!-- n -->
			<control type="button" id="166"/> <!-- m -->
			<control type="button" id="167"/> <!-- , -->
			<control type="button" id="168"/> <!-- . -->
			<control type="button" id="169"/> <!-- / -->
		</control>

		<!-- Hidden keyboard rows -->
		<control type="grouplist" id="1000">
			<align>vertical</align>
			<ondown>32</ondown>
			<onup>312</onup>
			<include content="Keyboard_Row_List">
				<param name="rowid" value="2000"/>
				<param name="button1id" value="100"/>
				<param name="button2id" value="101"/>
				<param name="button3id" value="102"/>
				<param name="button4id" value="103"/>
				<param name="button5id" value="104"/>
				<param name="button6id" value="105"/>
				<param name="button7id" value="106"/>
				<param name="button8id" value="107"/>
				<param name="button9id" value="108"/>
				<param name="button10id" value="109"/>
				<param name="button11id" value="110"/>
				<param name="button12id" value="111"/>
				<param name="button13id" value="112"/>
			</include>
			<include content="Keyboard_Row_List">
				<param name="rowid" value="2001"/>
				<param name="button1id" value="120"/>
				<param name="button2id" value="121"/>
				<param name="button3id" value="122"/>
				<param name="button4id" value="123"/>
				<param name="button5id" value="124"/>
				<param name="button6id" value="125"/>
				<param name="button7id" value="126"/>
				<param name="button8id" value="127"/>
				<param name="button9id" value="128"/>
				<param name="button10id" value="129"/>
				<param name="button11id" value="130"/>
				<param name="button12id" value="131"/>
				<param name="button13id" value="132"/>
			</include>
			<include content="Keyboard_Row_List">
				<param name="rowid" value="2002"/>
				<param name="button1id" value="140"/>
				<param name="button2id" value="141"/>
				<param name="button3id" value="142"/>
				<param name="button4id" value="143"/>
				<param name="button5id" value="144"/>
				<param name="button6id" value="145"/>
				<param name="button7id" value="146"/>
				<param name="button8id" value="147"/>
				<param name="button9id" value="148"/>
				<param name="button10id" value="149"/>
				<param name="button11id" value="150"/>
				<param name="button12id" value="151"/>
				<param name="button13id" value="152"/>
			</include>
			<include content="Keyboard_Row_List">
				<param name="rowid" value="2003"/>
				<param name="button1id" value="160"/>
				<param name="button2id" value="161"/>
				<param name="button3id" value="162"/>
				<param name="button4id" value="163"/>
				<param name="button5id" value="164"/>
				<param name="button6id" value="165"/>
				<param name="button7id" value="166"/>
				<param name="button8id" value="167"/>
				<param name="button9id" value="168"/>
				<param name="button10id" value="169"/>
				<param name="button11id" value="170"/>
				<param name="button12id" value="171"/>
				<param name="button13id" value="172"/>
				<param name="button14id" value="110"/>
			</include>
		</control>

		<!-- Hidden keyboard controls -->
		<control type="grouplist" id="2004">
			<visible allowhiddenfocus="true">false</visible>
			<onup>2003</onup>
			<onright>301</onright>
			<onleft>300</onleft>
			<orientation>horizontal</orientation>
			<control type="button" id="309">
				<onback>301</onback>
			</control>
			<control type="button" id="310">
				<onback>301</onback>
			</control>
			<control type="button" id="307">
				<onback>301</onback>
			</control>
			<control type="radiobutton" id="304">
				<onback>301</onback>
			</control>
			<control type="radiobutton" id="303">
				<onback>301</onback>
			</control>
			<control type="button" id="32">
				<onback>301</onback>
			</control>
			<control type="radiobutton" id="302">
				<onback>301</onback>
			</control>
			<control type="button" id="305">
				<onback>301</onback>
			</control>
			<control type="button" id="306">
				<onback>301</onback>
			</control>>
			<control type="button" id="8">
				<onback>301</onback>
			</control>
		</control>

		<!-- Content -->
		<control type="group">
			<visible>!Window.IsVisible(shutdownmenu) + !Window.IsVisible(numericinput)</visible>
			<include>Delayed_Content_Fade_Animation</include>

			<include content="Transparent_Dialog_Panel">
				<param name="top" value="435"/>
				<param name="bottom" value="180"/>
			</include>

			<include content="Breadcrumb_Label">
				<param name="visible" value="true"/>
				<param name="title_label_id" value="311"/>
				<param name="info_label_visible" value="false"/>
			</include>

			<!-- Layout -->
			<control type="group">
				<visible>!Control.HasFocus(9001) + !Control.HasFocus(9002)</visible>
				<include>Content_Fade_Animation</include>
				<control type="grouplist">
					<top>495</top>
					<height>450</height>
					<orientation>vertical</orientation>
					<align>top</align>
					<itemgap>0</itemgap>
					<scrolltime tween="sine" easing="inout">360</scrolltime>
					<include content="Keyboard_Row_Layout">
						<param name="id" value="2000"/>
					</include>
					<include content="Keyboard_Row_Layout">
						<param name="id" value="2001"/>
					</include>
					<include content="Keyboard_Row_Layout">
						<param name="id" value="2002"/>
					</include>
					<include content="Keyboard_Row_Layout">
						<param name="id" value="2003"/>
					</include>
				</control>

				<!-- Controls-->
				<control type="grouplist">
					<animation effect="slide" end="-60,0" time="0" reversible="false" condition="Control.IsVisible(310)">Conditional</animation>
					<left>120</left>
					<right>120</right>
					<height>120</height>
					<bottom>30</bottom>
					<orientation>horizontal</orientation>
					<align>center</align>
					<itemgap>0</itemgap>
					<include content="Button_Template">
				    <param name="buttonid" value="309"/>
				    <param name="texture" value="Settings"/>
						<param name="unfocusedcolor" value="$VAR[Light_Color]"/>
						<param name="focusedcolor" value="$VAR[Light_Color]"/>
						<param name="border" value="true"/>
					</include>
					<include content="Button_Template_Toggle">
				    <param name="buttonid" value="310"/>
				    <param name="texture" value="Visible"/>
						<param name="alttexture" value="Hidden"/>
						<param name="usealttexture" value="String.IsEqual(Control.GetLabel(310),$LOCALIZE[12308])"/>
						<param name="unfocusedcolor" value="$VAR[Light_Color]"/>
						<param name="focusedcolor" value="$VAR[Light_Color]"/>
						<param name="border" value="true"/>
					</include>
					<include content="Button_Template">
						<param name="buttonid" value="307"/>
						<param name="texture" value="IP"/>
						<param name="unfocusedcolor" value="$VAR[Light_Color]"/>
						<param name="focusedcolor" value="$VAR[Light_Color]"/>
						<param name="border" value="true"/>
					</include>
					<include content="Button_Template_Special">
				    <param name="buttonid" value="304"/>
				    <param name="texture" value="Symbols"/>
						<param name="unfocusedcolor" value="$VAR[Symbols_Key_Color]"/>
						<param name="focusedcolor" value="$VAR[Symbols_Key_Color]"/>
						<param name="border" value="true"/>
					</include>
					<include content="Button_Template_Special">
						<param name="buttonid" value="303"/>
						<param name="texture" value="Caps"/>
						<param name="unfocusedcolor" value="$VAR[Caps_Key_Color]"/>
						<param name="focusedcolor" value="$VAR[Caps_Key_Color]"/>
						<param name="border" value="true"/>
					</include>
					<include content="Button_Template">
						<param name="buttonid" value="32"/>
						<param name="texture" value="Space"/>
						<param name="unfocusedcolor" value="$VAR[Light_Color]"/>
						<param name="focusedcolor" value="$VAR[Light_Color]"/>
						<param name="border" value="true"/>
					</include>
					<include content="Button_Template_Special">
						<param name="buttonid" value="302"/>
						<param name="texture" value="Shift"/>
						<param name="unfocusedcolor" value="$VAR[Shift_Key_Color]"/>
						<param name="focusedcolor" value="$VAR[Shift_Key_Color]"/>
						<param name="border" value="true"/>
					</include>
					<include content="Button_Template">
						<param name="buttonid" value="305"/>
						<param name="texture" value="Left_Arrow"/>
						<param name="unfocusedcolor" value="$VAR[Light_Color]"/>
						<param name="focusedcolor" value="$VAR[Light_Color]"/>
						<param name="border" value="true"/>
					</include>
					<include content="Button_Template">
						<param name="buttonid" value="306"/>
						<param name="texture" value="Right_Arrow"/>
						<param name="unfocusedcolor" value="$VAR[Light_Color]"/>
						<param name="focusedcolor" value="$VAR[Light_Color]"/>
						<param name="border" value="true"/>
					</include>
					<include content="Button_Template">
						<param name="buttonid" value="8"/>
						<param name="texture" value="Backspace"/>
						<param name="unfocusedcolor" value="$VAR[Light_Color]"/>
						<param name="focusedcolor" value="$VAR[Light_Color]"/>
						<param name="border" value="true"/>
					</include>
				</control>

				<!-- Autocomplete -->
				<control type="group">
					<visible>Integer.IsGreater(Container(9005).NumItems,0)</visible>
					<include>Content_Fade_Animation</include>
					<include content="Transparent_Dialog_Panel">
						<param name="top" value="180"/>
						<param name="bottom" value="645"/>
					</include>
				</control>

				<control type="panel" id="9005">
					<animation effect="fade" start="0" end="100" time="360" delay="360" tween="sine" easing="inout" condition="Integer.IsGreater(Container(9005).NumItems,0) | Container(9005).IsUpdating">Conditional</animation>
					<visible allowhiddenfocus="true">!Control.IsVisible(313)</visible>
					<centerleft>50%</centerleft>
					<width>1620</width>
					<top>225</top>
					<height>120</height>
					<scrolltime tween="sine" easing="inout">360</scrolltime>
					<orientation>vertical</orientation>
					<pagecontrol>60</pagecontrol>
					<onup>301</onup>
					<ondown>312</ondown>
					<itemlayout width="540" height="60">
						<control type="label">
							<height>60</height>
							<textoffsetx>30</textoffsetx>
							<label>$INFO[ListItem.Label]</label>
							<font>Keyboard_Button_5</font>
							<textcolor>$VAR[Unfocused_Color]</textcolor>
							<aligny>center</aligny>
							<align>center</align>
						</control>
					</itemlayout>
					<focusedlayout width="540" height="60">
						<control type="label">
							<height>60</height>
							<textoffsetx>30</textoffsetx>
							<label>$INFO[ListItem.Label]</label>
							<font>Keyboard_Button_5</font>
							<textcolor>$VAR[Light_Color]</textcolor>
							<aligny>center</aligny>
							<align>center</align>
						</control>
						<control type="image">
							<width>100%</width>
							<bottom>0</bottom>
							<height>1</height>
							<texture colordiffuse="$VAR[Unfocused_Color]">views/white_100.png</texture>
						</control>
					</focusedlayout>
					<content>$VAR[AutoComplete_Path]</content>
				</control>

				<!-- Scrollbar for autocomplete-->
				<control type="group">
					<visible>Control.HasFocus(9005)</visible>
					<include>Content_Fade_Animation</include>
					<animation effect="slide" end="0,-255" time="0" condition="true">Conditional</animation>
					<include content="Dialog_Divider_With_Scrollbar">
						<param name="scrollbarvisible" value="true"/>
						<param name="height" value="120"/>
						<param name="left" value="150"/>
						<param name="scrollbaralignleft" value="true"/>
					</include>
				</control>

				<!-- Top bar -->
				<control type="edit" id="312">
					<width>1200</width>
					<centerleft>50%</centerleft>
					<top>390</top>
					<font>List_Title_Unfocused</font>
					<textcolor>$VAR[Dark_Color]</textcolor>
					<focusedcolor>$VAR[Dark_Color]</focusedcolor>
					<texturenofocus colordiffuse="$VAR[Light_Color]">views/white_100.png</texturenofocus>
					<texturefocus colordiffuse="$VAR[Light_Color]">views/white_100.png</texturefocus>
					<onup>9005</onup>
					<ondown>2000</ondown>
					<onright>301</onright>
				</control>
				<control type="image">
					<visible>Control.HasFocus(9001) | Control.HasFocus(312)</visible>
					<width>1200</width>
					<centerleft>50%</centerleft>
					<top>480</top>
					<height>6</height>
					<texture colordiffuse="$VAR[Accent_Color]">views/white_100.png</texture>
				</control>

				<include content="Button_Group_Template">
					<param name="onup" value="2003"/>
					<param name="onleft" value="8"/>
					<param name="onright" value="309"/>
					<param name="icons" value="true"/>
					<param name="button1" value="true"/>
					<param name="button1id" value="301"/>
					<param name="button2" value="true"/>
					<param name="button2id" value="300"/>
				</include>

			</control>
		</control>
	</controls>
</window>
