<?xml version="1.0" encoding="UTF-8"?>
<window>
	<zorder>4</zorder>
	<include>Notification_Dialog_Fade_Animation</include>
	<controls>

		<!-- Hidden Controls -->
		<control type="image" id="400">
			<visible allowhiddenfocus="true">false</visible>
		</control>
		<control type="label" id="401">
			<visible allowhiddenfocus="true">false</visible>
		</control>
		<control type="label" id="402">
			<visible allowhiddenfocus="true">false</visible>
		</control>

		<include content="Shared_Dialog_Layouts">
			<param name="type" value="Notification"/>
			<param name="visible" value="$EXP[Music_Player_IsVisible] | Window.IsVisible(volumebar)"/>
			<param name="content_visible" value="!Window.IsVisible(extendedprogressdialog)"/>
			<param name="label_1" value="$INFO[Control.GetLabel(401)]"/>
			<param name="label_2" value="$INFO[Control.GetLabel(402)]"/>
		</include>

		<include content="Notification_Dialog_Layouts"/>

	</controls>
</window>
