<?xml version="1.0" encoding="UTF-8"?>
<window>
	<!-- fullscreeninfo -->
	<onload condition="!Skin.TimerIsRunning(video_playback_label_interruptor)">Skin.TimerStart(video_playback_label_interruptor)</onload>
	<defaultcontrol></defaultcontrol>
	<include>Delayed_Dialog_Fade_Animation</include>
	<controls>

		<!-- Hidden flag checkers -->
		<control type="image" id="920">
			<include content="Hidden_Control"/>
			<texture fallback="flags/blank.png">$VAR[Studio_Flag]</texture>
		</control>
		<control type="image" id="921">
			<include content="Hidden_Control"/>
			<texture fallback="flags/blank.png">$VAR[MPAA_Flag]</texture>
		</control>
		<control type="image" id="922">
			<include content="Hidden_Control"/>
			<texture fallback="flags/blank.png">$VAR[VideoSource_Flag]</texture>
		</control>
		<control type="image" id="923">
			<include content="Hidden_Control"/>
			<texture fallback="flags/blank.png">$VAR[VideoCodec_Flag]</texture>
		</control>
		<control type="image" id="924">
			<include content="Hidden_Control"/>
			<texture fallback="flags/blank.png">$VAR[AudioCodec_Flag]</texture>
		</control>

		<control type="grouplist">
			<visible>!$EXP[TransparentDialog_IsVisible] + !Window.IsVisible(playerprocessinfo)</visible>
			<include>Delayed_Content_Fade_Animation</include>
			<width>1560</width>
			<centerleft>50%</centerleft>
			<height>100%</height>
			<orientation>vertical</orientation>
			<align>center</align>
			<itemgap>0</itemgap>
			<usecontrolcoords>true</usecontrolcoords>
			<!-- Logo -->
			<control type="image">
				<visible>![String.IsEmpty(VideoPlayer.Art(clearlogo-aligned)) + String.IsEmpty(VideoPlayer.Art(clearlogo))]</visible>
				<width>560</width>
				<height>237</height>
				<aspectratio>keep</aspectratio>
				<texture background="true">$VAR[Logo_Path]</texture>
			</control>
			<!-- Title -->
			<control type="textbox">
				<visible>String.IsEmpty(VideoPlayer.Art(clearlogo-aligned)) + String.IsEmpty(VideoPlayer.Art(clearlogo))</visible>
				<height max="146">auto</height>
				<font>Billboard_Title</font>
				<textcolor>$VAR[Light_Color]</textcolor>
				<label>$VAR[Title_Label]</label>
			</control>
			<!-- Info -->
			<control type="label">
				<top>0</top>
				<height max="35">auto</height>
				<font>Billboard_Info</font>
				<textcolor>$VAR[Light_Color]</textcolor>
				<label>$VAR[Info_Label]</label>
			</control>
			<!-- Plot -->
			<control type="textbox">
				<top>60</top>
				<height max="103">auto</height>
				<font>Body</font>
				<textcolor>$VAR[Light_Color]</textcolor>
				<label>$VAR[Plot_Label]</label>
				<autoscroll delay="5000" time="1500" repeat="2000">true</autoscroll>
			</control>
			<!-- Flags -->
			<control type="grouplist">
				<top>60</top>
				<width>100%</width>
				<height>180</height>
				<orientation>horizontal</orientation>
				<align>center</align>
				<!-- Studio -->
				<include content="FlagLayout">
					<param name="id" value="920"/>
					<param name="content" value="$VAR[Studio_Flag]"/>
				</include>
				<!-- Rating -->
				<include content="FlagLayout">
					<param name="id" value="921"/>
					<param name="content" value="$VAR[MPAA_Flag]"/>
				</include>
				<!-- Video Source -->
				<include content="FlagLayout">
					<param name="id" value="922"/>
					<param name="content" value="$VAR[VideoSource_Flag]"/>
				</include>
				<!-- Video Codec -->
				<include content="FlagLayout">
					<param name="id" value="923"/>
					<param name="content" value="$VAR[VideoCodec_Flag]"/>
				</include>
				<!-- Audio Source -->
				<include content="FlagLayout">
					<param name="id" value="924"/>
					<param name="content" value="$VAR[AudioCodec_Flag]"/>
				</include>
			</control>
		</control>

	</controls>

</window>
