<?xml version="1.0" encoding="UTF-8"?>
<window>
	<!-- musicinformation -->
	<onload condition="System.HasAddon(plugin.video.themoviedb.helper)">RunScript(plugin.video.themoviedb.helper,split_value=$INFO[ListItem.Genre],separator='/',property=GenreSplit)</onload>
	<onunload>ClearProperty(GenreSplit.0,home)</onunload>
	<onload condition="String.IsEqual(ListItem.DBType,artist)">SetProperty(Info_Type,artist,musicinformation)</onload>
	<onload condition="String.IsEqual(ListItem.DBType,album)">SetProperty(Info_Type,album,musicinformation)</onload>
	<onload>SetProperty(ArtistDBID,$INFO[ListItem.DBID],musicinformation)</onload>
	<onload>SetProperty(ResetScroll," ")</onload>

	<onload condition="Integer.IsGreater(Container(65000).CurrentItem,1)">Control.Move(65000,$INFO[Container(65000).CurrentItem,-])</onload>
	<onload condition="Integer.IsGreater(Container(65000).CurrentItem,1)">Control.Move(65000,1)</onload>
	<onload condition="Integer.IsGreater(Container(50).CurrentItem,1)">Control.Move(50,$INFO[Container(50).CurrentItem,-])</onload>
	<onload condition="Integer.IsGreater(Container(50).CurrentItem,1)">Control.Move(50,1)</onload>
	<onload condition="Integer.IsGreater(Container(8010).CurrentItem,1)">Control.Move(8010,$INFO[Container(8010).CurrentItem,-])</onload>
	<onload condition="Integer.IsGreater(Container(8010).CurrentItem,1)">Control.Move(8010,1)</onload>
	<onload condition="Integer.IsGreater(Container(8020).CurrentItem,1)">Control.Move(8020,$INFO[Container(8020).CurrentItem,-])</onload>
	<onload condition="Integer.IsGreater(Container(8020).CurrentItem,1)">Control.Move(8020,1)</onload>
	<onload condition="Integer.IsGreater(Container(8030).CurrentItem,1)">Control.Move(8030,$INFO[Container(8030).CurrentItem,-])</onload>
	<onload condition="Integer.IsGreater(Container(8030).CurrentItem,1)">Control.Move(8030,1)</onload>
	<onload condition="Integer.IsGreater(Container(8040).CurrentItem,1)">Control.Move(8040,$INFO[Container(8040).CurrentItem,-])</onload>
	<onload condition="Integer.IsGreater(Container(8040).CurrentItem,1)">Control.Move(8040,1)</onload>
	<onload condition="Integer.IsGreater(Container(8050).CurrentItem,1)">Control.Move(8050,$INFO[Container(8050).CurrentItem,-])</onload>
	<onload condition="Integer.IsGreater(Container(8050).CurrentItem,1)">Control.Move(8050,1)</onload>
	<onload condition="Integer.IsGreater(Container(8060).CurrentItem,1)">Control.Move(8060,$INFO[Container(8060).CurrentItem,-])</onload>
	<onload condition="Integer.IsGreater(Container(8060).CurrentItem,1)">Control.Move(8060,1)</onload>
	<onload condition="Integer.IsGreater(Container(8070).CurrentItem,1)">Control.Move(8070,$INFO[Container(8070).CurrentItem,-])</onload>
	<onload condition="Integer.IsGreater(Container(8070).CurrentItem,1)">Control.Move(8070,1)</onload>
	<onload condition="Integer.IsGreater(Container(8080).CurrentItem,1)">Control.Move(8080,$INFO[Container(8080).CurrentItem,-])</onload>
	<onload condition="Integer.IsGreater(Container(8080).CurrentItem,1)">Control.Move(8080,1)</onload>
	<onload condition="Integer.IsGreater(Container(8090).CurrentItem,1)">Control.Move(8090,$INFO[Container(8090).CurrentItem,-])</onload>
	<onload condition="Integer.IsGreater(Container(8090).CurrentItem,1)">Control.Move(8090,1)</onload>

	<defaultcontrol always="true">9001</defaultcontrol>
	<backgroundcolor>$VAR[Secondary_Color]</backgroundcolor>
	<include>Delayed_Dialog_Fade_Animation</include>
	<controls>

		<!-- Delay content on Load -->
		<include content="Delay_Content_Load">
			<param name="id" value="9001"/>
			<param name="time" value="540"/>
			<param name="target_id" value="SetFocus(97)"/>
		</include>

		<!-- OnPrevious delay -->
		<control type="group" id="5001">
			<visible>$EXP[InfoWidget_OnPrevious]</visible>
			<animation effect="slide" end="0,0" time="360" reversible="false">Hidden</animation>
		</control>

		<!-- OnNext delay -->
		<control type="group" id="5002">
			<visible>$EXP[InfoWidget_OnNext]</visible>
			<animation effect="slide" end="0,0" time="360" reversible="false">Hidden</animation>
		</control>

		<!-- Hidden buttons for Ratings bounce -->
		<control type="button" id="5003">
			<visible allowhiddenfocus="true">false</visible>
			<onfocus>IncreaseRating</onfocus>
			<onfocus>SetFocus(7)</onfocus>
		</control>
		<control type="button" id="5004">
			<visible allowhiddenfocus="true">false</visible>
			<onfocus>DecreaseRating</onfocus>
			<onfocus>SetFocus(7)</onfocus>
		</control>

		<!-- Artwork -->
		<control type="group">
			<visible>[Window.IsActive(musicinformation) | Window.IsActive(songinformation)] + ![Window.Is(songinformation) + Window.IsActive(musicinformation)]</visible>
			<include>Delayed_Content_Fade_Animation</include>

			<!-- Background -->
			<control type="group">
				<visible>!$EXP[InfoWidget_HasFocus]</visible>
				<include>Dialog_Fade_Animation</include>
{				<control type="group">
					<visible>String.IsEqual(ListItem.DBType,artist) | [String.IsEqual(ListItem.DBType,album) + Control.HasFocus(12)]</visible>
					<include>Delayed_Dialog_Fade_Animation</include>
					<control type="image">
						<!-- 25% alpha -->
						<animation effect="fadediffuse" end="ff404040" time="0" condition="true">Conditional</animation>
						<!-- 15% alpha: 60% of 25% -->
						<animation effect="fadediffuse" end="ff9a9a9a" time="360" tween="sine" easing="inout" reversible="true" condition="String.IsEqual(Window(musicinformation).Property(Focused_Button),$LOCALIZE[183]) | String.IsEqual(Window(musicinformation).Property(Focused_Button),$LOCALIZE[21887])">Conditional</animation>
						<aspectratio>scale</aspectratio>
						<texture background="true">$VAR[Dialog_Info_Background]</texture>
					</control>
				</control>}
			</control>
			<!-- Thumbnails -->
			<control type="group">
				<visible>!Control.HasFocus(9001)</visible>
				<include>Content_Fade_Animation</include>
				<control type="group">
					<visible>!String.IsEqual(ListItem.DBType,artist) + !Control.HasFocus(12) + !Control.HasFocus(10) + !$EXP[InfoWidget_HasFocus]</visible>
					<include>Delayed_Content_Fade_Animation</include>
					<include content="Transparent_Dialog_Panel">
						<param name="left" value="0"/>
						<param name="top" value="180"/>
						<param name="bottom" value="180"/>
					</include>
					<control type="image">
						<visible>!Control.HasFocus(10)</visible>
						<include>Delayed_Content_Fade_Animation</include>
						<left>0</left>
						<centertop>50%</centertop>
						<width>720</width>
						<height>720</height>
						<texture fallback="fallback/fallback.png" background="true">$INFO[ListItem.Art(thumb)]</texture>
					</control>
				</control>
				<control type="image">
					<visible>String.IsEqual(ListItem.DBType,song) + Control.HasFocus(12)</visible>
					<include>Delayed_Content_Fade_Animation</include>
					<centerleft>50%</centerleft>
					<centertop>50%</centertop>
					<width>720</width>
					<height>720</height>
					<texture fallback="fallback/fallback.png" background="true">$INFO[ListItem.Art(thumb)]</texture>
				</control>
			</control>
		</control>

		<!-- Content -->
		<control type="group">
			<visible>[Window.IsActive(musicinformation) | Window.IsActive(songinformation)] + !Control.HasFocus(9001) + ![Window.Is(songinformation) + Window.IsActive(musicinformation)]</visible>
			<include>Long_Delayed_Content_Fade_Animation</include>
			<control type="group">
				<visible>![$EXP[TransparentDialog_IsVisible] + String.IsEqual(ListItem.DBType,artist)]</visible>
				<visible>!$EXP[InfoWidget_HasFocus]</visible>
				<include>Delayed_Content_Fade_Animation</include>
				<include content="Info_Dialog_Artwork">
					<param name="visible" value="Control.HasFocus(10)"/>
				</include>
			</control>
			<control type="group">
				<visible>!$EXP[TransparentDialog_IsVisible]</visible>
				<visible>!$EXP[InfoWidget_HasFocus]</visible>
				<include>Delayed_Content_Fade_Animation</include>

				<include content="Breadcrumb_Label">
					<param name="bar" value="false"/>
					<param name="title_label" value="$INFO[Window(musicinformation).Property(Focused_Button),$LOCALIZE[31130] ,  $LOCALIZE[31131]]"/>
					<param name="label_color" value="$VAR[Breadcrumb_Label_Color]"/>
					<param name="info_label_visible" value="false"/>
				</include>
				<!-- Details -->
				<include condition="!String.IsEqual(ListItem.DBType,artist)" content="Info_Dialog_Header">
					<param name="visible" value="String.IsEqual(Window(musicinformation).Property(Focused_Button),$LOCALIZE[208]) | String.IsEqual(Window(movieinformation).Property(Focused_Button),$LOCALIZE[184])"/>
					<param name="left" value="780"/>
					<param name="right" value="120"/>
					<param name="align" value="left"/>
				</include>
				<include condition="String.IsEqual(ListItem.DBType,artist)" content="Info_Dialog_Header">
					<param name="visible" value="String.IsEqual(Window(musicinformation).Property(Focused_Button),$LOCALIZE[208])"/>
					<param name="left" value="120"/>
					<param name="right" value="120"/>
					<param name="align" value="center"/>
				</include>
				<include condition="String.IsEqual(ListItem.DBType,album)" content="Info_Dialog_Plot">
					<param name="visible" value="String.IsEqual(Window(musicinformation).Property(Focused_Button),$LOCALIZE[183]) + !Control.HasFocus(4500)"/>
					<param name="left" value="780"/>
					<param name="right" value="120"/>
					<param name="align" value="left"/>
					<param name="font" value="Plot_Panel"/>
				</include>
				<include condition="String.IsEqual(ListItem.DBType,artist)" content="Info_Dialog_Plot">
					<param name="visible" value="String.IsEqual(Window(musicinformation).Property(Focused_Button),$LOCALIZE[21887])"/>
					<param name="left" value="240"/>
					<param name="right" value="240"/>
					<param name="align" value="center"/>
					<param name="font" value="Plot_Fullscreen"/>
				</include>
				<include condition="String.IsEqual(ListItem.DBType,album)" content="Simple_List">
					<param name="id" value="4500"/>
					<param name="visible" value="Control.HasFocus(4500)"/>
					<param name="animation" value="Delayed_Content_Fade_Animation"/>
					<param name="left" value="720"/>
					<param name="nowplayingvisible" value="true"/>
					<param name="labelleft" value="120"/>
					<param name="label" value="$INFO[ListItem.Label]"/>
					<param name="labelmaxwidth" value="960"/>
					<param name="selectedcolor" value="$VAR[Light_Color]"/>
					<param name="include" value="AlbumInfo_Content_Path"/>
				</include>
				<include content="Info_Dialog_Stars">
					<param name="visible" value="Control.HasFocus(7) | Control.HasFocus(5003) | Control.HasFocus(5004)"/>
					<param name="itemgap" value="30"/>
					<param name="starheight" value="60"/>
				</include>

				<control type="textbox">
					<visible>Control.HasFocus(12) + String.IsEqual(ListItem.DBType,album)</visible>
					<include>Delayed_Content_Fade_Animation</include>
					<width>1680</width>
					<centerleft>50%</centerleft>
					<height max="146">auto</height>
					<centertop>50%</centertop>
					<font>Billboard_Title</font>
					<textcolor>$VAR[Light_Color]</textcolor>
					<label>$INFO[ListItem.Artist]</label>
					<align>left</align>
				</control>

				<control type="label">
					<visible>Control.HasFocus(12) + String.IsEqual(ListItem.DBType,song)</visible>
					<width>1440</width>
					<centerleft>50%</centerleft>
					<height>52</height>
					<top>964</top>
					<font>Strip_Title</font>
					<textcolor>$VAR[Primary_Color]</textcolor>
					<label>$INFO[ListItem.Album]</label>
					<align>center</align>
					<aligny>center</aligny>
					<scroll>false</scroll>
				</control>


				<!-- Button group -->
				<control type="grouplist" id="65000">
					<centerleft>50%</centerleft>
					<bottom>60</bottom>
					<width>420</width>
					<height>60</height>
					<orientation>horizontal</orientation>
					<align>center</align>
					<itemgap>0</itemgap>
					<usecontrolcoords>true</usecontrolcoords>
					<control type="button" id="97">
						<include>Hidden_Button</include>
						<include content="Simple_Button_Template">
							<param name="description" value="Play button"/>
							<param name="icon" value="Play"/>
						</include>
						<onfocus>SetProperty(Focused_Button,$LOCALIZE[208],musicinformation)</onfocus>
						<onfocus>SetProperty(ResetScroll," ")</onfocus>
						<onclick condition="String.IsEmpty(ListItem.DBID)">PlayMedia($INFO[ListItem.FilenameAndPath])</onclick>
						<onclick condition="System.AddonIsEnabled(script.playalbum) + String.IsEqual(ListItem.DBType,album)">RunScript(script.playalbum,albumid=$INFO[ListItem.DBID])</onclick>
						<onclick condition="System.AddonIsEnabled(script.playalbum) + String.IsEqual(ListItem.DBType,song)">RunScript(script.playalbum,songid=$INFO[ListItem.DBID])</onclick>
						<onclick condition="System.AddonIsEnabled(script.playalbum)">Action(close)</onclick>
						<onclick condition="System.HasAddon(script.playalbum) + !System.AddonIsEnabled(script.playalbum) + !String.IsEmpty(ListItem.DBID)">EnableAddon(script.playalbum)</onclick>
						<onclick condition="!System.HasAddon(script.playalbum) + !String.IsEmpty(ListItem.DBID)">InstallAddon(script.playalbum)</onclick>
						<include>MusicInfo_Dialog_Menu_Navigation</include>
					</control>
					<control type="button" id="99">
						<visible>!String.IsEmpty(Control.GetLabel(916)) + Window.Is(musicinformation)</visible>
						<include>Hidden_Button</include>
						 <include content="Simple_Button_Template">
							<param name="description" value="Plot/Bio/Summary"/>
							<param name="icon" value="Plot"/>
						</include>
						<onunfocus>SetProperty(ResetScroll,"")</onunfocus>
						<onfocus>SetProperty(Focused_Button,$VAR[PlotType_Label],musicinformation)</onfocus>
						<ondown condition="Container(4).HasNext | Container(4).HasPrevious">SetFocus(60)</ondown>
						<include condition="![Container(4).HasNext | Container(4).HasPrevious]">MovieInfo_Dialog_Menu_Navigation</include>
					</control>
					<control type="button" id="98">
						<visible>String.IsEqual(ListItem.DBType,album)</visible>
						<include>Hidden_Button</include>
						<include content="Simple_Button_Template">
							<param name="description" value="Tracklist"/>
							<param name="icon" value="Album"/>
						</include>
						<onfocus>SetProperty(ResetScroll," ")</onfocus>
						<onfocus>SetProperty(Focused_Button,$LOCALIZE[182],musicinformation)</onfocus>
						<onfocus>SetFocus(4500,0,absolute)</onfocus>
					</control>
					<control type="button" id="7">
						<include>Hidden_Button</include>
						<include content="Simple_Button_Template">
							<param name="description" value="User rating"/>
							<param name="icon" value="Bookmarks"/>
						</include>
						<onfocus>SetProperty(ResetScroll," ")</onfocus>
						<onfocus>SetProperty(Focused_Button,$INFO[Control.GetLabel(7)],musicinformation)</onfocus>
						<onup>5003</onup>
						<ondown>5004</ondown>
					</control>
					<control type="button" id="12">
						<include>Hidden_Button</include>
						<include condition="Window.IsVisible(musicinformation)" content="Simple_Button_Template">
							<param name="description" value="Artist info"/>
							<param name="icon" value="Artist"/>
						</include>
						<include condition="Window.IsVisible(songinformation)" content="Simple_Button_Template">
							<param name="description" value="Album info"/>
							<param name="icon" value="Album"/>
						</include>
						<onfocus>SetProperty(ResetScroll," ")</onfocus>
						<onfocus>SetProperty(Focused_Button,$INFO[Control.GetLabel(12)],musicinformation)</onfocus>
						<include>MusicInfo_Dialog_Menu_Navigation</include>
					</control>
					<control type="button" id="10">
						<include>Hidden_Button</include>
						<include content="Simple_Button_Template">
							<param name="description" value="Choose art"/>
							<param name="icon" value="Menu"/>
						</include>
						<onfocus>SetProperty(ResetScroll," ")</onfocus>
						<onfocus>SetProperty(Focused_Button,$LOCALIZE[13511],musicinformation)</onfocus>
						<include>MusicInfo_Dialog_Menu_Navigation</include>
					</control>
					<control type="button" id="6">
						<include>Hidden_Button</include>
						<include content="Simple_Button_Template">
							<param name="description" value="Refresh button"/>
							<param name="icon" value="Refresh"/>
						</include>
						<onfocus>SetProperty(ResetScroll," ")</onfocus>
						<onfocus>SetProperty(Focused_Button,$LOCALIZE[184],musicinformation)</onfocus>
						<include>MusicInfo_Dialog_Menu_Navigation</include>
					</control>
				</control>
			</control>

			<include content="Info_Widget_Discography"/>
			<include condition="!String.IsEqual(ListItem.DBType,album)" content="Info_Widget_MostPlayed"/>
			<include condition="String.IsEqual(ListItem.DBType,artist)" content="Info_Widget_SimilarArtists"/>
			<include condition="!String.IsEqual(ListItem.DBType,artist)" content="Info_Widget_SimilarAlbums"/>

			<include content="Dialog_Widget_Scrollbar"/>

			<!-- Music Player -->
			<control type="group">
				<visible>!Window.IsVisible(shutdownmenu)</visible>
				<include>Delayed_Content_Fade_Animation</include>
				<include condition="Skin.HasSetting(Music_Player_Enabled)" content="Music_Player_Buttons"/>
				<include condition="Skin.HasSetting(Music_Player_Enabled)" content="Music_Player_Widget">
					<param name="left_label_visible" value="true"/>
					<param name="background_visible" value="false"/>
				</include>
			</control>


			<control type="group">
				<visible>$EXP[TransparentDialog_IsVisible] + [$EXP[InfoWidget_HasFocus] | String.IsEqual(ListItem.DBType,album) | Window.Is(songinformation)]</visible>
				<include>Transparent_Dialog_Background</include>
				<include>Content_Fade_Animation</include>
			</control>

		</control>

	</controls>
</window>
