<includes>
<!--
	<include name="Multiart_List">
		<param name="id"/>
		<param name="visible"/>
		<param name="art"/>
		<definition>
			<control type="list" id="$PARAM[id]">
				<include>Hidden_Control</include>
				<visible>!$EXP[ContentSwitching]</visible>
				<autoscroll time="4000">true</autoscroll>
				<itemlayout/>
				<focusedlayout/>
				<content>
					<item>
						<icon>$INFO[ListItem.Art($PARAM[art])]</icon>
						<visible>!String.IsEmpty(ListItem.Art($PARAM[art]))</visible>
					</item>
				</content>
				<content sortby="random">
					<item>
						<icon>$INFO[ListItem.Art($PARAM[art]1)]</icon>
						<visible>!String.IsEmpty(ListItem.Art($PARAM[art]1))</visible>
					</item>
					<item>
						<icon>$INFO[ListItem.Art($PARAM[art]2)]</icon>
						<visible>!String.IsEmpty(ListItem.Art($PARAM[art]2))</visible>
					</item>
					<item>
						<icon>$INFO[ListItem.Art($PARAM[art]3)]</icon>
						<visible>!String.IsEmpty(ListItem.Art($PARAM[art]3))</visible>
					</item>
					<item>
						<icon>$INFO[ListItem.Art($PARAM[art]4)]</icon>
						<visible>!String.IsEmpty(ListItem.Art($PARAM[art]4))</visible>
					</item>
					<item>
						<icon>$INFO[ListItem.Art($PARAM[art]5)]</icon>
						<visible>!String.IsEmpty(ListItem.Art($PARAM[art]5))</visible>
					</item>
					<item>
						<icon>$INFO[ListItem.Art($PARAM[art]6)]</icon>
						<visible>!String.IsEmpty(ListItem.Art($PARAM[art]6))</visible>
					</item>
					<item>
						<icon>$INFO[ListItem.Art($PARAM[art]7)]</icon>
						<visible>!String.IsEmpty(ListItem.Art($PARAM[art]7))</visible>
					</item>
					<item>
						<icon>$INFO[ListItem.Art($PARAM[art]8)]</icon>
						<visible>!String.IsEmpty(ListItem.Art($PARAM[art]8))</visible>
					</item>
					<item>
						<icon>$INFO[ListItem.Art($PARAM[art]9)]</icon>
						<visible>!String.IsEmpty(ListItem.Art($PARAM[art]9))</visible>
					</item>
					<item>
						<icon>$INFO[ListItem.Art($PARAM[art]10)]</icon>
						<visible>!String.IsEmpty(ListItem.Art($PARAM[art]10))</visible>
					</item>
					<item>
						<icon>$INFO[ListItem.Art($PARAM[art]11)]</icon>
						<visible>!String.IsEmpty(ListItem.Art($PARAM[art]11))</visible>
					</item>
					<item>
						<icon>$INFO[ListItem.Art($PARAM[art]12)]</icon>
						<visible>!String.IsEmpty(ListItem.Art($PARAM[art]12))</visible>
					</item>
					<item>
						<icon>$INFO[ListItem.Art($PARAM[art]13)]</icon>
						<visible>!String.IsEmpty(ListItem.Art($PARAM[art]13))</visible>
					</item>
					<item>
						<icon>$INFO[ListItem.Art($PARAM[art]14)]</icon>
						<visible>!String.IsEmpty(ListItem.Art($PARAM[art]14))</visible>
					</item>
					<item>
						<icon>$INFO[ListItem.Art($PARAM[art]15)]</icon>
						<visible>!String.IsEmpty(ListItem.Art($PARAM[art]15))</visible>
					</item>
				</content>
			</control>
		</definition>
	</include>

	<include name="Multiart">
		<control type="label" id="38000">
			<visible>false</visible>
			<label>$VAR[Multiart_Type]</label>
		</control>
		<include content="Multiart_List">
			<param name="id" value="38001"/>
			<param name="art" value="fanart"/>
		</include>
	</include>
-->
</includes>
