<?xml version="1.0" encoding="UTF-8"?>
<window>
	<!-- filebrowser -->
	<defaultcontrol always="true">450</defaultcontrol>
	<include>Delayed_Dialog_Fade_Animation</include>
	<controls>
		<control type="group">
			<visible>!Window.IsVisible(shutdownmenu)</visible>
			<include>Delayed_Content_Fade_Animation</include>

			<include content="Transparent_Dialog_Panel">
				<param name="top" value="235"/>
				<param name="bottom" value="235"/>
			</include>

			<include content="Breadcrumb_Label">
				<param name="visible" value="true"/>
				<param name="title_label_id" value="411"/>
				<param name="info_label_visible" value="false"/>
			</include>

			<include content="Description_Label">
				<param name="id" value="412"/>
				<param name="haspath" value="true"/>
			</include>

			<include content="SimpleListIcon">
				<param name="top" value="180"/>
				<param name="width" value="720"/>
				<param name="height" value="720"/>
				<param name="fallback" value=""/>
				<param name="align" value="right"/>
				<param name="aspectratio" value="keep"/>
			</include>

			<include content="Simple_List">
				<param name="id" value="450"/>
			</include>

			<include content="Simple_List">
				<param name="id" value="451"/>
			</include>

			<include content="Button_Group_Template">
				<param name="visible" value="!Window.IsVisible(favourites)"/>
				<param name="onleft" value="450"/>
				<param name="icons" value="true"/>
				<param name="button1" value="true"/>
				<param name="button1id" value="415"/>
				<param name="button1texture" value="Plus"/>
				<param name="button2" value="true"/>
				<param name="button2id" value="416"/>
				<param name="button2texture" value="Mirrored"/>
				<param name="button3" value="true"/>
				<param name="button3id" value="414"/>
				<param name="button3texture" value="Cross"/>
				<param name="button4" value="true"/>
				<param name="button4id" value="413"/>
				<param name="button4texture" value="Check"/>
			</include>

		</control>
	</controls>
</window>
