<includes>

	<!-- Generic -->
	<include name="Settings_Left_List_Template">
		<param name="windowname"/>
		<param name="visible" default="true"/>
		<param name="id"/>
		<param name="scrollbarid"/>
		<param name="left" default="60"/>
		<param name="dividervisible" default="true"/>
		<param name="dividerleft" default="780"/>
		<param name="width" default="720"/>
		<param name="height" default="630"/>
		<param name="onleft" default="0"/>
		<param name="onright" default="0"/>
		<param name="focusbordervisible" default="true"/>
		<param name="focusedcolor" default="$VAR[Left_Grouplist_Focus_Color]"/>
		<param name="label" default="$INFO[ListItem.Label]"/>
		<param name="label2visible" default="true"/>
		<param name="offsetforlabel2" default="90"/>
		<param name="label2" default="$INFO[ListItem.Label2]"/>
		<definition>
			<control type="list" id="$PARAM[id]">
				<visible allowhiddenfocus="true">$PARAM[visible]</visible>
				<left>$PARAM[left]</left>
				<width>$PARAM[width]</width>
				<height>$PARAM[height]</height>
				<centertop>50%</centertop>
				<onfocus>SetProperty(ActiveList,Left,$PARAM[windowname])</onfocus>
				<onleft>$PARAM[onleft]</onleft>
				<onright condition="[Container($PARAM[id]).HasPrevious | Container($PARAM[id]).HasNext]">$PARAM[scrollbarid]</onright>
				<onright condition="![Container($PARAM[id]).HasPrevious | Container($PARAM[id]).HasNext]">$PARAM[onright]</onright>
				<onup>$PARAM[id]</onup>
				<ondown>$PARAM[id]</ondown>
				<orientation>vertical</orientation>
				<align>top</align>
				<pagecontrol>$PARAM[scrollbarid]</pagecontrol>
				<scrolltime tween="sine" easing="inout">360</scrolltime>
				<itemlayout height="90" width="$PARAM[width]">
					<control type="label">
						<textoffsetx>60</textoffsetx>
						<right>$PARAM[offsetforlabel2]</right>
						<label>$PARAM[label]</label>
						<textcolor>$VAR[Unfocused_Color]</textcolor>
					</control>
					<control type="label">
						<visible>$PARAM[label2visible]</visible>
						<textoffsetx>60</textoffsetx>
						<align>right</align>
						<label>$PARAM[label2]</label>
						<textcolor>$VAR[Unfocused_Color]</textcolor>
					</control>
				</itemlayout>
				<focusedlayout height="90" width="$PARAM[width]">
					<control type="label">
						<textoffsetx>60</textoffsetx>
						<right>$PARAM[offsetforlabel2]</right>
						<label>$PARAM[label]</label>
						<textcolor>$PARAM[focusedcolor]</textcolor>
						<selectedcolor>$PARAM[focusedcolor]</selectedcolor>
					</control>
					<control type="label">
						<visible>$PARAM[label2visible]</visible>
						<textoffsetx>60</textoffsetx>
						<align>right</align>
						<label>$PARAM[label2]</label>
						<textcolor>$PARAM[focusedcolor]</textcolor>
						<selectedcolor>$PARAM[focusedcolor]</selectedcolor>
					</control>
					<control type="image">
						<visible>$PARAM[focusbordervisible]</visible>
						<left>60</left>
						<right>0</right>
						<height>1</height>
						<bottom>0</bottom>
						<texture colordiffuse="$VAR[Unfocused_Color]">views/white_100.png</texture>
					</control>
				</focusedlayout>
			</control>
			<include content="Dialog_Divider_With_Scrollbar">
				<param name="scrollbarvisible" value="[Control.HasFocus($PARAM[id]) | Control.HasFocus($PARAM[scrollbarid])] + !Window.IsVisible(contextmenu)"/>
				<param name="dividervisible" value="$PARAM[dividervisible]"/>
				<param name="id" value="$PARAM[scrollbarid]"/>
				<param name="height" value="$PARAM[height]"/>
				<param name="left" value="$PARAM[dividerleft]"/>
				<param name="onleft" value="$PARAM[id]"/>
				<param name="onright" value="$PARAM[onright]"/>
			</include>
		</definition>
	</include>

	<include name="Settings_Right_List_Template">
		<param name="windowname"/>
		<param name="id"/>
		<param name="scrollbarid"/>
		<param name="right" default="60"/>
		<param name="dividervisible" default="true"/>
		<param name="dividerleft" default="1140"/>
		<param name="width" default="720"/>
		<param name="height" default="630"/>
		<param name="scrollbarheight" default="630"/>
		<param name="onleft" default="0"/>
		<param name="onright" default="0"/>
		<param name="focusbordervisible" default="true"/>
		<param name="focusedcolor" default="$VAR[Right_Grouplist_Focus_Color]"/>
		<param name="label" default="$INFO[ListItem.Label]"/>
		<param name="label2visible" default="true"/>
		<param name="offsetforlabel2" default="90"/>
		<param name="label2" default="$INFO[ListItem.Label2]"/>
		<definition>
			<control type="list" id="$PARAM[id]">
				<nested/>
				<visible allowhiddenfocus="true">true</visible>
				<right>$PARAM[right]</right>
				<width>$PARAM[width]</width>
				<height>$PARAM[height]</height>
				<centertop>50%</centertop>
				<onfocus>SetProperty(ActiveList,Right,$PARAM[windowname])</onfocus>
				<onright>$PARAM[onright]</onright>
				<onleft condition="[Container($PARAM[id]).HasPrevious | Container($PARAM[id]).HasNext]">$PARAM[scrollbarid]</onleft>
				<onleft condition="![Container($PARAM[id]).HasPrevious | Container($PARAM[id]).HasNext]">$PARAM[onleft]</onleft>
				<onup>$PARAM[id]</onup>
				<ondown>$PARAM[id]</ondown>
				<orientation>vertical</orientation>
				<align>top</align>
				<pagecontrol>$PARAM[scrollbarid]</pagecontrol>
				<scrolltime tween="sine" easing="inout">360</scrolltime>
				<itemlayout height="90" width="$PARAM[width]">
					<control type="label">
						<right>$PARAM[offsetforlabel2]</right>
						<textoffsetx>60</textoffsetx>
						<label>$PARAM[label]</label>
						<textcolor>$VAR[Unfocused_Color]</textcolor>
					</control>
					<control type="label">
						<visible>$PARAM[label2visible]</visible>
						<textoffsetx>60</textoffsetx>
						<align>right</align>
						<label>$PARAM[label2]</label>
						<textcolor>$VAR[Unfocused_Color]</textcolor>
					</control>
				</itemlayout>
				<focusedlayout height="90" width="$PARAM[width]">
					<control type="label">
						<right>$PARAM[offsetforlabel2]</right>
						<textoffsetx>60</textoffsetx>
						<label>$PARAM[label]</label>
						<textcolor>$PARAM[focusedcolor]</textcolor>
						<selectedcolor>$PARAM[focusedcolor]</selectedcolor>
					</control>
					<control type="label">
						<visible>$PARAM[label2visible]</visible>
						<textoffsetx>60</textoffsetx>
						<align>right</align>
						<label>$PARAM[label2]</label>
						<textcolor>$PARAM[focusedcolor]</textcolor>
						<selectedcolor>$PARAM[focusedcolor]</selectedcolor>
					</control>
					<control type="image">
						<visible>$PARAM[focusbordervisible]</visible>
						<right>60</right>
						<left>0</left>
						<height>1</height>
						<bottom>0</bottom>
						<texture colordiffuse="$VAR[Unfocused_Color]">views/white_100.png</texture>
					</control>
				</focusedlayout>
			</control>
			<include content="Dialog_Divider_With_Scrollbar">
				<param name="scrollbarvisible" value="[Control.HasFocus($PARAM[id]) | Control.HasFocus($PARAM[scrollbarid])] + !Window.IsVisible(contextmenu)"/>
				<param name="dividervisible" value="$PARAM[dividervisible]"/>
				<param name="id" value="$PARAM[scrollbarid]"/>
				<param name="height" value="$PARAM[scrollbarheight]"/>
				<param name="left" value="$PARAM[dividerleft]"/>
				<param name="scrollbaralignleft" value="true"/>
				<param name="onleft" value="$PARAM[onleft]"/>
				<param name="onright" value="$PARAM[id]"/>
			</include>
		</definition>
	</include>


	<include name="SettingsCategory_Layout">
		<param name="categoryid" default="30000"/>
		<param name="mainlist"/>
		<param name="sublist"/>
		<param name="buttonvisible" default="false"/>
		<param name="iconborder" default="false"/>
		<definition>

			<control type="group">
				<include content="Breadcrumb_Label">
					<param name="left" value="90"/>
					<param name="visible" value="!Window.IsVisible(textviewer)"/>
					<param name="label_color" value="$VAR[Light_Color]"/>
					<param name="info_label_visible" value="false"/>
				</include>
			</control>

			<!-- Arrows when focused -->
			<control type="group">
				<animation effect="zoom" center="auto" start="112" end="100" time="135" tween="back" easing="in" condition="ControlGroup($PARAM[categoryid]).HasFocus">Conditional</animation>
				<visible>ControlGroup($PARAM[categoryid]).HasFocus</visible>
				<left>30</left>
				<width>60</width>
				<top>30</top>
				<height>120</height>
				<control type="image">
					<top>0</top>
					<width>30</width>
					<height>30</height>
					<texture colordiffuse="$VAR[Light_Color]">settings/category_switcher.png</texture>
				</control>
				<control type="image">
					<animation effect="rotate" center="auto" end="180" time="0" condition="true" reversible="false">Conditional</animation>
					<bottom>0</bottom>
					<width>30</width>
					<height>30</height>
					<texture colordiffuse="$VAR[Light_Color]">settings/category_switcher.png</texture>
					<aspectratio>keep</aspectratio>
				</control>
			</control>

			<!-- Icon -->
			<control type="image">
				<top>60</top>
				<left>15</left>
				<width>60</width>
				<height>60</height>
				<texture colordiffuse="$VAR[Light_Color]">$VAR[SettingsCategory_Icon]</texture>
			</control>

			<!-- Hidden list -->
			<control type="grouplist" id="$PARAM[categoryid]">
				<visible allowhiddenfocus="true">false</visible>
				<top>60</top>
				<left>15</left>
				<width>60</width>
				<height>60</height>
				<orientation>vertical</orientation>
				<onleft condition="!$PARAM[buttonvisible]">$PARAM[sublist]</onleft>
				<onleft condition="$PARAM[buttonvisible]">20</onleft>
				<onright>$PARAM[mainlist]</onright>
				<align>center</align>
				<itemgap>0</itemgap>
				<scrolltime>0</scrolltime>
				<control type="button" id="$PARAM[categoryid]0">
					<animation effect="slide" start="0" end="0" time="90">Hidden</animation>
					<onfocus>SetProperty(SettingsCategory_Switcher,true,home)</onfocus>
					<onfocus condition="!Window.Is(skinsettings)">ReplaceWindowAndFocus(skinsettings,$PARAM[categoryid]0)</onfocus>
				</control>
				<control type="button" id="$PARAM[categoryid]1">
					<animation effect="slide" start="0" end="0" time="90">Hidden</animation>
					<onfocus>SetProperty(SettingsCategory_Switcher,true,home)</onfocus>
					<onfocus condition="!Window.Is(interfacesettings)">ReplaceWindowAndFocus(interfacesettings,$PARAM[categoryid]1)</onfocus>
				</control>
				<control type="button" id="$PARAM[categoryid]2">
					<animation effect="slide" start="0" end="0" time="90">Hidden</animation>
					<onfocus>SetProperty(SettingsCategory_Switcher,true,home)</onfocus>
					<onfocus condition="!Window.Is(mediasettings)">ReplaceWindowAndFocus(mediasettings,$PARAM[categoryid]2)</onfocus>
				</control>
				<control type="button" id="$PARAM[categoryid]3">
					<animation effect="slide" start="0" end="0" time="90">Hidden</animation>
					<onfocus>SetProperty(SettingsCategory_Switcher,true,home)</onfocus>
					<onfocus condition="!Window.Is(playersettings)">ReplaceWindowAndFocus(playersettings,$PARAM[categoryid]3)</onfocus>
				</control>
				<control type="button" id="$PARAM[categoryid]4">
					<animation effect="slide" start="0" end="0" time="90">Hidden</animation>
					<onfocus>SetProperty(SettingsCategory_Switcher,true,home)</onfocus>
					<onfocus condition="!Window.Is(systemsettings)">ReplaceWindowAndFocus(systemsettings,$PARAM[categoryid]4)</onfocus>
				</control>
				<control type="button" id="$PARAM[categoryid]5">
					<animation effect="slide" start="0" end="0" time="90">Hidden</animation>
					<onfocus>SetProperty(SettingsCategory_Switcher,true,home)</onfocus>
					<onfocus condition="!Window.Is(servicesettings)">ReplaceWindowAndFocus(servicesettings,$PARAM[categoryid]5)</onfocus>
				</control>
				<control type="button" id="$PARAM[categoryid]6">
					<animation effect="slide" start="0" end="0" time="90">Hidden</animation>
					<onfocus>SetProperty(SettingsCategory_Switcher,true,home)</onfocus>
					<onfocus condition="!Window.Is(gamesettings)">ReplaceWindowAndFocus(gamesettings,$PARAM[categoryid]6)</onfocus>
				</control>
				<control type="button" id="$PARAM[categoryid]7">
					<animation effect="slide" start="0" end="0" time="90">Hidden</animation>
					<onfocus>SetProperty(SettingsCategory_Switcher,true,home)</onfocus>
					<onfocus condition="!Window.Is(pvrsettings)">ReplaceWindowAndFocus(pvrsettings,$PARAM[categoryid]7)</onfocus>
				</control>
				<control type="button" id="$PARAM[categoryid]8">
					<animation effect="slide" start="0" end="0" time="90">Hidden</animation>
					<onfocus>SetProperty(SettingsCategory_Switcher,true,home)</onfocus>
					<onfocus condition="!Window.Is(profiles)">ReplaceWindowAndFocus(profiles,$PARAM[categoryid]8)</onfocus>
				</control>
				<control type="button" id="$PARAM[categoryid]9">
					<animation effect="slide" start="0" end="0" time="90">Hidden</animation>
					<onfocus>SetProperty(SettingsCategory_Switcher,true,home)</onfocus>
					<onfocus condition="!Window.Is(systeminfo)">ReplaceWindowAndFocus(systeminfo,$PARAM[categoryid]9)</onfocus>
				</control>
				<control type="button" id="$PARAM[categoryid]10">
					<animation effect="slide" start="0" end="0" time="90">Hidden</animation>
					<onfocus>SetProperty(SettingsCategory_Switcher,true,home)</onfocus>
					<onfocus condition="!Window.Is(filemanager)">ReplaceWindowAndFocus(filemanager,$PARAM[categoryid]10)</onfocus>
				</control>
			</control>
			<!-- Divider and scrollbar for secondary list -->
			<control type="group">
				<visible>!Control.HasFocus(3000010)</visible>
				<include>Delayed_Content_Fade_Animation</include>
				<include content="Dialog_Divider_With_Scrollbar">
					<param name="visible" value="!Window.Is(filemanager)"/>
					<param name="dividervisible" value="true"/>
					<param name="scrollbarvisible" value="ControlGroup($PARAM[sublist]).HasFocus"/>
					<param name="left" value="570"/>
					<param name="scrollbaralignleft" value="true"/>
				</include>
			</control>

		</definition>
	</include>


	<!-- SkinSettings -->
	<include name="skinnsettings_Default_Button">
		<radiowidth/>
		<radioheight/>
		<textureradioonfocus/>
		<textureradioofffocus/>
		<textureradioonnofocus/>
		<textureradiooffnofocus/>
		<textureradioondisabled/>
		<textureradiooffdisabled/>
	</include>

	<include name="Widget_Settings_Content">
		<param name="widget_position"/>
		<param name="previous_widget_position"/>
		<definition>
			<control type="group" id="12$PARAM[widget_position]0">
				<height>90</height>
				<width>100%</width>
				<visible>ControlGroup(9).HasFocus(12)</visible>
				<control type="button" id="12$PARAM[widget_position]1">
					<animation effect="slide" end="-15" time="0" condition="true">Conditional</animation>
					<textoffsetx>45</textoffsetx>
					<texturefocus/>
					<description>Content Button</description>
					<label>$LOCALIZE[31222] $PARAM[widget_position]</label>
					<label2>$VAR[Widget$PARAM[widget_position]_Content]</label2>
					<onclick>Skin.SelectBool(424, 1223|Widget$PARAM[widget_position]_Content_Disabled,  31226|Widget$PARAM[widget_position]_Content_InProgress, 31227|Widget$PARAM[widget_position]_Content_NextUp, 31228|Widget$PARAM[widget_position]_Content_LatestMovies, 31145|Widget$PARAM[widget_position]_Content_RandomMovies, 31229|Widget$PARAM[widget_position]_Content_LatestTVShows, 31146|Widget$PARAM[widget_position]_Content_RandomTVShows, 31230|Widget$PARAM[widget_position]_Content_LatestAlbums, 31231|Widget$PARAM[widget_position]_Content_RecentAlbums, 31147|Widget$PARAM[widget_position]_Content_RandomAlbums, 1036|Widget$PARAM[widget_position]_Content_Favourites, 31150|Widget$PARAM[widget_position]_Content_Custom)</onclick>
					<visible>ControlGroup(9).HasFocus(12)</visible>
					<onup>12$PARAM[previous_widget_position]30</onup>
					<ondown condition="!Skin.HasSetting(Widget$PARAM[widget_position]_Content_Custom)">12$PARAM[widget_position]20</ondown>
					<ondown condition="Skin.HasSetting(Widget$PARAM[widget_position]_Content_Custom)">12$PARAM[widget_position]11</ondown>
					<onunfocus condition="[Skin.HasSetting(Widget$PARAM[widget_position]_Content_LatestAlbums) | Skin.HasSetting(Widget$PARAM[widget_position]_Content_RecentAlbums) | Skin.HasSetting(Widget$PARAM[widget_position]_Content_RandomAlbums)] + Skin.HasSetting(Widget$PARAM[widget_position]_View_Billboard)">Skin.SetBool(Widget$PARAM[widget_position]_View_Strip)</onunfocus>
					<onunfocus condition="[Skin.HasSetting(Widget$PARAM[widget_position]_Content_LatestAlbums) | Skin.HasSetting(Widget$PARAM[widget_position]_Content_RecentAlbums) | Skin.HasSetting(Widget$PARAM[widget_position]_Content_RandomAlbums)] + Skin.HasSetting(Widget$PARAM[widget_position]_View_Billboard)">Skin.Reset(Widget$PARAM[widget_position]_View_Billboard)</onunfocus>
					<onunfocus condition="Skin.HasSetting(Widget$PARAM[widget_position]_Content_LatestAlbums) | Skin.HasSetting(Widget$PARAM[widget_position]_Content_RecentAlbums) | Skin.HasSetting(Widget$PARAM[widget_position]_Content_RandomAlbums)">Skin.SetBool(Widget$PARAM[widget_position]_Display_Square)</onunfocus>
					<onunfocus condition="Skin.HasSetting(Widget$PARAM[widget_position]_Content_LatestAlbums) | Skin.HasSetting(Widget$PARAM[widget_position]_Content_RecentAlbums) | Skin.HasSetting(Widget$PARAM[widget_position]_Content_RandomAlbums)">Skin.Reset(Widget$PARAM[widget_position]_Display_Fanart)</onunfocus>
					<onunfocus condition="Skin.HasSetting(Widget$PARAM[widget_position]_Content_LatestAlbums) | Skin.HasSetting(Widget$PARAM[widget_position]_Content_RecentAlbums) | Skin.HasSetting(Widget$PARAM[widget_position]_Content_RandomAlbums)">Skin.Reset(Widget$PARAM[widget_position]_Display_Posters)</onunfocus>
					<onback>9</onback>
					<onleft>9</onleft>
					<onright>9000</onright>
					<include content="skinnsettings_Default_Button"/>
				</control>
				<control type="image">
					<visible>Control.HasFocus(12$PARAM[widget_position]1)</visible>
					<bottom>0</bottom>
					<height>1</height>
					<left>0</left>
					<right>60</right>
					<texture colordiffuse="$VAR[Unfocused_Color]">views/white_100.png</texture>
				</control>
			</control>
		</definition>
	</include>

	<!-- Widget$PARAM[widget_position]_Custom_Widget: Library -->
	<!-- Widget$PARAM[widget_position]_Custom_Type: movies -->
	<!-- Widget$PARAM[widget_position]_Custom_Name: MovieSets -->
	<!-- Widget$PARAM[widget_position]_Custom_Target: videos -->
	<!-- Widget$PARAM[widget_position]_Custom_Path: library://video/movies -->
	<include name="Widget_Settings_Customise">
		<param name="widget_position"/>
		<param name="previous_widget_position"/>
		<definition>
			<control type="group" id="12$PARAM[widget_position]10">
				<visible>ControlGroup(9).HasFocus(12) + Skin.HasSetting(Widget$PARAM[widget_position]_Content_Custom)</visible>
				<height>450</height>
				<width>100%</width>
				<control type="button" id="12$PARAM[widget_position]11">
					<description>Choose Widget path</description>
					<label>$VAR[skinsettings_Choose_Widget$PARAM[widget_position]_Path_Label]</label>
					<onclick>RunScript(script.skinshortcuts,type=widgets&amp;skinWidget=Widget$PARAM[widget_position]_Custom_Widget&amp;skinWidgetType=Widget$PARAM[widget_position]_Custom_Type&amp;skinWidgetName=Widget$PARAM[widget_position]_Custom_Name&amp;skinWidgetTarget=Widget$PARAM[widget_position]_Custom_Target&amp;skinWidgetPath=Widget$PARAM[widget_position]_Custom_Path)</onclick>
					<onup>12$PARAM[widget_position]0</onup>
					<ondown>12$PARAM[widget_position]12</ondown>
					<onback>9</onback>
					<onleft>9</onleft>
					<onright>9000</onright>
					<include content="skinnsettings_Default_Button"/>
				</control>
				<control type="button" id="12$PARAM[widget_position]12">
					<top>90</top>
					<description>Widget name</description>
					<label>- $LOCALIZE[551]</label>
					<label2>$INFO[Skin.String(Widget$PARAM[widget_position]_Custom_Name)]</label2>
					<onclick>Skin.SetString(Widget$PARAM[widget_position]_Custom_Name)</onclick>
					<onup>12$PARAM[widget_position]11</onup>
					<ondown>12$PARAM[widget_position]13</ondown>
					<onback>9</onback>
					<onleft>9</onleft>
					<onright>9000</onright>
					<include content="skinnsettings_Default_Button"/>
				</control>
				<control type="button" id="12$PARAM[widget_position]13">
					<top>180</top>
					<description>Widget sort method</description>
					<label>- $LOCALIZE[581]</label>
					<label2>$INFO[Skin.String(Widget$PARAM[widget_position]_Custom_SortMethod_Label)]</label2>
					<onclick>RunScript(script.skinshortcuts,type=shortcuts&amp;custom=False&amp;showNone=False&amp;grouping=WidgetSortMethod&amp;skinLabel=Widget$PARAM[widget_position]_Custom_SortMethod_Label&amp;skinAction=Widget$PARAM[widget_position]_Custom_SortMethod)</onclick>
					<onup>12$PARAM[widget_position]12</onup>
					<ondown>12$PARAM[widget_position]14</ondown>
					<onback>9</onback>
					<onleft>9</onleft>
					<onright>9000</onright>
					<include content="skinnsettings_Default_Button"/>
				</control>
				<control type="label">
					<description>Widget sortorder - ascending - label</description>
					<textoffsetx>60</textoffsetx>
					<top>270</top>
					<label>- $LOCALIZE[32119]</label>
					<include content="skinnsettings_Default_Button"/>
				</control>
				<control type="togglebutton" id="12$PARAM[widget_position]14">
					<description>Widget sortorder - ascending</description>
					<align>right</align>
					<top>270</top>
					<label>$INFO[Skin.String(Widget$PARAM[widget_position]_Custom_SortOrder)]</label>
					<onclick>Skin.SetString(Widget$PARAM[widget_position]_Custom_SortOrder,descending)</onclick>
					<altclick>Skin.SetString(Widget$PARAM[widget_position]_Custom_SortOrder,ascending)</altclick>
					<onup>12$PARAM[widget_position]13</onup>
					<ondown>12$PARAM[widget_position]15</ondown>
					<onback>9</onback>
					<onleft>9</onleft>
					<onright>9000</onright>
					<include content="skinnsettings_Default_Button"/>
				</control>
				<control type="button" id="12$PARAM[widget_position]15">
					<top>360</top>
					<description>Widget limit</description>
					<label>- $LOCALIZE[21427]</label>
					<label2>$INFO[Skin.String(Widget$PARAM[widget_position]_Custom_Limit)]</label2>
					<onup>12$PARAM[widget_position]14</onup>
					<ondown>12$PARAM[widget_position]20</ondown>
					<onclick>Skin.SetNumeric(Widget$PARAM[widget_position]_Custom_Limit)</onclick>
					<onback>9</onback>
					<onleft>9</onleft>
					<onright>9000</onright>
					<include content="skinnsettings_Default_Button"/>
				</control>
			</control>
		</definition>
	</include>

	<include name="Widget_Settings_View">
		<param name="widget_position"/>
		<definition>
			<control type="group" id="12$PARAM[widget_position]20">
				<height>90</height>
				<width>100%</width>
				<visible>ControlGroup(9).HasFocus(12) + !Skin.HasSetting(Widget$PARAM[widget_position]_Content_Disabled)</visible>
				<control type="button" id="12$PARAM[widget_position]21">
					<description>Widget View Button - Default</description>
					<label>$LOCALIZE[31224]</label>
					<label2>$VAR[Widget$PARAM[widget_position]_View]</label2>
					<onclick>Skin.SelectBool(424, 31202|Widget$PARAM[widget_position]_View_Billboard, 31203|Widget$PARAM[widget_position]_View_Showcase, 31204|Widget$PARAM[widget_position]_View_Strip, 31205|Widget$PARAM[widget_position]_View_Grid)</onclick>
					<onunfocus condition="Skin.HasSetting(Widget$PARAM[widget_position]_View_Billboard)">Skin.Reset(Widget$PARAM[widget_position]_Display_Posters)</onunfocus>
					<onunfocus condition="Skin.HasSetting(Widget$PARAM[widget_position]_View_Billboard)">Skin.Reset(Widget$PARAM[widget_position]_Display_Square)</onunfocus>
					<onunfocus condition="Skin.HasSetting(Widget$PARAM[widget_position]_View_Billboard)">Skin.SetBool(Widget$PARAM[widget_position]_Display_Fanart)</onunfocus>
					<onunfocus condition="Skin.HasSetting(Widget$PARAM[widget_position]_View_Showcase) + Skin.HasSetting(Widget$PARAM[widget_position]_Display_Fanart)">Skin.SetBool(Widget$PARAM[widget_position]_Display_Square)</onunfocus>
					<onunfocus condition="Skin.HasSetting(Widget$PARAM[widget_position]_View_Showcase) + Skin.HasSetting(Widget$PARAM[widget_position]_Display_Fanart)">Skin.Reset(Widget$PARAM[widget_position]_Display_Fanart)</onunfocus>
					<onback>9</onback>
					<onup condition="!Skin.HasSetting(Widget$PARAM[widget_position]_Content_Custom)">12$PARAM[widget_position]0</onup>
					<onup condition="Skin.HasSetting(Widget$PARAM[widget_position]_Content_Custom)">12$PARAM[widget_position]15</onup>
					<ondown>12$PARAM[widget_position]30</ondown>
					<onleft>9</onleft>
					<onright>9000</onright>
					<visible>!Skin.HasSetting(Widget$PARAM[widget_position]_Content_Disabled) + !Skin.HasSetting(Widget$PARAM[widget_position]_Content_LatestAlbums) + !Skin.HasSetting(Widget$PARAM[widget_position]_Content_RecentAlbums)</visible>
					<include content="skinnsettings_Default_Button"/>
				</control>
				<control type="button" id="12$PARAM[widget_position]22">
					<description>Widget View Button - Square views only</description>
					<label>$LOCALIZE[31224]</label>
					<label2>$VAR[Widget$PARAM[widget_position]_View]</label2>
					<onclick>Skin.SelectBool(424, 31203|Widget$PARAM[widget_position]_View_Showcase, 31204|Widget$PARAM[widget_position]_View_Strip, 31205|Widget$PARAM[widget_position]_View_Grid)</onclick>
					<onback>9</onback>
					<onup condition="!Skin.HasSetting(Widget$PARAM[widget_position]_Content_Custom)">12$PARAM[widget_position]0</onup>
					<onup condition="Skin.HasSetting(Widget$PARAM[widget_position]_Content_Custom)">12$PARAM[widget_position]15</onup>
					<ondown>12$PARAM[widget_position]30</ondown>
					<onleft>9</onleft>
					<onright>9000</onright>
					<visible>Skin.HasSetting(Widget$PARAM[widget_position]_Content_LatestAlbums) | Skin.HasSetting(Widget$PARAM[widget_position]_Content_RecentAlbums)</visible>
					<include content="skinnsettings_Default_Button"/>
				</control>
			</control>
		</definition>
	</include>

	<include name="Widget_Settings_Display">
		<param name="widget_position"/>
		<param name="next_widget_position"/>
		<definition>
			<control type="group" id="12$PARAM[widget_position]30">
				<visible>!Skin.HasSetting(Widget$PARAM[widget_position]_View_Billboard) + ![Skin.HasSetting(Widget$PARAM[widget_position]_Content_Disabled) | Skin.HasSetting(Widget$PARAM[widget_position]_Content_LatestAlbums) | Skin.HasSetting(Widget$PARAM[widget_position]_Content_RecentAlbums)]</visible>
				<height>90</height>
				<width>100%</width>
				<visible>ControlGroup(9).HasFocus(12)</visible>
				<control type="button" id="12$PARAM[widget_position]32">
					<description>Widget Display Button - Showcase view selected</description>
					<label>$LOCALIZE[131]</label>
					<label2>$VAR[Widget$PARAM[widget_position]_Display]</label2>
					<onclick>Skin.SelectBool(424, 31206|Widget$PARAM[widget_position]_Display_Posters, 31208|Widget$PARAM[widget_position]_Display_Square)</onclick>
					<visible>Skin.HasSetting(Widget$PARAM[widget_position]_View_Showcase) + !Skin.HasSetting(Widget$PARAM[widget_position]_Content_Disabled) + !Skin.HasSetting(Widget$PARAM[widget_position]_Content_LatestAlbums) + !Skin.HasSetting(Widget$PARAM[widget_position]_Content_RecentAlbums)</visible>
					<onback>9</onback>
					<onup>12$PARAM[widget_position]20</onup>
					<ondown>12$PARAM[next_widget_position]0</ondown>
					<onleft>9</onleft>
					<onright>9000</onright>
					<include content="skinnsettings_Default_Button"/>
				</control>
				<control type="button" id="12$PARAM[widget_position]33">
					<description>Widget Display Button - Strip view selected</description>
					<label>$LOCALIZE[131]</label>
					<label2>$VAR[Widget$PARAM[widget_position]_Display]</label2>
					<onclick>Skin.SelectBool(424, 31207|Widget$PARAM[widget_position]_Display_Fanart, 31206|Widget$PARAM[widget_position]_Display_Posters, 31208|Widget$PARAM[widget_position]_Display_Square)</onclick>
					<visible>Skin.HasSetting(Widget$PARAM[widget_position]_View_Strip) + !Skin.HasSetting(Widget$PARAM[widget_position]_Content_Disabled) + !Skin.HasSetting(Widget$PARAM[widget_position]_Content_LatestAlbums) + !Skin.HasSetting(Widget$PARAM[widget_position]_Content_RecentAlbums)</visible>
					<onback>9</onback>
					<onup>12$PARAM[widget_position]20</onup>
					<ondown>12$PARAM[next_widget_position]0</ondown>
					<onleft>9</onleft>
					<onright>9000</onright>
					<include content="skinnsettings_Default_Button"/>
				</control>
				<control type="button" id="12$PARAM[widget_position]34">
					<description>Widget Display Button - Grid view selected</description>
					<label>$LOCALIZE[131]</label>
					<label2>$VAR[Widget$PARAM[widget_position]_Display]</label2>
					<onclick>Skin.SelectBool(424, 31207|Widget$PARAM[widget_position]_Display_Fanart, 31206|Widget$PARAM[widget_position]_Display_Posters, 31208|Widget$PARAM[widget_position]_Display_Square)</onclick>
					<visible>Skin.HasSetting(Widget$PARAM[widget_position]_View_Grid) + !Skin.HasSetting(Widget$PARAM[widget_position]_Content_Disabled) + !Skin.HasSetting(Widget$PARAM[widget_position]_Content_LatestAlbums) + !Skin.HasSetting(Widget$PARAM[widget_position]_Content_RecentAlbums)</visible>
					<onback>9</onback>
					<onup>12$PARAM[widget_position]20</onup>
					<ondown>12$PARAM[next_widget_position]0</ondown>
					<onleft>9</onleft>
					<onright>9000</onright>
					<include content="skinnsettings_Default_Button"/>
				</control>
			</control>
		</definition>
	</include>

	<include name="Widget_Settings">
		<include content="Widget_Settings_Content">
			<param name="previous_widget_position" value="$PARAM[previous_widget_position]"/>
			<param name="widget_position" value="$PARAM[widget_position]"/>
		</include>
		<include content="Widget_Settings_Customise">
			<param name="previous_widget_position" value="$PARAM[previous_widget_position]"/>
			<param name="widget_position" value="$PARAM[widget_position]"/>
		</include>
		<include content="Widget_Settings_View">
			<param name="widget_position" value="$PARAM[widget_position]"/>
		</include>
		<include content="Widget_Settings_Display">
			<param name="widget_position" value="$PARAM[widget_position]"/>
			<param name="next_widget_position" value="$PARAM[next_widget_position]"/>
		</include>
	</include>

</includes>
