<includes>

	<include name="List_Navigation">
		<definition>
			<onup condition="Integer.IsGreater(Container.NumItems,1)">50</onup>
			<onup condition="Integer.IsEqual(Container.NumItems,1)">SetFocus(3000,0)</onup>
			<ondown condition="Integer.IsGreater(Container.NumItems,1)">50</ondown>
			<ondown condition="Integer.IsEqual(Container.NumItems,1)">SetFocus(3000,0)</ondown>
			<onleft condition="$EXP[Secondary_List_Focus] + Integer.IsGreater(Container(4501).NumItems,0)">SetFocus(4501,0)</onleft>
			<onleft condition="![$EXP[Secondary_List_Focus] + Integer.IsGreater(Container(4501).NumItems,0)]">SetFocus(3000,0)</onleft>
			<onright condition="Skin.HasSetting(Music_Player_Enabled) + Player.HasAudio">SetFocus(91100,1)</onright>
			<onright condition="![Skin.HasSetting(Music_Player_Enabled) + Player.HasAudio] + Integer.IsGreaterOrEqual(Container.NumItems,12)">60</onright>
			<onright condition="![Skin.HasSetting(Music_Player_Enabled) + Player.HasAudio] + Integer.IsLess(Container.NumItems,12)">SetFocus(3000,0)</onright>
			<onback condition="String.IsEqual(window(movieinformation).property(SentFromInfo),true)">SetFocus(5003)</onback>
		</definition>
	</include>

	<include name="Simple_List_Navigation">
		<definition>
			<onleft condition="Window.Is(favourites)">0</onleft>
			<onright condition="Window.Is(favourites) + Skin.HasSetting(Music_Player_Enabled) + Player.HasAudio">SetFocus(91100,1)</onright>
			<onright condition="Window.Is(favourites) + ![Skin.HasSetting(Music_Player_Enabled) + Player.HasAudio]">0</onright>
			<onleft condition="Window.Is(musicinformation) + String.IsEqual(ListItem.DBType,album) + !String.IsEmpty(Control.GetLabel(916))">99</onleft>
			<onleft condition="Window.Is(musicinformation) + String.IsEqual(ListItem.DBType,album) + String.IsEmpty(Control.GetLabel(916))">97</onleft>
			<onright condition="Window.Is(musicinformation) + String.IsEqual(ListItem.DBType,album)">SetFocus(7)</onright>
			<onright condition="Window.Is(selectdialog) + Control.IsVisible(8)">8</onright>
			<onright condition="Window.Is(selectdialog) + !Control.IsVisible(8) + Control.IsVisible(5)">5</onright>
			<onright condition="Window.Is(selectdialog) + !Control.IsVisible(8) + !Control.IsVisible(5) + Control.IsVisible(7)">7</onright>
			<onright condition="!Window.Is(favourites) + !Window.Is(musicinformation) + !Window.Is(selectdialog)">9000</onright>
		</definition>
	</include>

	<include name="Secondary_List_Navigation">
		<definition>
			<onright condition="$EXP[ListView_IsVisible]">SetFocus(4502)</onright>
			<onleft condition="$EXP[ListView_IsVisible]">SetFocus(4506)</onleft>
			<onup condition="$EXP[ListView_IsVisible]">0</onup>
			<ondown condition="$EXP[ListView_IsVisible]">0</ondown>
			<onleft condition="$EXP[BillboardView_IsVisible]">SetFocus(4502)</onleft>
			<onright condition="$EXP[BillboardView_IsVisible]">SetFocus(4502)</onright>
			<onup condition="$EXP[BillboardView_IsVisible]">0</onup>
			<ondown condition="$EXP[BillboardView_IsVisible]">0</ondown>
			<onleft condition="$EXP[ShowcaseView_IsVisible]">SetFocus(4502)</onleft>
			<onright condition="$EXP[ShowcaseView_IsVisible]">SetFocus(4502)</onright>
			<onup condition="$EXP[ShowcaseView_IsVisible]">0</onup>
			<ondown condition="$EXP[ShowcaseView_IsVisible]">0</ondown>
			<onleft condition="$EXP[StripView_IsVisible]">SetFocus(4502)</onleft>
			<onright condition="$EXP[StripView_IsVisible]">SetFocus(4502)</onright>
			<onup condition="$EXP[StripView_IsVisible]">0</onup>
			<ondown condition="$EXP[StripView_IsVisible]">0</ondown>
		</definition>
	</include>

	<include name="Billboard_Navigation">
		<definition>
			<onup condition="Skin.HasSetting(Music_Player_Enabled) + Player.HasAudio">SetFocus(91100,1)</onup>
			<onup condition="![Skin.HasSetting(Music_Player_Enabled) + Player.HasAudio]">SetFocus(3000,0)</onup>
			<ondown condition="Skin.HasSetting(Secondary_List_Enabled) + $EXP[Secondary_List_Video_Conditions] + Integer.IsGreater(Container(4501).NumItems,0)">SetFocus(4501,0)</ondown>
			<ondown condition="![Skin.HasSetting(Secondary_List_Enabled) + $EXP[Secondary_List_Video_Conditions] + Integer.IsGreater(Container(4501).NumItems,0)] + Integer.IsGreater(Container.NumItems,1)">60</ondown>
			<ondown condition="![Skin.HasSetting(Secondary_List_Enabled) + $EXP[Secondary_List_Video_Conditions] + Integer.IsGreater(Container(4501).NumItems,0)] + Integer.IsEqual(Container.NumItems,1)">SetFocus(3000,0)</ondown>
			<onleft condition="Integer.IsGreater(Container.NumItems,3)">501</onleft>
			<onleft condition="Integer.IsLessOrEqual(Container.NumItems,3) + Integer.IsGreater(Container.NumItems,1)">0</onleft>
			<onleft condition="Integer.IsEqual(Container.NumItems,1)">SetFocus(3000,0)</onleft>
			<onright condition="Integer.IsGreater(Container.NumItems,3)">501</onright>
			<onright condition="Integer.IsLessOrEqual(Container.NumItems,3) + Integer.IsGreater(Container.NumItems,1)">0</onright>
			<onright condition="Integer.IsEqual(Container.NumItems,1)">SetFocus(3000,0)</onright>
			<onback condition="String.IsEqual(window(movieinformation).property(SentFromInfo),true)">SetFocus(5003)</onback>
		</definition>
	</include>

	<include name="Showcase_Navigation">
		<definition>
			<onup condition="Skin.HasSetting(Music_Player_Enabled) + Player.HasAudio">SetFocus(91100,1)</onup>
			<onup condition="![Skin.HasSetting(Music_Player_Enabled) + Player.HasAudio]">SetFocus(3000,0)</onup>
			<ondown condition="[$EXP[Secondary_List_Focus] + Integer.IsGreater(Container(4501).NumItems,0)]">SetFocus(4501,0)</ondown>
			<ondown condition="![$EXP[Secondary_List_Focus] + Integer.IsGreater(Container(4501).NumItems,0)] + Integer.IsGreater(Container.NumItems,1)">60</ondown>
			<ondown condition="![$EXP[Secondary_List_Focus] + Integer.IsGreater(Container(4501).NumItems,0)] + Integer.IsEqual(Container.NumItems,1)">SetFocus(3000,0)</ondown>
			<onleft condition="Integer.IsGreater(Container.NumItems,10)">502</onleft>
			<onleft condition="Integer.IsLessOrEqual(Container.NumItems,10) + Integer.IsGreater(Container.NumItems,1)">0</onleft>
			<onleft condition="Integer.IsEqual(Container.NumItems,1)">SetFocus(3000,0)</onleft>
			<onright condition="Integer.IsGreater(Container.NumItems,10)">502</onright>
			<onright condition="Integer.IsLessOrEqual(Container.NumItems,10) + Integer.IsGreater(Container.NumItems,1)">0</onright>
			<onright condition="Integer.IsEqual(Container.NumItems,1)">SetFocus(3000,0)</onright>
			<onback condition="String.IsEqual(window(movieinformation).property(SentFromInfo),true)">SetFocus(5003)</onback>
		</definition>
	</include>

	<include name="Strip_Navigation">
		<definition>
			<onup condition="Skin.HasSetting(Music_Player_Enabled) + Player.HasAudio">SetFocus(91100,1)</onup>
			<onup condition="![Skin.HasSetting(Music_Player_Enabled) + Player.HasAudio]">SetFocus(3000,0)</onup>
			<ondown condition="$EXP[Secondary_List_Focus] + Integer.IsGreater(Container(4501).NumItems,0)">SetFocus(4501,0)</ondown>
			<ondown condition="![$EXP[Secondary_List_Focus] + Integer.IsGreater(Container(4501).NumItems,0)] + Integer.IsGreater(Container.NumItems,1)">60</ondown>
			<ondown condition="![$EXP[Secondary_List_Focus] + Integer.IsGreater(Container(4501).NumItems,0)] + Integer.IsEqual(Container.NumItems,1)">SetFocus(3000,0)</ondown>
			<onleft condition="Integer.IsGreater(Container.NumItems,10)">504</onleft>
			<onleft condition="Integer.IsLessOrEqual(Container.NumItems,10) + Integer.IsGreater(Container.NumItems,1)">0</onleft>
			<onleft condition="Integer.IsEqual(Container.NumItems,1)">SetFocus(3000,0)</onleft>
			<onright condition="Integer.IsGreater(Container.NumItems,10)">504</onright>
			<onright condition="Integer.IsLessOrEqual(Container.NumItems,10) + Integer.IsGreater(Container.NumItems,1)">0</onright>
			<onright condition="Integer.IsEqual(Container.NumItems,1)">SetFocus(3000,0)</onright>
			<onback condition="String.IsEqual(window(movieinformation).property(SentFromInfo),true)">SetFocus(5003)</onback>
		</definition>
	</include>

	<include name="Grid_Navigation">
		<definition>
			<onleft>SetFocus(3000,0)</onleft>
			<onright condition="Skin.HasSetting(Music_Player_Enabled) + Player.HasAudio">SetFocus(91100,1)</onright>
			<onright condition="![Skin.HasSetting(Music_Player_Enabled) + Player.HasAudio] + $EXP[GridView_Display_IsFanart] + Integer.IsGreater(Container.NumItems,3)">60</onright>
			<onright condition="![Skin.HasSetting(Music_Player_Enabled) + Player.HasAudio] + $EXP[GridView_Display_IsPosters] + Integer.IsGreater(Container.NumItems,5)">60</onright>
			<onright condition="![Skin.HasSetting(Music_Player_Enabled) + Player.HasAudio] + $EXP[GridView_Display_IsSquare] + Integer.IsGreater(Container.NumItems,10)">60</onright>
			<onright condition="![Skin.HasSetting(Music_Player_Enabled) + Player.HasAudio]  + $EXP[GridView_Display_IsFanart] + Integer.IsLessorEqual(Container.NumItems,3)">SetFocus(3000,0)</onright>
			<onright condition="![Skin.HasSetting(Music_Player_Enabled) + Player.HasAudio]  + $EXP[GridView_Display_IsPosters] + Integer.IsLessorEqual(Container.NumItems,5)">SetFocus(3000,0)</onright>
			<onright condition="![Skin.HasSetting(Music_Player_Enabled) + Player.HasAudio]  + $EXP[GridView_Display_IsSquare] + Integer.IsLessorEqual(Container.NumItems,10)">SetFocus(3000,0)</onright>
			<onup condition="$EXP[GridView_Display_IsFanart] + Integer.IsGreater(Container.NumItems,3)">505</onup>
			<onup condition="!$EXP[GridView_Display_IsFanart] + Integer.IsGreater(Container.NumItems,5)">505</onup>
			<onup condition="$EXP[GridView_Display_IsFanart] + Integer.IsLessorEqual(Container.NumItems,3)">0</onup>
			<onup condition="!$EXP[GridView_Display_IsFanart] + Integer.IsLessorEqual(Container.NumItems,5)">0</onup>
			<ondown condition="$EXP[GridView_Display_IsFanart] + Integer.IsGreater(Container.NumItems,3)">505</ondown>
			<ondown condition="!$EXP[GridView_Display_IsFanart] + Integer.IsGreater(Container.NumItems,5)">505</ondown>
			<ondown condition="$EXP[GridView_Display_IsFanart] + Integer.IsLessorEqual(Container.NumItems,3)">0</ondown>
			<ondown condition="!$EXP[GridView_Display_IsFanart] + Integer.IsLessorEqual(Container.NumItems,5)">0</ondown>
			<onback condition="String.IsEqual(window(movieinformation).property(SentFromInfo),true)">SetFocus(5003)</onback>
		</definition>
	</include>

	<include name="VideoBookmarks_Navigation">
		<definition>
			<onup>SetFocus(9000)</onup>
			<ondown>SetFocus(9000)</ondown>
			<onleft>0</onleft>
			<onright>SetFocus(9000)</onright>
		</definition>
	</include>

	<include name="LoginScreen_Navigation">
		<definition>
			<ondown>SetFocus(9000)</ondown>
			<onleft>0</onleft>
			<onright>0</onright>
		</definition>
	</include>

	<include name="Music_Player_Navigation">
		<onup condition="$EXP[InfoDialog_IsVisible] + Control.IsVisible(8090)">8090</onup>
		<onup condition="$EXP[InfoDialog_IsVisible] + !Control.IsVisible(8090) + Control.IsVisible(8080)">8080</onup>
		<onup condition="$EXP[InfoDialog_IsVisible] + !Control.IsVisible(8090) + !Control.IsVisible(8080) + Control.IsVisible(8070)">8070</onup>
		<onup condition="$EXP[InfoDialog_IsVisible] + !Control.IsVisible(8090) + !Control.IsVisible(8080) + !Control.IsVisible(8070) + Control.IsVisible(8060)">8060</onup>
		<onup condition="$EXP[InfoDialog_IsVisible] + !Control.IsVisible(8090) + !Control.IsVisible(8080) + !Control.IsVisible(8070) + !Control.IsVisible(8060) + Control.IsVisible(8050)">8050</onup>
		<onup condition="$EXP[InfoDialog_IsVisible] + !Control.IsVisible(8090) + !Control.IsVisible(8080) + !Control.IsVisible(8070) + !Control.IsVisible(8060) + !Control.IsVisible(8050) + Control.IsVisible(8040)">8040</onup>
		<onup condition="$EXP[InfoDialog_IsVisible] + !Control.IsVisible(8090) + !Control.IsVisible(8080) + !Control.IsVisible(8070) + !Control.IsVisible(8060) + !Control.IsVisible(8050) + !Control.IsVisible(8040) + [Control.IsVisible(8030) + Integer.IsGreater(Container(8030).NumItems,1)]">8030</onup>
		<onup condition="$EXP[InfoDialog_IsVisible] + !Control.IsVisible(8090) + !Control.IsVisible(8080) + !Control.IsVisible(8070) + !Control.IsVisible(8060) + !Control.IsVisible(8050) + !Control.IsVisible(8040) + ![Control.IsVisible(8030) + Integer.IsGreater(Container(8030).NumItems,1)] + Control.IsVisible(50)">50</onup>
		<onup condition="$EXP[InfoDialog_IsVisible] + !Control.IsVisible(8090) + !Control.IsVisible(8080) + !Control.IsVisible(8070) + !Control.IsVisible(8060) + !Control.IsVisible(8050) + !Control.IsVisible(8040) + ![Control.IsVisible(8030) + Integer.IsGreater(Container(8030).NumItems,1)] + !Control.IsVisible(50) + Control.IsVisible(8020)">8020</onup>
		<onup condition="$EXP[InfoDialog_IsVisible] + !Control.IsVisible(8090) + !Control.IsVisible(8080) + !Control.IsVisible(8070) + !Control.IsVisible(8060) + !Control.IsVisible(8050) + !Control.IsVisible(8040) + ![Control.IsVisible(8030) + Integer.IsGreater(Container(8030).NumItems,1)] + !Control.IsVisible(50) + !Control.IsVisible(8020) + Control.IsVisible(8010)">8010</onup>
		<onup condition="$EXP[InfoDialog_IsVisible] + !Control.IsVisible(8090) + !Control.IsVisible(8080) + !Control.IsVisible(8070) + !Control.IsVisible(8060) + !Control.IsVisible(8050) + !Control.IsVisible(8040) + ![Control.IsVisible(8030) + Integer.IsGreater(Container(8030).NumItems,1)] + !Control.IsVisible(50) + !Control.IsVisible(8020) + !Control.IsVisible(8010)">SetFocus(65000)</onup>
		<ondown condition="$EXP[InfoDialog_IsVisible]">SetFocus(65000)</ondown>
		<onup condition="Window.IsVisible(home) + !Window.IsVisible(favourites) +  Control.IsVisible(9090)">9090</onup>
		<onup condition="Window.IsVisible(home) + !Window.IsVisible(favourites) + !Control.IsVisible(9090) + Control.IsVisible(9080)">9080</onup>
		<onup condition="Window.IsVisible(home) + !Window.IsVisible(favourites) + !Control.IsVisible(9090) + !Control.IsVisible(9080) + Control.IsVisible(9070)">9070</onup>
		<onup condition="Window.IsVisible(home) + !Window.IsVisible(favourites) + !Control.IsVisible(9090) + !Control.IsVisible(9080) + !Control.IsVisible(9070) + Control.IsVisible(9060)">9060</onup>
		<onup condition="Window.IsVisible(home) + !Window.IsVisible(favourites) + !Control.IsVisible(9090) + !Control.IsVisible(9080) + !Control.IsVisible(9070) + !Control.IsVisible(9060) + Control.IsVisible(9050)">9050</onup>
		<onup condition="Window.IsVisible(home) + !Window.IsVisible(favourites) + !Control.IsVisible(9090) + !Control.IsVisible(9080) + !Control.IsVisible(9070) + !Control.IsVisible(9060) + !Control.IsVisible(9050) + Control.IsVisible(9040)">9040</onup>
		<onup condition="Window.IsVisible(home) + !Window.IsVisible(favourites) + !Control.IsVisible(9090) + !Control.IsVisible(9080) + !Control.IsVisible(9070) + !Control.IsVisible(9060) + !Control.IsVisible(9050) + !Control.IsVisible(9040) + Control.IsVisible(9030)">9030</onup>
		<onup condition="Window.IsVisible(home) + !Window.IsVisible(favourites) + !Control.IsVisible(9090) + !Control.IsVisible(9080) + !Control.IsVisible(9070) + !Control.IsVisible(9060) + !Control.IsVisible(9050) + !Control.IsVisible(9040) + !Control.IsVisible(9030) + Control.IsVisible(9020)">9020</onup>
		<onup condition="Window.IsVisible(home) + !Window.IsVisible(favourites) + !Control.IsVisible(9090) + !Control.IsVisible(9080) + !Control.IsVisible(9070) + !Control.IsVisible(9060) + !Control.IsVisible(9050) + !Control.IsVisible(9040) + !Control.IsVisible(9030) + !Control.IsVisible(9020) + Control.IsVisible(9010)">9010</onup>
		<onup condition="Window.IsVisible(home) + !Window.IsVisible(favourites) + !Control.IsVisible(9090) + !Control.IsVisible(9080) + !Control.IsVisible(9070) + !Control.IsVisible(9060) + !Control.IsVisible(9050) + !Control.IsVisible(9040) + !Control.IsVisible(9030) + !Control.IsVisible(9020) + !Control.IsVisible(9010)">9000</onup>
		<ondown condition="Window.IsVisible(home)">9000</ondown>
		<onback condition="Window.IsVisible(home)">9000</onback>
		<onback condition="Window.IsVisible(favourites)">450</onback>
		<onleft condition="Window.IsVisible(favourites)">450</onleft>
		<onright condition="Window.IsVisible(favourites)">450</onright>>
		<onback condition="$EXP[ListView_IsVisible] + !$EXP[InfoDialog_IsVisible]">50</onback>
		<onleft condition="$EXP[ListView_IsVisible] + !$EXP[InfoDialog_IsVisible]">50</onleft>
		<onright condition="$EXP[ListView_IsVisible] + Integer.IsLessOrEqual(Container.NumItems,11) + !$EXP[InfoDialog_IsVisible]">SetFocus(3000,0)</onright>
		<onright condition="$EXP[ListView_IsVisible] + Integer.IsGreater(Container.NumItems,12) + !$EXP[InfoDialog_IsVisible]">60</onright>
		<onback condition="$EXP[BillboardView_IsVisible] + !$EXP[InfoDialog_IsVisible]">501</onback>
		<onup condition="$EXP[BillboardView_IsVisible] + !$EXP[InfoDialog_IsVisible]">SetFocus(3000,0)</onup>
		<ondown condition="$EXP[BillboardView_IsVisible] + !$EXP[InfoDialog_IsVisible]">501</ondown>
		<onback condition="$EXP[ShowcaseView_IsVisible] + !$EXP[InfoDialog_IsVisible]">502</onback>
		<onup condition="$EXP[ShowcaseView_IsVisible] + !$EXP[InfoDialog_IsVisible]">SetFocus(3000,0)</onup>
		<ondown condition="$EXP[ShowcaseView_IsVisible] + !$EXP[InfoDialog_IsVisible]">502</ondown>
		<onback condition="$EXP[StripView_IsVisible] + !$EXP[InfoDialog_IsVisible]">504</onback>
		<onup condition="$EXP[StripView_IsVisible] + !$EXP[InfoDialog_IsVisible]">SetFocus(3000,0)</onup>
		<ondown condition="$EXP[StripView_IsVisible] + !$EXP[InfoDialog_IsVisible]">504</ondown>
		<onback condition="$EXP[GridView_IsVisible] + !$EXP[InfoDialog_IsVisible]">505</onback>
		<onleft condition="$EXP[GridView_IsVisible] + !$EXP[InfoDialog_IsVisible]">505</onleft>
		<onright condition="$EXP[GridView_Display_IsFanart] + Integer.IsGreater(Container.NumItems,3) + !$EXP[InfoDialog_IsVisible]">60</onright>
		<onright condition="$EXP[GridView_Display_IsPosters] + Integer.IsGreater(Container.NumItems,5) + !$EXP[InfoDialog_IsVisible]">60</onright>
		<onright condition="$EXP[GridView_Display_IsSquare] + Integer.IsGreater(Container.NumItems,10) + !$EXP[InfoDialog_IsVisible]">60</onright>
		<onright condition="$EXP[GridView_Display_IsFanart] + Integer.IsLessorEqual(Container.NumItems,3) + !$EXP[InfoDialog_IsVisible]">SetFocus(3000,0)</onright>
		<onright condition="$EXP[GridView_Display_IsPosters] + Integer.IsLessorEqual(Container.NumItems,5) + !$EXP[InfoDialog_IsVisible]">SetFocus(3000,0)</onright>
		<onright condition="$EXP[GridView_Display_IsSquare] + Integer.IsLessorEqual(Container.NumItems,10) + !$EXP[InfoDialog_IsVisible]">SetFocus(3000,0)</onright>
	</include>

	<include name="Widget_Reset">
		<onfocus condition="!String.IsEqual(Container(9010).CurrentItem,1)">Control.Move(9010,$INFO[Container(9010).CurrentItem,-])</onfocus>
		<onfocus condition="!String.IsEqual(Container(9010).CurrentItem,1)">Control.Move(9010,1)</onfocus>
		<onfocus condition="!String.IsEqual(Container(9020).CurrentItem,1)">Control.Move(9020,$INFO[Container(9020).CurrentItem,-])</onfocus>
		<onfocus condition="!String.IsEqual(Container(9020).CurrentItem,1)">Control.Move(9020,1)</onfocus>
		<onfocus condition="!String.IsEqual(Container(9030).CurrentItem,1)">Control.Move(9030,$INFO[Container(9030).CurrentItem,-])</onfocus>
		<onfocus condition="!String.IsEqual(Container(9030).CurrentItem,1)">Control.Move(9030,1)</onfocus>
		<onfocus condition="!String.IsEqual(Container(9040).CurrentItem,1)">Control.Move(9040,$INFO[Container(9040).CurrentItem,-])</onfocus>
		<onfocus condition="!String.IsEqual(Container(9040).CurrentItem,1)">Control.Move(9040,1)</onfocus>
		<onfocus condition="!String.IsEqual(Container(9050).CurrentItem,1)">Control.Move(9050,$INFO[Container(9050).CurrentItem,-])</onfocus>
		<onfocus condition="!String.IsEqual(Container(9050).CurrentItem,1)">Control.Move(9050,1)</onfocus>
		<onfocus condition="!String.IsEqual(Container(9060).CurrentItem,1)">Control.Move(9060,$INFO[Container(9060).CurrentItem,-])</onfocus>
		<onfocus condition="!String.IsEqual(Container(9060).CurrentItem,1)">Control.Move(9060,1)</onfocus>
		<onfocus condition="!String.IsEqual(Container(9070).CurrentItem,1)">Control.Move(9070,$INFO[Container(9070).CurrentItem,-])</onfocus>
		<onfocus condition="!String.IsEqual(Container(9070).CurrentItem,1)">Control.Move(9070,1)</onfocus>
		<onfocus condition="!String.IsEqual(Container(9080).CurrentItem,1)">Control.Move(9080,$INFO[Container(9080).CurrentItem,-])</onfocus>
		<onfocus condition="!String.IsEqual(Container(9080).CurrentItem,1)">Control.Move(9080,1)</onfocus>
		<onfocus condition="!String.IsEqual(Container(9090).CurrentItem,1)">Control.Move(9090,$INFO[Container(9090).CurrentItem,-])</onfocus>
		<onfocus condition="!String.IsEqual(Container(9090).CurrentItem,1)">Control.Move(9090,1)</onfocus>
	</include>

	<include name="InfoWidget_Reset">
		<onfocus condition="Integer.IsGreater(Container(50).CurrentItem,1)">Control.Move(50,$INFO[Container(50).CurrentItem,-])</onfocus>
		<onfocus condition="Integer.IsGreater(Container(50).CurrentItem,1)">Control.Move(50,1)</onfocus>
		<onfocus condition="Integer.IsGreater(Container(8010).CurrentItem,1)">Control.Move(8010,$INFO[Container(8010).CurrentItem,-])</onfocus>
		<onfocus condition="Integer.IsGreater(Container(8010).CurrentItem,1)">Control.Move(8010,1)</onfocus>
		<onfocus condition="Integer.IsGreater(Container(8020).CurrentItem,1)">Control.Move(8020,$INFO[Container(8020).CurrentItem,-])</onfocus>
		<onfocus condition="Integer.IsGreater(Container(8020).CurrentItem,1)">Control.Move(8020,1)</onfocus>
		<onfocus condition="Integer.IsGreater(Container(8030).CurrentItem,1)">Control.Move(8030,$INFO[Container(8030).CurrentItem,-])</onfocus>
		<onfocus condition="Integer.IsGreater(Container(8030).CurrentItem,1)">Control.Move(8030,1)</onfocus>
		<onfocus condition="Integer.IsGreater(Container(8040).CurrentItem,1)">Control.Move(8040,$INFO[Container(8040).CurrentItem,-])</onfocus>
		<onfocus condition="Integer.IsGreater(Container(8040).CurrentItem,1)">Control.Move(8040,1)</onfocus>
		<onfocus condition="Integer.IsGreater(Container(8050).CurrentItem,1)">Control.Move(8050,$INFO[Container(8050).CurrentItem,-])</onfocus>
		<onfocus condition="Integer.IsGreater(Container(8050).CurrentItem,1)">Control.Move(8050,1)</onfocus>
		<onfocus condition="Integer.IsGreater(Container(8060).CurrentItem,1)">Control.Move(8060,$INFO[Container(8060).CurrentItem,-])</onfocus>
		<onfocus condition="Integer.IsGreater(Container(8060).CurrentItem,1)">Control.Move(8060,1)</onfocus>
		<onfocus condition="Integer.IsGreater(Container(8070).CurrentItem,1)">Control.Move(8070,$INFO[Container(8070).CurrentItem,-])</onfocus>
		<onfocus condition="Integer.IsGreater(Container(8070).CurrentItem,1)">Control.Move(8070,1)</onfocus>
		<onfocus condition="Integer.IsGreater(Container(8080).CurrentItem,1)">Control.Move(8080,$INFO[Container(8080).CurrentItem,-])</onfocus>
		<onfocus condition="Integer.IsGreater(Container(8080).CurrentItem,1)">Control.Move(8080,1)</onfocus>
		<onfocus condition="Integer.IsGreater(Container(8090).CurrentItem,1)">Control.Move(8090,$INFO[Container(8090).CurrentItem,-])</onfocus>
		<onfocus condition="Integer.IsGreater(Container(8090).CurrentItem,1)">Control.Move(8090,1)</onfocus>
	</include>

	<include name="Widget_Navigation">
		<onback>SetFocus(9000)</onback>
		<onleft>0</onleft>
		<onright>0</onright>

		<onup condition="Control.HasFocus(9090) + Control.IsVisible(9080)">9080</onup>
		<onup condition="Control.HasFocus(9090) + !Control.IsVisible(9080) + Control.IsVisible(9070)">9070</onup>
		<onup condition="Control.HasFocus(9090) + !Control.IsVisible(9080) + !Control.IsVisible(9070) + Control.IsVisible(9060)">9060</onup>
		<onup condition="Control.HasFocus(9090) + !Control.IsVisible(9080) + !Control.IsVisible(9070) + !Control.IsVisible(9060) + Control.IsVisible(9050)">9050</onup>
		<onup condition="Control.HasFocus(9090) + !Control.IsVisible(9080) + !Control.IsVisible(9070) + !Control.IsVisible(9060) + !Control.IsVisible(9050) + Control.IsVisible(9040)">9040</onup>
		<onup condition="Control.HasFocus(9090) + !Control.IsVisible(9080) + !Control.IsVisible(9070) + !Control.IsVisible(9060) + !Control.IsVisible(9050) + !Control.IsVisible(9040) + Control.IsVisible(9030)">9030</onup>
		<onup condition="Control.HasFocus(9090) + !Control.IsVisible(9080) + !Control.IsVisible(9070) + !Control.IsVisible(9060) + !Control.IsVisible(9050) + !Control.IsVisible(9040) + !Control.IsVisible(9030) + Control.IsVisible(9020)">9020</onup>
		<onup condition="Control.HasFocus(9090) + !Control.IsVisible(9080) + !Control.IsVisible(9070) + !Control.IsVisible(9060) + !Control.IsVisible(9050) + !Control.IsVisible(9040) + !Control.IsVisible(9030) + !Control.IsVisible(9020) + Control.IsVisible(9010)">9010</onup>
		<onup condition="Control.HasFocus(9090) + !Control.IsVisible(9080) + !Control.IsVisible(9070) + !Control.IsVisible(9060) + !Control.IsVisible(9050) + !Control.IsVisible(9040) + !Control.IsVisible(9030) + !Control.IsVisible(9020) + !Control.IsVisible(9010)">SetFocus(9000)</onup>
		<onup condition="Control.HasFocus(9080) + Control.IsVisible(9070)">9070</onup>
		<onup condition="Control.HasFocus(9080) + !Control.IsVisible(9070) + Control.IsVisible(9060)">9060</onup>
		<onup condition="Control.HasFocus(9080) + !Control.IsVisible(9070) + !Control.IsVisible(9060) + Control.IsVisible(9050)">9050</onup>
		<onup condition="Control.HasFocus(9080) + !Control.IsVisible(9070) + !Control.IsVisible(9060) + !Control.IsVisible(9050) + Control.IsVisible(9040)">9040</onup>
		<onup condition="Control.HasFocus(9080) + !Control.IsVisible(9070) + !Control.IsVisible(9060) + !Control.IsVisible(9050) + !Control.IsVisible(9040) + Control.IsVisible(9030)">9030</onup>
		<onup condition="Control.HasFocus(9080) + !Control.IsVisible(9070) + !Control.IsVisible(9060) + !Control.IsVisible(9050) + !Control.IsVisible(9040) + !Control.IsVisible(9030) + Control.IsVisible(9020)">9020</onup>
		<onup condition="Control.HasFocus(9080) + !Control.IsVisible(9070) + !Control.IsVisible(9060) + !Control.IsVisible(9050) + !Control.IsVisible(9040) + !Control.IsVisible(9030) + !Control.IsVisible(9020) + Control.IsVisible(9010)">9010</onup>
		<onup condition="Control.HasFocus(9080) + !Control.IsVisible(9070) + !Control.IsVisible(9060) + !Control.IsVisible(9050) + !Control.IsVisible(9040) + !Control.IsVisible(9030) + !Control.IsVisible(9020) + !Control.IsVisible(9010)">SetFocus(9000)</onup>
		<onup condition="Control.HasFocus(9070) + Control.IsVisible(9060)">9060</onup>
		<onup condition="Control.HasFocus(9060) + !Control.IsVisible(9060) + Control.IsVisible(9050)">9050</onup>
		<onup condition="Control.HasFocus(9070) + !Control.IsVisible(9060) + !Control.IsVisible(9050) + Control.IsVisible(9040)">9040</onup>
		<onup condition="Control.HasFocus(9070) + !Control.IsVisible(9060) + !Control.IsVisible(9050) + !Control.IsVisible(9040) + Control.IsVisible(9030)">9030</onup>
		<onup condition="Control.HasFocus(9070) + !Control.IsVisible(9060) + !Control.IsVisible(9050) + !Control.IsVisible(9040) + !Control.IsVisible(9030) + Control.IsVisible(9020)">9020</onup>
		<onup condition="Control.HasFocus(9070) + !Control.IsVisible(9060) + !Control.IsVisible(9050) + !Control.IsVisible(9040) + !Control.IsVisible(9030) + !Control.IsVisible(9020) + Control.IsVisible(9010)">9010</onup>
		<onup condition="Control.HasFocus(9070) + !Control.IsVisible(9060) + !Control.IsVisible(9050) + !Control.IsVisible(9040) + !Control.IsVisible(9030) + !Control.IsVisible(9020) + !Control.IsVisible(9010)">SetFocus(9000)</onup>
		<onup condition="Control.HasFocus(9060) + Control.IsVisible(9050)">9050</onup>
		<onup condition="Control.HasFocus(9060) + !Control.IsVisible(9050) + Control.IsVisible(9040)">9040</onup>
		<onup condition="Control.HasFocus(9060) + !Control.IsVisible(9050) + !Control.IsVisible(9040) + Control.IsVisible(9030)">9030</onup>
		<onup condition="Control.HasFocus(9060) + !Control.IsVisible(9050) + !Control.IsVisible(9040) + !Control.IsVisible(9030) + Control.IsVisible(9020)">9020</onup>
		<onup condition="Control.HasFocus(9060) + !Control.IsVisible(9050) + !Control.IsVisible(9040) + !Control.IsVisible(9030) + !Control.IsVisible(9020) + Control.IsVisible(9010)">9010</onup>
		<onup condition="Control.HasFocus(9060) + !Control.IsVisible(9050) + !Control.IsVisible(9040) + !Control.IsVisible(9030) + !Control.IsVisible(9020) + !Control.IsVisible(9010)">SetFocus(9000)</onup>
		<onup condition="Control.HasFocus(9050) + Control.IsVisible(9040)">9040</onup>
		<onup condition="Control.HasFocus(9050) + !Control.IsVisible(9040) + Control.IsVisible(9030)">9030</onup>
		<onup condition="Control.HasFocus(9050) + !Control.IsVisible(9040) + !Control.IsVisible(9030) + Control.IsVisible(9020)">9020</onup>
		<onup condition="Control.HasFocus(9050) + !Control.IsVisible(9040) + !Control.IsVisible(9030) + !Control.IsVisible(9020) + Control.IsVisible(9010)">9010</onup>
		<onup condition="Control.HasFocus(9050) + !Control.IsVisible(9040) + !Control.IsVisible(9030) + !Control.IsVisible(9020) + !Control.IsVisible(9010)">SetFocus(9000)</onup>
		<onup condition="Control.HasFocus(9040) + Control.IsVisible(9030)">9030</onup>
		<onup condition="Control.HasFocus(9040) + !Control.IsVisible(9030) + Control.IsVisible(9020)">9020</onup>
		<onup condition="Control.HasFocus(9040) + !Control.IsVisible(9030) + !Control.IsVisible(9020) + Control.IsVisible(9010)">9010</onup>
		<onup condition="Control.HasFocus(9040) + !Control.IsVisible(9030) + !Control.IsVisible(9020) + !Control.IsVisible(9010)">SetFocus(9000)</onup>
		<onup condition="Control.HasFocus(9030) + Control.IsVisible(9020)">9020</onup>
		<onup condition="Control.HasFocus(9030) + !Control.IsVisible(9020) + Control.IsVisible(9010)">9010</onup>
		<onup condition="Control.HasFocus(9030) + !Control.IsVisible(9020) + !Control.IsVisible(9010)">SetFocus(9000)</onup>
		<onup condition="Control.HasFocus(9020) + Control.IsVisible(9010)">9010</onup>
		<onup condition="Control.HasFocus(9020) + !Control.IsVisible(9010)">SetFocus(9000)</onup>
		<onup condition="Control.HasFocus(9010)">SetFocus(9000)</onup>

		<ondown condition="Control.HasFocus(9010) + Control.IsVisible(9020)">9020</ondown>
		<ondown condition="Control.HasFocus(9010) + !Control.IsVisible(9020) + Control.IsVisible(9030)">9030</ondown>
		<ondown condition="Control.HasFocus(9010) + !Control.IsVisible(9020) + !Control.IsVisible(9030) + Control.IsVisible(9040)">9040</ondown>
		<ondown condition="Control.HasFocus(9010) + !Control.IsVisible(9020) + !Control.IsVisible(9030) + !Control.IsVisible(9040) + Control.IsVisible(9050)">9050</ondown>
		<ondown condition="Control.HasFocus(9010) + !Control.IsVisible(9020) + !Control.IsVisible(9030) + !Control.IsVisible(9040) + !Control.IsVisible(9050) + Control.IsVisible(9060)">9060</ondown>
		<ondown condition="Control.HasFocus(9010) + !Control.IsVisible(9020) + !Control.IsVisible(9030) + !Control.IsVisible(9040) + !Control.IsVisible(9050) + !Control.IsVisible(9060) + Control.IsVisible(9070)">9070</ondown>
		<ondown condition="Control.HasFocus(9010) + !Control.IsVisible(9020) + !Control.IsVisible(9030) + !Control.IsVisible(9040) + !Control.IsVisible(9050) + !Control.IsVisible(9060) + !Control.IsVisible(9070) + Control.IsVisible(9080)">9080</ondown>
		<ondown condition="Control.HasFocus(9010) + !Control.IsVisible(9020) + !Control.IsVisible(9030) + !Control.IsVisible(9040) + !Control.IsVisible(9050) + !Control.IsVisible(9060) + !Control.IsVisible(9070) + !Control.IsVisible(9080) + Control.IsVisible(9090)">9090</ondown>
		<ondown condition="Control.HasFocus(9010) + !Control.IsVisible(9020) + !Control.IsVisible(9030) + !Control.IsVisible(9040) + !Control.IsVisible(9050) + !Control.IsVisible(9060) + !Control.IsVisible(9070) + !Control.IsVisible(9080) + !Control.IsVisible(9090)">SetFocus(9000)</ondown>
		<ondown condition="Control.HasFocus(9020) + Control.IsVisible(9030)">9030</ondown>
		<ondown condition="Control.HasFocus(9020) + !Control.IsVisible(9030) + Control.IsVisible(9040)">9040</ondown>
		<ondown condition="Control.HasFocus(9020) + !Control.IsVisible(9030) + !Control.IsVisible(9040) + Control.IsVisible(90550)">9050</ondown>
		<ondown condition="Control.HasFocus(9020) + !Control.IsVisible(9030) + !Control.IsVisible(9040) + !Control.IsVisible(9050) + Control.IsVisible(9060)">9060</ondown>
		<ondown condition="Control.HasFocus(9020) + !Control.IsVisible(9030) + !Control.IsVisible(9040) + !Control.IsVisible(9050) + !Control.IsVisible(9060) + Control.IsVisible(9070)">9070</ondown>
		<ondown condition="Control.HasFocus(9020) + !Control.IsVisible(9030) + !Control.IsVisible(9040) + !Control.IsVisible(9050) + !Control.IsVisible(9060) + !Control.IsVisible(9070) + Control.IsVisible(9080)">9080</ondown>
		<ondown condition="Control.HasFocus(9020) + !Control.IsVisible(9030) + !Control.IsVisible(9040) + !Control.IsVisible(9050) + !Control.IsVisible(9060) + !Control.IsVisible(9070) + !Control.IsVisible(9080) + Control.IsVisible(9090)">9090</ondown>
		<ondown condition="Control.HasFocus(9020) + !Control.IsVisible(9030) + !Control.IsVisible(9040) + !Control.IsVisible(9050) + !Control.IsVisible(9060) + !Control.IsVisible(9070) + !Control.IsVisible(9080) + !Control.IsVisible(9090)">SetFocus(9000)</ondown>
		<ondown condition="Control.HasFocus(9030) + Control.IsVisible(9040)">9040</ondown>
		<ondown condition="Control.HasFocus(9030) + !Control.IsVisible(9040) + Control.IsVisible(9050)">9050</ondown>
		<ondown condition="Control.HasFocus(9030) + !Control.IsVisible(9040) + !Control.IsVisible(9050) + Control.IsVisible(9060)">9060</ondown>
		<ondown condition="Control.HasFocus(9030) + !Control.IsVisible(9040) + !Control.IsVisible(9050) + !Control.IsVisible(9060) + Control.IsVisible(9070)">9070</ondown>
		<ondown condition="Control.HasFocus(9030) + !Control.IsVisible(9040) + !Control.IsVisible(9050) + !Control.IsVisible(9060) + !Control.IsVisible(9070) + Control.IsVisible(9080)">9080</ondown>
		<ondown condition="Control.HasFocus(9030) + !Control.IsVisible(9040) + !Control.IsVisible(9050) + !Control.IsVisible(9060) + !Control.IsVisible(9070) + !Control.IsVisible(9080) + Control.IsVisible(9090)">9090</ondown>
		<ondown condition="Control.HasFocus(9030) + !Control.IsVisible(9040) + !Control.IsVisible(9050) + !Control.IsVisible(9060) + !Control.IsVisible(9070) + !Control.IsVisible(9080) + !Control.IsVisible(9090)">SetFocus(9000)</ondown>
		<ondown condition="Control.HasFocus(9040) + Control.IsVisible(9050)">9050</ondown>
		<ondown condition="Control.HasFocus(9040) + !Control.IsVisible(9050) + Control.IsVisible(9060)">9060</ondown>
		<ondown condition="Control.HasFocus(9040) + !Control.IsVisible(9050) + !Control.IsVisible(9060) + Control.IsVisible(9070)">9070</ondown>
		<ondown condition="Control.HasFocus(9040) + !Control.IsVisible(9050) + !Control.IsVisible(9060) + !Control.IsVisible(9070) + Control.IsVisible(9080)">9080</ondown>
		<ondown condition="Control.HasFocus(9040) + !Control.IsVisible(9050) + !Control.IsVisible(9060) + !Control.IsVisible(9070) + !Control.IsVisible(9080) + Control.IsVisible(9090)">9090</ondown>
		<ondown condition="Control.HasFocus(9040) + !Control.IsVisible(9050) + !Control.IsVisible(9060) + !Control.IsVisible(9070) + !Control.IsVisible(9080) + !Control.IsVisible(9090)">SetFocus(9000)</ondown>
		<ondown condition="Control.HasFocus(9050) + Control.IsVisible(9060)">9060</ondown>
		<ondown condition="Control.HasFocus(9050) + !Control.IsVisible(9060) + Control.IsVisible(9070)">9070</ondown>
		<ondown condition="Control.HasFocus(9050) + !Control.IsVisible(9060) + !Control.IsVisible(9070) + Control.IsVisible(9080)">9080</ondown>
		<ondown condition="Control.HasFocus(9050) + !Control.IsVisible(9060) + !Control.IsVisible(9070) + !Control.IsVisible(9080) + Control.IsVisible(9090)">9090</ondown>
		<ondown condition="Control.HasFocus(9050) + !Control.IsVisible(9060) + !Control.IsVisible(9070) + !Control.IsVisible(9080) + !Control.IsVisible(9090)">SetFocus(9000)</ondown>
		<ondown condition="Control.HasFocus(9060) + Control.IsVisible(9070)">9070</ondown>
		<ondown condition="Control.HasFocus(9060) + !Control.IsVisible(9070) + Control.IsVisible(9080)">9080</ondown>
		<ondown condition="Control.HasFocus(9060) + !Control.IsVisible(9070) + !Control.IsVisible(9080) + Control.IsVisible(9090)">9090</ondown>
		<ondown condition="Control.HasFocus(9060) + !Control.IsVisible(9070) + !Control.IsVisible(9080) + !Control.IsVisible(9090)">SetFocus(9000)</ondown>
		<ondown condition="Control.HasFocus(9070) + Control.IsVisible(9080)">9080</ondown>
		<ondown condition="Control.HasFocus(9070) + !Control.IsVisible(9080) + Control.IsVisible(9090)">9090</ondown>
		<ondown condition="Control.HasFocus(9070) + !Control.IsVisible(9080) + !Control.IsVisible(9090)">SetFocus(9000)</ondown>
		<ondown condition="Control.HasFocus(9080) + Control.IsVisible(9090)">9090</ondown>
		<ondown condition="Control.HasFocus(9080) + !Control.IsVisible(9090)">SetFocus(9000)</ondown>
		<ondown condition="Control.HasFocus(9090)">SetFocus(9000)</ondown>
	</include>

	<include name="MovieInfo_Dialog_Menu_Navigation">
		<onback>SetFocus(65005)</onback>
		<ondown condition="Control.IsVisible(8010)">8010</ondown>
		<ondown condition="!Control.IsVisible(8010) + Control.IsVisible(8020)">8020</ondown>
		<ondown condition="!Control.IsVisible(8010) + !Control.IsVisible(8020) + Control.IsVisible(50)">50</ondown>
		<ondown condition="!Control.IsVisible(8010) + !Control.IsVisible(8020) + !Control.IsVisible(50) + [Control.IsVisible(8030) + Integer.IsGreater(Container(8030).NumItems,1)]">8030</ondown>
		<ondown condition="!Control.IsVisible(8010) + !Control.IsVisible(8020) + !Control.IsVisible(50) + ![Control.IsVisible(8030) + Integer.IsGreater(Container(8030).NumItems,1)] + Control.IsVisible(8040)">8040</ondown>
		<ondown condition="!Control.IsVisible(8010) + !Control.IsVisible(8020) + !Control.IsVisible(50) + ![Control.IsVisible(8030) + Integer.IsGreater(Container(8030).NumItems,1)] + !Control.IsVisible(8040) + Control.IsVisible(8050)">8050</ondown>
		<ondown condition="!Control.IsVisible(8010) + !Control.IsVisible(8020) + !Control.IsVisible(50) + ![Control.IsVisible(8030) + Integer.IsGreater(Container(8030).NumItems,1)] + !Control.IsVisible(8040) + !Control.IsVisible(8050) + Control.IsVisible(8060)">8060</ondown>
		<ondown condition="!Control.IsVisible(8010) + !Control.IsVisible(8020) + !Control.IsVisible(50) + ![Control.IsVisible(8030) + Integer.IsGreater(Container(8030).NumItems,1)] + !Control.IsVisible(8040) + !Control.IsVisible(8050) + !Control.IsVisible(8060) + Control.IsVisible(8070)">8070</ondown>
		<onup condition="Skin.HasSetting(Music_Player_Enabled) + Player.HasAudio">SetFocus(91100,1)</onup>
		<include content="InfoWidget_Reset"/>
	</include>

	<include name="MusicInfo_Dialog_Menu_Navigation">
		<include content="MovieInfo_Dialog_Menu_Navigation"/>
	</include>

	<include name="AddonInfo_Dialog_Menu_Navigation">
		<ondown condition="Control.IsVisible(50)">SetFocus(50)</ondown>
		<include content="InfoWidget_Reset"/>
	</include>


	

	<include name="Info_Widget_Navigation">
		<onback>SetFocus(65005)</onback>
		<onleft>0</onleft>
		<onright>0</onright>
		<ondown condition="Control.HasFocus(8010) + Control.IsVisible(8020)">8020</ondown>
		<ondown condition="Control.HasFocus(8010) + !Control.IsVisible(8020) + Control.IsVisible(50)">50</ondown>
		<ondown condition="Control.HasFocus(8010) + !Control.IsVisible(8020) + !Control.IsVisible(50) + [Control.IsVisible(8030) + Integer.IsGreater(Container(8030).NumItems,1)]">8030</ondown>
		<ondown condition="Control.HasFocus(8010) + !Control.IsVisible(8020) + !Control.IsVisible(50) + ![Control.IsVisible(8030) + Integer.IsGreater(Container(8030).NumItems,1)] + Control.IsVisible(8040)">8040</ondown>
		<ondown condition="Control.HasFocus(8010) + !Control.IsVisible(8020) + !Control.IsVisible(50) + ![Control.IsVisible(8030) + Integer.IsGreater(Container(8030).NumItems,1)] + !Control.IsVisible(8040) + Control.IsVisible(8050)">8050</ondown>
		<ondown condition="Control.HasFocus(8010) + !Control.IsVisible(8020) + !Control.IsVisible(50) + ![Control.IsVisible(8030) + Integer.IsGreater(Container(8030).NumItems,1)] + !Control.IsVisible(8040) + !Control.IsVisible(8050) + Control.IsVisible(8060)">8060</ondown>
		<ondown condition="Control.HasFocus(8010) + !Control.IsVisible(8020) + !Control.IsVisible(50) + ![Control.IsVisible(8030) + Integer.IsGreater(Container(8030).NumItems,1)] + !Control.IsVisible(8040) + !Control.IsVisible(8050) + !Control.IsVisible(8060) + Control.IsVisible(8070)">8070</ondown>
		<ondown condition="Control.HasFocus(8010) + !Control.IsVisible(8020) + !Control.IsVisible(50) + ![Control.IsVisible(8030) + Integer.IsGreater(Container(8030).NumItems,1)] + !Control.IsVisible(8040) + !Control.IsVisible(8050) + !Control.IsVisible(8060) + !Control.IsVisible(8070)">SetFocus(65000)</ondown>
		<ondown condition="Control.HasFocus(8020) + Control.IsVisible(50)">50</ondown>
		<ondown condition="Control.HasFocus(8020) + !Control.IsVisible(50) + [Control.IsVisible(8030) + Integer.IsGreater(Container(8030).NumItems,1)]">8030</ondown>
		<ondown condition="Control.HasFocus(8020) + !Control.IsVisible(50) + ![Control.IsVisible(8030) + Integer.IsGreater(Container(8030).NumItems,1)] + Control.IsVisible(8040)">8040</ondown>
		<ondown condition="Control.HasFocus(8020) + !Control.IsVisible(50) + ![Control.IsVisible(8030) + Integer.IsGreater(Container(8030).NumItems,1)] + !Control.IsVisible(8040) + Control.IsVisible(8050)">8050</ondown>
		<ondown condition="Control.HasFocus(8020) + !Control.IsVisible(50) + ![Control.IsVisible(8030) + Integer.IsGreater(Container(8030).NumItems,1)] + !Control.IsVisible(8040) + !Control.IsVisible(8050) + Control.IsVisible(8060)">8060</ondown>
		<ondown condition="Control.HasFocus(8020) + !Control.IsVisible(50) + ![Control.IsVisible(8030) + Integer.IsGreater(Container(8030).NumItems,1)] + !Control.IsVisible(8040) + !Control.IsVisible(8050) + !Control.IsVisible(8060) + Control.IsVisible(8070)">8070</ondown>
		<ondown condition="Control.HasFocus(8020) + !Control.IsVisible(50) + ![Control.IsVisible(8030) + Integer.IsGreater(Container(8030).NumItems,1)] + !Control.IsVisible(8040) + !Control.IsVisible(8050) + !Control.IsVisible(8060) + !Control.IsVisible(8070)">SetFocus(65000)</ondown>
		<ondown condition="Control.HasFocus(50) + [Control.IsVisible(8030) + Integer.IsGreater(Container(8030).NumItems,1)]">8030</ondown>
		<ondown condition="Control.HasFocus(50) + ![Control.IsVisible(8030) + Integer.IsGreater(Container(8030).NumItems,1)] + Control.IsVisible(8040)">8040</ondown>
		<ondown condition="Control.HasFocus(50) + ![Control.IsVisible(8030) + Integer.IsGreater(Container(8030).NumItems,1)] + !Control.IsVisible(8040) + Control.IsVisible(8050)">8050</ondown>
		<ondown condition="Control.HasFocus(50) + ![Control.IsVisible(8030) + Integer.IsGreater(Container(8030).NumItems,1)] + !Control.IsVisible(8040) + !Control.IsVisible(8050) + Control.IsVisible(8060)">8060</ondown>
		<ondown condition="Control.HasFocus(50) + ![Control.IsVisible(8030) + Integer.IsGreater(Container(8030).NumItems,1)] + !Control.IsVisible(8040) + !Control.IsVisible(8050) + !Control.IsVisible(8060) + Control.IsVisible(8070)">8070</ondown>
		<ondown condition="Control.HasFocus(50) + ![Control.IsVisible(8030) + Integer.IsGreater(Container(8030).NumItems,1)] + !Control.IsVisible(8040) + !Control.IsVisible(8050) + !Control.IsVisible(8060) + !Control.IsVisible(8070)">SetFocus(65000)</ondown>
		<ondown condition="Control.HasFocus(8030) + Control.IsVisible(8040)">8040</ondown>
		<ondown condition="Control.HasFocus(8030) + !Control.IsVisible(8040) + Control.IsVisible(8050)">8050</ondown>
		<ondown condition="Control.HasFocus(8030) + !Control.IsVisible(8040) + !Control.IsVisible(8050) + Control.IsVisible(8060)">8060</ondown>
		<ondown condition="Control.HasFocus(8030) + !Control.IsVisible(8040) + !Control.IsVisible(8050) + !Control.IsVisible(8060) + Control.IsVisible(8070)">8070</ondown>
		<ondown condition="Control.HasFocus(8030) + !Control.IsVisible(8040) + !Control.IsVisible(8050) + !Control.IsVisible(8060) + !Control.IsVisible(8070)">SetFocus(65000)</ondown>
		<ondown condition="Control.HasFocus(8040) + Control.IsVisible(8050)">8050</ondown>
		<ondown condition="Control.HasFocus(8040) + !Control.IsVisible(8050) + Control.IsVisible(8060)">8060</ondown>
		<ondown condition="Control.HasFocus(8040) + !Control.IsVisible(8050) + !Control.IsVisible(8060) + Control.IsVisible(8070)">8070</ondown>
		<ondown condition="Control.HasFocus(8040) + !Control.IsVisible(8050) + !Control.IsVisible(8060) + !Control.IsVisible(8070)">SetFocus(65000)</ondown>
		<ondown condition="Control.HasFocus(8050) + Control.IsVisible(8060)">8060</ondown>
		<ondown condition="Control.HasFocus(8050) + !Control.IsVisible(8060) + Control.IsVisible(8070)">8070</ondown>
		<ondown condition="Control.HasFocus(8050) + !Control.IsVisible(8060) + !Control.IsVisible(8070)">SetFocus(65000)</ondown>
		<ondown condition="Control.HasFocus(8060) + Control.IsVisible(8070)">8070</ondown>
		<ondown condition="Control.HasFocus(8060) + !Control.IsVisible(8070)">SetFocus(65000)</ondown>
		<ondown condition="Control.HasFocus(8070)">SetFocus(65000)</ondown>
		<onup condition="Control.HasFocus(8070) + Control.IsVisible(8060)">8060</onup>
		<onup condition="Control.HasFocus(8070) + !Control.IsVisible(8060) + Control.IsVisible(8050)">8050</onup>
		<onup condition="Control.HasFocus(8070) + !Control.IsVisible(8060) + !Control.IsVisible(8050) + Control.IsVisible(8040)">8040</onup>
		<onup condition="Control.HasFocus(8070) + !Control.IsVisible(8060) + !Control.IsVisible(8050) + !Control.IsVisible(8040) + [Control.IsVisible(8030) + Integer.IsGreater(Container(8030).NumItems,1)]">8030</onup>
		<onup condition="Control.HasFocus(8070) + !Control.IsVisible(8060) + !Control.IsVisible(8050) + !Control.IsVisible(8040) + ![Control.IsVisible(8030) + Integer.IsGreater(Container(8030).NumItems,1)] + Control.IsVisible(50)">50</onup>
		<onup condition="Control.HasFocus(8070) + !Control.IsVisible(8060) + !Control.IsVisible(8050) + !Control.IsVisible(8040) + ![Control.IsVisible(8030) + Integer.IsGreater(Container(8030).NumItems,1)] + !Control.IsVisible(50) + Control.IsVisible(8020)">8020</onup>
		<onup condition="Control.HasFocus(8070) + !Control.IsVisible(8060) + !Control.IsVisible(8050) + !Control.IsVisible(8040) + ![Control.IsVisible(8030) + Integer.IsGreater(Container(8030).NumItems,1)] + !Control.IsVisible(50) + !Control.IsVisible(8020) + Control.IsVisible(8010)">8010</onup>
		<onup condition="Control.HasFocus(8070) + !Control.IsVisible(8060) + !Control.IsVisible(8050) + !Control.IsVisible(8040) + ![Control.IsVisible(8030) + Integer.IsGreater(Container(8030).NumItems,1)] + !Control.IsVisible(50) + !Control.IsVisible(8020) + !Control.IsVisible(8010)">SetFocus(65000)</onup>
		<onup condition="Control.HasFocus(8060) + Control.IsVisible(8050)">8050</onup>
		<onup condition="Control.HasFocus(8060) + !Control.IsVisible(8050) + Control.IsVisible(8040)">8040</onup>
		<onup condition="Control.HasFocus(8060) + !Control.IsVisible(8050) + !Control.IsVisible(8040) + [Control.IsVisible(8030) + Integer.IsGreater(Container(8030).NumItems,1)]">8030</onup>
		<onup condition="Control.HasFocus(8060) + !Control.IsVisible(8050) + !Control.IsVisible(8040) + ![Control.IsVisible(8030) + Integer.IsGreater(Container(8030).NumItems,1)] + Control.IsVisible(50)">50</onup>
		<onup condition="Control.HasFocus(8060) + !Control.IsVisible(8050) + !Control.IsVisible(8040) + ![Control.IsVisible(8030) + Integer.IsGreater(Container(8030).NumItems,1)] + !Control.IsVisible(50) + Control.IsVisible(8020)">8020</onup>
		<onup condition="Control.HasFocus(8060) + !Control.IsVisible(8050) + !Control.IsVisible(8040) + ![Control.IsVisible(8030) + Integer.IsGreater(Container(8030).NumItems,1)] + !Control.IsVisible(50) + !Control.IsVisible(8020) + Control.IsVisible(8010)">8010</onup>
		<onup condition="Control.HasFocus(8060) + !Control.IsVisible(8050) + !Control.IsVisible(8040) + ![Control.IsVisible(8030) + Integer.IsGreater(Container(8030).NumItems,1)] + !Control.IsVisible(50) + !Control.IsVisible(8020) + !Control.IsVisible(8010)">SetFocus(65000)</onup>
		<onup condition="Control.HasFocus(8050) + Control.IsVisible(8040)">8040</onup>
		<onup condition="Control.HasFocus(8050) + !Control.IsVisible(8040) + [Control.IsVisible(8030) + Integer.IsGreater(Container(8030).NumItems,1)]">8030</onup>
		<onup condition="Control.HasFocus(8050) + !Control.IsVisible(8040) + ![Control.IsVisible(8030) + Integer.IsGreater(Container(8030).NumItems,1)] + Control.IsVisible(50)">50</onup>
		<onup condition="Control.HasFocus(8050) + !Control.IsVisible(8040) + ![Control.IsVisible(8030) + Integer.IsGreater(Container(8030).NumItems,1)] + !Control.IsVisible(50) + Control.IsVisible(8020)">8020</onup>
		<onup condition="Control.HasFocus(8050) + !Control.IsVisible(8040) + ![Control.IsVisible(8030) + Integer.IsGreater(Container(8030).NumItems,1)] + !Control.IsVisible(50) + !Control.IsVisible(8020) + Control.IsVisible(8010)">8010</onup>
		<onup condition="Control.HasFocus(8050) + !Control.IsVisible(8040) + ![Control.IsVisible(8030) + Integer.IsGreater(Container(8030).NumItems,1)] + !Control.IsVisible(50) + !Control.IsVisible(8020) + !Control.IsVisible(8010)">SetFocus(65000)</onup>
		<onup condition="Control.HasFocus(8040) + [Control.IsVisible(8030) + Integer.IsGreater(Container(8030).NumItems,1)]">8030</onup>
		<onup condition="Control.HasFocus(8040) + ![Control.IsVisible(8030) + Integer.IsGreater(Container(8030).NumItems,1)] + Control.IsVisible(50)">50</onup>
		<onup condition="Control.HasFocus(8040) + ![Control.IsVisible(8030) + Integer.IsGreater(Container(8030).NumItems,1)] + !Control.IsVisible(50) + Control.IsVisible(8020)">8020</onup>
		<onup condition="Control.HasFocus(8040) + ![Control.IsVisible(8030) + Integer.IsGreater(Container(8030).NumItems,1)] + !Control.IsVisible(50) + !Control.IsVisible(8020) + Control.IsVisible(8010)">8010</onup>
		<onup condition="Control.HasFocus(8040) + ![Control.IsVisible(8030) + Integer.IsGreater(Container(8030).NumItems,1)] + !Control.IsVisible(50) + !Control.IsVisible(8020) + !Control.IsVisible(8010)">SetFocus(65000)</onup>
		<onup condition="Control.HasFocus(8030) + Control.IsVisible(50)">50</onup>
		<onup condition="Control.HasFocus(8030) + !Control.IsVisible(50) + Control.IsVisible(8020)">8020</onup>
		<onup condition="Control.HasFocus(8030) + !Control.IsVisible(50) + !Control.IsVisible(8020) + Control.IsVisible(8010)">8010</onup>
		<onup condition="Control.HasFocus(8030) + !Control.IsVisible(50) + !Control.IsVisible(8020) + !Control.IsVisible(8010)">SetFocus(65000)</onup>
		<onup condition="Control.HasFocus(50) + Control.IsVisible(8020)">8020</onup>
		<onup condition="Control.HasFocus(50) + !Control.IsVisible(8020) + Control.IsVisible(8010)">8010</onup>
		<onup condition="Control.HasFocus(50) + !Control.IsVisible(8020) + !Control.IsVisible(8010)">SetFocus(65000)</onup>
		<onup condition="Control.HasFocus(8020) + Control.IsVisible(8010)">8010</onup>
		<onup condition="Control.HasFocus(8020) + !Control.IsVisible(8010)">SetFocus(65000)</onup>
		<onup condition="Control.HasFocus(8010)">SetFocus(65000)</onup>
	</include>

	<include name="Multiart_Reset_OnLoad">
		<onload condition="Skin.HasSetting(Multiart_Slideshow)">ClearProperty(Multiart_0,home)</onload>
		<onload condition="Skin.HasSetting(Multiart_Slideshow)">ClearProperty(Multiart_1,home)</onload>
		<onload condition="Skin.HasSetting(Multiart_Slideshow)">ClearProperty(Multiart_2,home)</onload>
		<onload condition="Skin.HasSetting(Multiart_Slideshow)">ClearProperty(Multiart_3,home)</onload>
		<onload condition="Skin.HasSetting(Multiart_Slideshow)">ClearProperty(Multiart_4,home)</onload>
		<onload condition="Skin.HasSetting(Multiart_Slideshow)">ClearProperty(Multiart_5,home)</onload>
		<onload condition="Skin.HasSetting(Multiart_Slideshow)">ClearProperty(Multiart_6,home)</onload>
		<onload condition="Skin.HasSetting(Multiart_Slideshow)">ClearProperty(Multiart_7,home)</onload>
		<onload condition="Skin.HasSetting(Multiart_Slideshow)">ClearProperty(Multiart_8,home)</onload>
		<onload condition="Skin.HasSetting(Multiart_Slideshow)">ClearProperty(Multiart_9,home)</onload>
		<onload condition="Skin.HasSetting(Multiart_Slideshow)">ClearProperty(Multiart_10,home)</onload>
		<onload condition="Skin.HasSetting(Multiart_Slideshow)">ClearProperty(Multiart_11,home)</onload>
		<onload condition="Skin.HasSetting(Multiart_Slideshow)">ClearProperty(Multiart_12,home)</onload>
		<onload condition="Skin.HasSetting(Multiart_Slideshow)">ClearProperty(Multiart_13,home)</onload>
		<onload condition="Skin.HasSetting(Multiart_Slideshow)">ClearProperty(Multiart_14,home)</onload>
		<onload condition="Skin.HasSetting(Multiart_Slideshow)">ClearProperty(Multiart_15,home)</onload>
	</include>

</includes>
