<includes>

	<include name="BillboardView_Menu_Options">
		<!-- BILLBOARDVIEW DETAILS -->
		<!-- MOVIES -->
		<item>
			<description>Details (Movies) / Title</description>
			<label>$LOCALIZE[31130] $LOCALIZE[32111] $LOCALIZE[31131]</label>
			<label2>$LOCALIZE[32109] $LOCALIZE[31116] $LOCALIZE[32111]</label2>
			<onclick>SetFocus(501)</onclick>
			<property name="ActionLeft">Skin.SetString(BillboardView_Details_Movies,All)</property>
			<property name="ActionRight">Skin.SetString(BillboardView_Details_Movies,TitleAndInfo)</property>
			<visible>Control.IsVisible(501) + Container.Content(movies) + Skin.String(BillboardView_Details_Movies,Title)</visible>
		</item>
		<item>
			<description>Details (Movies) / Title and Info</description>
			<label>$LOCALIZE[31130] $LOCALIZE[32150] $LOCALIZE[31131]</label>
			<label2>$LOCALIZE[32109] $LOCALIZE[31116] $LOCALIZE[32150]</label2>
			<onclick>SetFocus(501)</onclick>
			<property name="ActionLeft">Skin.SetString(BillboardView_Details_Movies,Title)</property>
			<property name="ActionRight">Skin.SetString(BillboardView_Details_Movies,TitleAndPlot)</property>
			<visible>Control.IsVisible(501) + Container.Content(movies) + Skin.String(BillboardView_Details_Movies,TitleAndInfo)</visible>
		</item>
		<item>
			<description>Details (Movies) / Title and Plot</description>
			<label>$LOCALIZE[31130] $LOCALIZE[32151] $LOCALIZE[31131]</label>
			<label2>$LOCALIZE[32109] $LOCALIZE[31116] $LOCALIZE[32151]</label2>
			<onclick>SetFocus(501)</onclick>
			<property name="ActionLeft">Skin.SetString(BillboardView_Details_Movies,TitleAndInfo)</property>
			<property name="ActionRight">Skin.SetString(BillboardView_Details_Movies,All)</property>
			<visible>Control.IsVisible(501) + Container.Content(movies) + Skin.String(BillboardView_Details_Movies,TitleAndPlot)</visible>
		</item>
		<item>
			<description>Details (Movies) / All</description>
			<label>$LOCALIZE[31130] $LOCALIZE[593] $LOCALIZE[31131]</label>
			<label2>$LOCALIZE[32109] $LOCALIZE[31116] $LOCALIZE[593]</label2>
			<onclick>SetFocus(501)</onclick>
			<property name="ActionLeft">Skin.SetString(BillboardView_Details_Movies,TitleAndPlot)</property>
			<property name="ActionRight">Skin.SetString(BillboardView_Details_Movies,Title)</property>
			<visible>Control.IsVisible(501) + Container.Content(movies) + [Skin.String(BillboardView_Details_Movies,All) | String.IsEmpty(Skin.String(BillboardView_Details_Movies))]</visible>
		</item>

		<!-- SETS -->
		<item>
			<description>Details (Sets) / Title</description>
			<label>$LOCALIZE[31130] $LOCALIZE[32111] $LOCALIZE[31131]</label>
			<label2>$LOCALIZE[32109] $LOCALIZE[31116] $LOCALIZE[32111]</label2>
			<onclick>SetFocus(501)</onclick>
			<property name="ActionLeft">Skin.SetString(BillboardView_Details_Sets,All)</property>
			<property name="ActionRight">Skin.SetString(BillboardView_Details_Sets,TitleAndInfo)</property>
			<visible>Control.IsVisible(501) + Container.Content(sets) + Skin.String(BillboardView_Details_Sets,Title)</visible>
		</item>
		<item>
			<description>Details (Sets) / Title and Info</description>
			<label>$LOCALIZE[31130] $LOCALIZE[32150] $LOCALIZE[31131]</label>
			<label2>$LOCALIZE[32109] $LOCALIZE[31116] $LOCALIZE[32150]</label2>
			<onclick>SetFocus(501)</onclick>
			<property name="ActionLeft">Skin.SetString(BillboardView_Details_Sets,Title)</property>
			<property name="ActionRight">Skin.SetString(BillboardView_Details_Sets,TitleAndPlot)</property>
			<visible>Control.IsVisible(501) + Container.Content(sets) + Skin.String(BillboardView_Details_Sets,TitleAndInfo)</visible>
		</item>
		<item>
			<description>Details (Sets) / Title and Plot</description>
			<label>$LOCALIZE[31130] $LOCALIZE[32151] $LOCALIZE[31131]</label>
			<label2>$LOCALIZE[32109] $LOCALIZE[31116] $LOCALIZE[32151]</label2>
			<onclick>SetFocus(501)</onclick>
			<property name="ActionLeft">Skin.SetString(BillboardView_Details_Sets,TitleAndInfo)</property>
			<property name="ActionRight">Skin.SetString(BillboardView_Details_Sets,All)</property>
			<visible>Control.IsVisible(501) + Container.Content(sets) + Skin.String(BillboardView_Details_Sets,TitleAndPlot)</visible>
		</item>
		<item>
			<description>Details (Sets) / All</description>
			<label>$LOCALIZE[31130] $LOCALIZE[593] $LOCALIZE[31131]</label>
			<label2>$LOCALIZE[32109] $LOCALIZE[31116] $LOCALIZE[593]</label2>
			<onclick>SetFocus(501)</onclick>
			<property name="ActionLeft">Skin.SetString(BillboardView_Details_Sets,TitleAndPlot)</property>
			<property name="ActionRight">Skin.SetString(BillboardView_Details_Sets,Title)</property>
			<visible>Control.IsVisible(501) + Container.Content(sets) + [Skin.String(BillboardView_Details_Sets,All) | String.IsEmpty(Skin.String(BillboardView_Details_Sets))]</visible>
		</item>

		<!-- TVSHOWS -->
		<item>
			<description>Details (TV Shows) / Title</description>
			<label>$LOCALIZE[31130] $LOCALIZE[32111] $LOCALIZE[31131]</label>
			<label2>$LOCALIZE[32109] $LOCALIZE[31116] $LOCALIZE[32111]</label2>
			<onclick>SetFocus(501)</onclick>
			<property name="ActionLeft">Skin.SetString(BillboardView_Details_TVShows,All)</property>
			<property name="ActionRight">Skin.SetString(BillboardView_Details_TVShows,TitleAndInfo)</property>
			<visible>Control.IsVisible(501) + Container.Content(tvshows) + Skin.String(BillboardView_Details_TVShows,Title)</visible>
		</item>
		<item>
			<description>Details (TV Shows) / Title and Info</description>
			<label>$LOCALIZE[31130] $LOCALIZE[32150] $LOCALIZE[31131]</label>
			<label2>$LOCALIZE[32109] $LOCALIZE[31116] $LOCALIZE[32150]</label2>
			<onclick>SetFocus(501)</onclick>
			<property name="ActionLeft">Skin.SetString(BillboardView_Details_TVShows,Title)</property>
			<property name="ActionRight">Skin.SetString(BillboardView_Details_TVShows,TitleAndPlot)</property>
			<visible>Control.IsVisible(501) + Container.Content(tvshows) + Skin.String(BillboardView_Details_TVShows,TitleAndInfo)</visible>
		</item>
		<item>
			<description>Details (TV Shows) / Title and Plot</description>
			<label>$LOCALIZE[31130] $LOCALIZE[32151] $LOCALIZE[31131]</label>
			<label2>$LOCALIZE[32109] $LOCALIZE[31116] $LOCALIZE[32151]</label2>
			<onclick>SetFocus(501)</onclick>
			<property name="ActionLeft">Skin.SetString(BillboardView_Details_TVShows,TitleAndInfo)</property>
			<property name="ActionRight">Skin.SetString(BillboardView_Details_TVShows,All)</property>
			<visible>Control.IsVisible(501) + Container.Content(tvshows) + Skin.String(BillboardView_Details_TVShows,TitleAndPlot)</visible>
		</item>
		<item>
			<description>Details (TV Shows) / All</description>
			<label>$LOCALIZE[31130] $LOCALIZE[593] $LOCALIZE[31131]</label>
			<label2>$LOCALIZE[32109] $LOCALIZE[31116] $LOCALIZE[593]</label2>
			<onclick>SetFocus(501)</onclick>
			<property name="ActionLeft">Skin.SetString(BillboardView_Details_TVShows,TitleAndPlot)</property>
			<property name="ActionRight">Skin.SetString(BillboardView_Details_TVShows,Title)</property>
			<visible>Control.IsVisible(501) + Container.Content(tvshows) + [Skin.String(BillboardView_Details_TVShows,All) | String.IsEmpty(Skin.String(BillboardView_Details_TVShows))]</visible>
		</item>

		<!-- SEASONS -->
		<item>
			<description>Details (Seasons) / Title</description>
			<label>$LOCALIZE[31130] $LOCALIZE[32111] $LOCALIZE[31131]</label>
			<label2>$LOCALIZE[32109] $LOCALIZE[31116] $LOCALIZE[32111]</label2>
			<onclick>SetFocus(501)</onclick>
			<property name="ActionLeft">Skin.SetString(BillboardView_Details_Seasons,All)</property>
			<property name="ActionRight">Skin.SetString(BillboardView_Details_Seasons,TitleAndInfo)</property>
			<visible>Control.IsVisible(501) + Container.Content(seasons) + Skin.String(BillboardView_Details_Seasons,Title)</visible>
		</item>
		<item>
			<description>Details (Seasons) / Title and Info</description>
			<label>$LOCALIZE[31130] $LOCALIZE[32150] $LOCALIZE[31131]</label>
			<label2>$LOCALIZE[32109] $LOCALIZE[31116] $LOCALIZE[32150]</label2>
			<onclick>SetFocus(501)</onclick>
			<property name="ActionLeft">Skin.SetString(BillboardView_Details_Seasons,Title)</property>
			<property name="ActionRight">Skin.SetString(BillboardView_Details_Seasons,TitleAndPlot)</property>
			<visible>Control.IsVisible(501) + Container.Content(seasons) + [Skin.String(BillboardView_Details_Seasons,TitleAndInfo) | String.IsEmpty(Skin.String(BillboardView_Details_Seasons))]</visible>
		</item>
		<item>
			<description>Details (Seasons) / Title and Plot</description>
			<label>$LOCALIZE[31130] $LOCALIZE[32151] $LOCALIZE[31131]</label>
			<label2>$LOCALIZE[32109] $LOCALIZE[31116] $LOCALIZE[32151]</label2>
			<onclick>SetFocus(501)</onclick>
			<property name="ActionLeft">Skin.SetString(BillboardView_Details_Seasons,TitleAndInfo)</property>
			<property name="ActionRight">Skin.SetString(BillboardView_Details_Seasons,All)</property>
			<visible>Control.IsVisible(501) + Container.Content(seasons) + Skin.String(BillboardView_Details_Seasons,TitleAndPlot)</visible>
		</item>
		<item>
			<description>Details (Seasons) / All</description>
			<label>$LOCALIZE[31130] $LOCALIZE[593] $LOCALIZE[31131]</label>
			<label2>$LOCALIZE[32109] $LOCALIZE[31116] $LOCALIZE[593]</label2>
			<onclick>SetFocus(501)</onclick>
			<property name="ActionLeft">Skin.SetString(BillboardView_Details_Seasons,TitleAndPlot)</property>
			<property name="ActionRight">Skin.SetString(BillboardView_Details_Seasons,Title)</property>
			<visible>Control.IsVisible(501) + Container.Content(seasons) + Skin.String(BillboardView_Details_Seasons,All)</visible>
		</item>

		<!-- EPISODES -->
		<item>
			<description>Details (Episodes) / Title</description>
			<label>$LOCALIZE[31130] $LOCALIZE[32111] $LOCALIZE[31131]</label>
			<label2>$LOCALIZE[32109] $LOCALIZE[31116] $LOCALIZE[32111]</label2>
			<onclick>SetFocus(501)</onclick>
			<property name="ActionLeft">Skin.SetString(BillboardView_Details_Episodes,All)</property>
			<property name="ActionRight">Skin.SetString(BillboardView_Details_Episodes,TitleAndInfo)</property>
			<visible>Control.IsVisible(501) + Container.Content(episodes) + Skin.String(BillboardView_Details_Episodes,Title)</visible>
		</item>
		<item>
			<description>Details (Episodes) / Title and Info</description>
			<label>$LOCALIZE[31130] $LOCALIZE[32150] $LOCALIZE[31131]</label>
			<label2>$LOCALIZE[32109] $LOCALIZE[31116] $LOCALIZE[32150]</label2>
			<onclick>SetFocus(501)</onclick>
			<property name="ActionLeft">Skin.SetString(BillboardView_Details_Episodes,Title)</property>
			<property name="ActionRight">Skin.SetString(BillboardView_Details_Episodes,TitleAndPlot)</property>
			<visible>Control.IsVisible(501) + Container.Content(episodes) + Skin.String(BillboardView_Details_Episodes,TitleAndInfo)</visible>
		</item>
		<item>
			<description>Details (Episodes) / Title and Plot</description>
			<label>$LOCALIZE[31130] $LOCALIZE[32151] $LOCALIZE[31131]</label>
			<label2>$LOCALIZE[32109] $LOCALIZE[31116] $LOCALIZE[32151]</label2>
			<onclick>SetFocus(501)</onclick>
			<property name="ActionLeft">Skin.SetString(BillboardView_Details_Episodes,TitleAndInfo)</property>
			<property name="ActionRight">Skin.SetString(BillboardView_Details_Episodes,All)</property>
			<visible>Control.IsVisible(501) + Container.Content(episodes) + Skin.String(BillboardView_Details_Episodes,TitleAndPlot)</visible>
		</item>
		<item>
			<description>Details (Episodes) / All</description>
			<label>$LOCALIZE[31130] $LOCALIZE[593] $LOCALIZE[31131]</label>
			<label2>$LOCALIZE[32109] $LOCALIZE[31116] $LOCALIZE[593]</label2>
			<onclick>SetFocus(501)</onclick>
			<property name="ActionLeft">Skin.SetString(BillboardView_Details_Episodes,TitleAndPlot)</property>
			<property name="ActionRight">Skin.SetString(BillboardView_Details_Episodes,Title)</property>
			<visible>Control.IsVisible(501) + Container.Content(episodes) + [Skin.String(BillboardView_Details_Episodes,All) | String.IsEmpty(Skin.String(BillboardView_Details_Episodes))]</visible>
		</item>

		<!-- ARTISTS -->
		<item>
			<description>Details (Artists) / Title</description>
			<label>$LOCALIZE[31130] $LOCALIZE[32111] $LOCALIZE[31131]</label>
			<label2>$LOCALIZE[32109] $LOCALIZE[31116] $LOCALIZE[32111]</label2>
			<onclick>SetFocus(501)</onclick>
			<property name="ActionLeft">Skin.SetString(BillboardView_Details_Artists,All)</property>
			<property name="ActionRight">Skin.SetString(BillboardView_Details_Artists,TitleAndInfo)</property>
			<visible>Control.IsVisible(501) + Container.Content(artists) + [Skin.String(BillboardView_Details_Artists,Title) | String.IsEmpty(Skin.String(BillboardView_Details_Artists))]</visible>
		</item>
		<item>
			<description>Details (Artists) / Title and Info</description>
			<label>$LOCALIZE[31130] $LOCALIZE[32150] $LOCALIZE[31131]</label>
			<label2>$LOCALIZE[32109] $LOCALIZE[31116] $LOCALIZE[32150]</label2>
			<onclick>SetFocus(501)</onclick>
			<property name="ActionLeft">Skin.SetString(BillboardView_Details_Artists,Title)</property>
			<property name="ActionRight">Skin.SetString(BillboardView_Details_Artists,TitleAndPlot)</property>
			<visible>Control.IsVisible(501) + Container.Content(artists) + Skin.String(BillboardView_Details_Artists,TitleAndInfo)</visible>
		</item>
		<item>
			<description>Details (Artists) / Title and Plot</description>
			<label>$LOCALIZE[31130] $LOCALIZE[32152] $LOCALIZE[31131]</label>
			<label2>$LOCALIZE[32109] $LOCALIZE[31116] $LOCALIZE[32152]</label2>
			<onclick>SetFocus(501)</onclick>
			<property name="ActionLeft">Skin.SetString(BillboardView_Details_Artists,TitleAndInfo)</property>
			<property name="ActionRight">Skin.SetString(BillboardView_Details_Artists,All)</property>
			<visible>Control.IsVisible(501) + Container.Content(artists) + Skin.String(BillboardView_Details_Artists,TitleAndPlot)</visible>
		</item>
		<item>
			<description>Details (Artists) / All</description>
			<label>$LOCALIZE[31130] $LOCALIZE[593] $LOCALIZE[31131]</label>
			<label2>$LOCALIZE[32109] $LOCALIZE[31116] $LOCALIZE[593]</label2>
			<onclick>SetFocus(501)</onclick>
			<property name="ActionLeft">Skin.SetString(BillboardView_Details_Artists,TitleAndPlot)</property>
			<property name="ActionRight">Skin.SetString(BillboardView_Details_Artists,Title)</property>
			<visible>Control.IsVisible(501) + Container.Content(artists) + Skin.String(BillboardView_Details_Artists,All)</visible>
		</item>

		<!-- BILLBOARDVIEW LOGO -->

		<!-- MOVIES -->
		<item>
			<description>Movie logos / Off</description>
			<label>$LOCALIZE[31130] $LOCALIZE[591] $LOCALIZE[31131]</label>
			<label2>$LOCALIZE[32112] $LOCALIZE[31116] $LOCALIZE[591]</label2>
			<onclick>SetFocus(501)</onclick>
			<property name="ActionLeft">Skin.SetString(BillboardView_Logo_Movies,On)</property>
			<property name="ActionRight">Skin.SetString(BillboardView_Logo_Movies,On)</property>
			<visible>Control.IsVisible(501) + Container.Content(movies) + !Skin.String(BillboardView_Details_Movies,Off) + [Skin.String(BillboardView_Logo_Movies,Off) | String.IsEmpty(Skin.String(BillboardView_Logo_Movies))]</visible>
		</item>
		<item>
			<description>Movie logos / On</description>
			<label>$LOCALIZE[31130] $LOCALIZE[34222] $LOCALIZE[31131]</label>
			<label2>$LOCALIZE[32112] $LOCALIZE[31116] $LOCALIZE[34222]</label2>
			<onclick>SetFocus(501)</onclick>
			<property name="ActionLeft">Skin.SetString(BillboardView_Logo_Movies,Off)</property>
			<property name="ActionRight">Skin.SetString(BillboardView_Logo_Movies,Off)</property>
			<visible>Control.IsVisible(501) + Container.Content(movies) + !Skin.String(BillboardView_Details_Movies,Off) + Skin.String(BillboardView_Logo_Movies,On)</visible>
		</item>

		<!-- SETS -->
		<item>
			<description>Set logos/ Off</description>
			<label>$LOCALIZE[31130] $LOCALIZE[591] $LOCALIZE[31131]</label>
			<label2>Logos/ $LOCALIZE[591]</label2>
			<onclick>SetFocus(501)</onclick>
			<property name="ActionLeft">Skin.SetString(BillboardView_Logo_Sets,On)</property>
			<property name="ActionRight">Skin.SetString(BillboardView_Logo_Sets,On)</property>
			<visible>Control.IsVisible(501) + Container.Content(sets) + !Skin.String(BillboardView_Details_Sets,Off) + [Skin.String(BillboardView_Logo_Sets,Off) | String.IsEmpty(Skin.String(BillboardView_Logo_Sets))]</visible>
		</item>
		<item>
			<description>Set logos/ On</description>
			<label>$LOCALIZE[31130] $LOCALIZE[34222] $LOCALIZE[31131]</label>
			<label2>Logos/ $LOCALIZE[34222]</label2>
			<onclick>SetFocus(501)</onclick>
			<property name="ActionLeft">Skin.SetString(BillboardView_Logo_Sets,Off)</property>
			<property name="ActionRight">Skin.SetString(BillboardView_Logo_Sets,Off)</property>
			<visible>Control.IsVisible(501) + Container.Content(sets) + !Skin.String(BillboardView_Details_Sets,Off) + Skin.String(BillboardView_Logo_Sets,On)</visible>
		</item>

		<!-- TVSHOWS -->
		<item>
			<description>TV show logos/ Off</description>
			<label>$LOCALIZE[31130] $LOCALIZE[591] $LOCALIZE[31131]</label>
			<label2>Logos/ $LOCALIZE[591]</label2>
			<onclick>SetFocus(501)</onclick>
			<property name="ActionLeft">Skin.SetString(BillboardView_Logo_TVShows,On)</property>
			<property name="ActionRight">Skin.SetString(BillboardView_Logo_TVShows,On)</property>
			<visible>Control.IsVisible(501) + Container.Content(tvshows) + !Skin.String(BillboardView_Details_TVShows,Off) + [Skin.String(BillboardView_Logo_TVShows,Off) | String.IsEmpty(Skin.String(BillboardView_Logo_TVShows))]</visible>
		</item>
		<item>
			<description>TV show logos/ On</description>
			<label>$LOCALIZE[31130] $LOCALIZE[34222] $LOCALIZE[31131]</label>
			<label2>Logos/ $LOCALIZE[34222]</label2>
			<onclick>SetFocus(501)</onclick>
			<property name="ActionLeft">Skin.SetString(BillboardView_Logo_TVShows,Off)</property>
			<property name="ActionRight">Skin.SetString(BillboardView_Logo_TVShows,Off)</property>
			<visible>Control.IsVisible(501) + Container.Content(tvshows) + !Skin.String(BillboardView_Details_TVShows,Off) + Skin.String(BillboardView_Logo_TVShows,On)</visible>
		</item>

		<!-- ARTISTS -->
		<item>
			<description>Artist logos/ Off</description>
			<label>$LOCALIZE[31130] $LOCALIZE[591] $LOCALIZE[31131]</label>
			<label2>Logos/ $LOCALIZE[591]</label2>
			<onclick>SetFocus(501)</onclick>
			<property name="ActionLeft">Skin.SetString(BillboardView_Logo_Artists,On)</property>
			<property name="ActionRight">Skin.SetString(BillboardView_Logo_Artists,On)</property>
			<visible>Control.IsVisible(501) + Container.Content(artists) + !Skin.String(BillboardView_Details_Artists,Off) + [Skin.String(BillboardView_Logo_Artists,Off) | String.IsEmpty(Skin.String(BillboardView_Logo_Artists))]</visible>
		</item>
		<item>
			<description>Artist logos/ On</description>
			<label>$LOCALIZE[31130] $LOCALIZE[34222] $LOCALIZE[31131]</label>
			<label2>Logos/ $LOCALIZE[34222]</label2>
			<onclick>SetFocus(501)</onclick>
			<property name="ActionLeft">Skin.SetString(BillboardView_Logo_Artists,Off)</property>
			<property name="ActionRight">Skin.SetString(BillboardView_Logo_Artists,Off)</property>
			<visible>Control.IsVisible(501) + Container.Content(artists) + !Skin.String(BillboardView_Details_Artists,Off) + Skin.String(BillboardView_Logo_Artists,On)</visible>
		</item>

		<!-- BILLBOARDVIEW FLAGS -->

		<!-- MOVIES -->
		<item>
			<description>Movie flags / Off</description>
			<label>$LOCALIZE[31130] $LOCALIZE[591] $LOCALIZE[31131]</label>
			<label2>$LOCALIZE[32115] $LOCALIZE[31116] $LOCALIZE[591]</label2>
			<onclick>SetFocus(501)</onclick>
			<property name="ActionLeft">Skin.SetString(BillboardView_Flags_Movies,All)</property>
			<property name="ActionRight">Skin.SetString(BillboardView_Flags_Movies,Studio)</property>
			<visible>Control.IsVisible(501) + Container.Content(movies) + Skin.String(BillboardView_Flags_Movies,Off)</visible>
		</item>
		<item>
			<description>Movie flags / Studio</description>
			<label>$LOCALIZE[31130] $LOCALIZE[32116] $LOCALIZE[31131]</label>
			<label2>$LOCALIZE[32115] $LOCALIZE[31116] $LOCALIZE[32116]</label2>
			<onclick>SetFocus(501)</onclick>
			<property name="ActionLeft">Skin.SetString(BillboardView_Flags_Movies,Off)</property>
			<property name="ActionRight">Skin.SetString(BillboardView_Flags_Movies,Rating)</property>
			<visible>Control.IsVisible(501) + Container.Content(movies) + Skin.String(BillboardView_Flags_Movies,Studio)</visible>
		</item>
		<item>
			<description>Movie flags / Age Rating</description>
			<label>$LOCALIZE[31130] $LOCALIZE[32117] $LOCALIZE[31131]</label>
			<label2>$LOCALIZE[32115] $LOCALIZE[31116] $LOCALIZE[32117]</label2>
			<onclick>SetFocus(501)</onclick>
			<property name="ActionLeft">Skin.SetString(BillboardView_Flags_Movies,Studio)</property>
			<property name="ActionRight">Skin.SetString(BillboardView_Flags_Movies,All)</property>
			<visible>Control.IsVisible(501) + Container.Content(movies) + Skin.String(BillboardView_Flags_Movies,Rating)</visible>
		</item>
		<item>
			<description>Movie flags / All</description>
			<label>$LOCALIZE[31130] $LOCALIZE[593] $LOCALIZE[31131]</label>
			<label2>$LOCALIZE[32115] $LOCALIZE[31116] $LOCALIZE[593]</label2>
			<onclick>SetFocus(501)</onclick>
			<property name="ActionLeft">Skin.SetString(BillboardView_Flags_Movies,Rating)</property>
			<property name="ActionRight">Skin.SetString(BillboardView_Flags_Movies,Off)</property>
			<visible>Control.IsVisible(501) + Container.Content(movies) + [Skin.String(BillboardView_Flags_Movies,All) | String.IsEmpty(Skin.String(BillboardView_Flags_Movies))]</visible>
		</item>

		<!-- SETS -->
		<item>
			<description>Set flags / Off</description>
			<label>$LOCALIZE[31130] $LOCALIZE[591] $LOCALIZE[31131]</label>
			<label2>$LOCALIZE[32115] $LOCALIZE[31116] $LOCALIZE[591]</label2>
			<onclick>SetFocus(501)</onclick>
			<property name="ActionLeft">Skin.SetString(BillboardView_Flags_Sets,All)</property>
			<property name="ActionRight">Skin.SetString(BillboardView_Flags_Sets,Studio)</property>
			<visible>Control.IsVisible(501) + Container.Content(sets) + Skin.String(BillboardView_Flags_Sets,Off)</visible>
		</item>
		<item>
			<description>Set flags / Studio</description>
			<label>$LOCALIZE[31130] $LOCALIZE[32116] $LOCALIZE[31131]</label>
			<label2>$LOCALIZE[32115] $LOCALIZE[31116] $LOCALIZE[32116]</label2>
			<onclick>SetFocus(501)</onclick>
			<property name="ActionLeft">Skin.SetString(BillboardView_Flags_Sets,Off)</property>
			<property name="ActionRight">Skin.SetString(BillboardView_Flags_Sets,Rating)</property>
			<visible>Control.IsVisible(501) + Container.Content(sets) + Skin.String(BillboardView_Flags_Sets,Studio)</visible>
		</item>
		<item>
			<description>Set flags / Age Rating</description>
			<label>$LOCALIZE[31130] $LOCALIZE[32117] $LOCALIZE[31131]</label>
			<label2>$LOCALIZE[32115] $LOCALIZE[31116] $LOCALIZE[32117]</label2>
			<onclick>SetFocus(501)</onclick>
			<property name="ActionLeft">Skin.SetString(BillboardView_Flags_Sets,Studio)</property>
			<property name="ActionRight">Skin.SetString(BillboardView_Flags_Sets,All)</property>
			<visible>Control.IsVisible(501) + Container.Content(sets) + Skin.String(BillboardView_Flags_Sets,Rating)</visible>
		</item>
		<item>
			<description>Set flags / All</description>
			<label>$LOCALIZE[31130] $LOCALIZE[593] $LOCALIZE[31131]</label>
			<label2>$LOCALIZE[32115] $LOCALIZE[31116] $LOCALIZE[593]</label2>
			<onclick>SetFocus(501)</onclick>
			<property name="ActionLeft">Skin.SetString(BillboardView_Flags_Sets,Rating)</property>
			<property name="ActionRight">Skin.SetString(BillboardView_Flags_Sets,Off)</property>
			<visible>Control.IsVisible(501) + Container.Content(sets) + [Skin.String(BillboardView_Flags_Sets,All) | String.IsEmpty(Skin.String(BillboardView_Flags_Sets))]</visible>
		</item>

		<!-- TVSHOWS -->
		<item>
			<description>TV show flags / Off</description>
			<label>$LOCALIZE[31130] $LOCALIZE[591] $LOCALIZE[31131]</label>
			<label2>$LOCALIZE[32115] $LOCALIZE[31116] $LOCALIZE[591]</label2>
			<onclick>SetFocus(501)</onclick>
			<property name="ActionLeft">Skin.SetString(BillboardView_Flags_TVShows,All)</property>
			<property name="ActionRight">Skin.SetString(BillboardView_Flags_TVShows,Studio)</property>
			<visible>Control.IsVisible(501) + Container.Content(tvshows) + Skin.String(BillboardView_Flags_TVShows,Off)</visible>
		</item>
		<item>
			<description>TV show flags / Studio</description>
			<label>$LOCALIZE[31130] $LOCALIZE[32116] $LOCALIZE[31131]</label>
			<label2>$LOCALIZE[32115] $LOCALIZE[31116] $LOCALIZE[32116]</label2>
			<onclick>SetFocus(501)</onclick>
			<property name="ActionLeft">Skin.SetString(BillboardView_Flags_TVShows,Off)</property>
			<property name="ActionRight">Skin.SetString(BillboardView_Flags_TVShows,Rating)</property>
			<visible>Control.IsVisible(501) + Container.Content(tvshows) + Skin.String(BillboardView_Flags_TVShows,Studio)</visible>
		</item>
		<item>
			<description>TV show flags / Age Rating</description>
			<label>$LOCALIZE[31130] $LOCALIZE[32117] $LOCALIZE[31131]</label>
			<label2>$LOCALIZE[32115] $LOCALIZE[31116] $LOCALIZE[32117]</label2>
			<onclick>SetFocus(501)</onclick>
			<property name="ActionLeft">Skin.SetString(BillboardView_Flags_TVShows,Studio)</property>
			<property name="ActionRight">Skin.SetString(BillboardView_Flags_TVShows,All)</property>
			<visible>Control.IsVisible(501) + Container.Content(tvshows) + Skin.String(BillboardView_Flags_TVShows,Rating)</visible>
		</item>
		<item>
			<description>TV show flags / All</description>
			<label>$LOCALIZE[31130] $LOCALIZE[593] $LOCALIZE[31131]</label>
			<label2>$LOCALIZE[32115] $LOCALIZE[31116] $LOCALIZE[593]</label2>
			<onclick>SetFocus(501)</onclick>
			<property name="ActionLeft">Skin.SetString(BillboardView_Flags_TVShows,Rating)</property>
			<property name="ActionRight">Skin.SetString(BillboardView_Flags_TVShows,Off)</property>
			<visible>Control.IsVisible(501) + Container.Content(tvshows) + [Skin.String(BillboardView_Flags_TVShows,All) | String.IsEmpty(Skin.String(BillboardView_Flags_TVShows))]</visible>
		</item>

		<!-- SEASONS -->
		<item>
			<description>Season flags / Off</description>
			<label>$LOCALIZE[31130] $LOCALIZE[591] $LOCALIZE[31131]</label>
			<label2>$LOCALIZE[32115] $LOCALIZE[31116] $LOCALIZE[591]</label2>
			<onclick>SetFocus(501)</onclick>
			<property name="ActionLeft">Skin.SetString(BillboardView_Flags_Seasons,All)</property>
			<property name="ActionRight">Skin.SetString(BillboardView_Flags_Seasons,Studio)</property>
			<visible>Control.IsVisible(501) + Container.Content(seasons) + Skin.String(BillboardView_Flags_Seasons,Off)</visible>
		</item>
		<item>
			<description>Season flags / Studio</description>
			<label>$LOCALIZE[31130] $LOCALIZE[32116] $LOCALIZE[31131]</label>
			<label2>$LOCALIZE[32115] $LOCALIZE[31116] $LOCALIZE[32116]</label2>
			<onclick>SetFocus(501)</onclick>
			<property name="ActionLeft">Skin.SetString(BillboardView_Flags_Seasons,Off)</property>
			<property name="ActionRight">Skin.SetString(BillboardView_Flags_Seasons,Rating)</property>
			<visible>Control.IsVisible(501) + Container.Content(seasons) + Skin.String(BillboardView_Flags_Seasons,Studio)</visible>
		</item>
		<item>
			<description>Season flags / Age Rating</description>
			<label>$LOCALIZE[31130] $LOCALIZE[32117] $LOCALIZE[31131]</label>
			<label2>$LOCALIZE[32115] $LOCALIZE[31116] $LOCALIZE[32117]</label2>
			<onclick>SetFocus(501)</onclick>
			<property name="ActionLeft">Skin.SetString(BillboardView_Flags_Seasons,Studio)</property>
			<property name="ActionRight">Skin.SetString(BillboardView_Flags_Seasons,All)</property>
			<visible>Control.IsVisible(501) + Container.Content(seasons) + Skin.String(BillboardView_Flags_Seasons,Rating)</visible>
		</item>
		<item>
			<description>Season flags / All</description>
			<label>$LOCALIZE[31130] $LOCALIZE[593] $LOCALIZE[31131]</label>
			<label2>$LOCALIZE[32115] $LOCALIZE[31116] $LOCALIZE[593]</label2>
			<onclick>SetFocus(501)</onclick>
			<property name="ActionLeft">Skin.SetString(BillboardView_Flags_Seasons,Rating)</property>
			<property name="ActionRight">Skin.SetString(BillboardView_Flags_Seasons,Off)</property>
			<visible>Control.IsVisible(501) + Container.Content(seasons) + [Skin.String(BillboardView_Flags_Seasons,All) | String.IsEmpty(Skin.String(BillboardView_Flags_Seasons))]</visible>
		</item>

		<!-- EPISODES -->
		<item>
			<description>Episode flags / Off</description>
			<label>$LOCALIZE[31130] $LOCALIZE[591] $LOCALIZE[31131]</label>
			<label2>$LOCALIZE[32115] $LOCALIZE[31116] $LOCALIZE[591]</label2>
			<onclick>SetFocus(501)</onclick>
			<property name="ActionLeft">Skin.SetString(BillboardView_Flags_Episodes,All)</property>
			<property name="ActionRight">Skin.SetString(BillboardView_Flags_Episodes,Studio)</property>
			<visible>Control.IsVisible(501) + Container.Content(episodes) + Skin.String(BillboardView_Flags_Episodes,Off)</visible>
		</item>
		<item>
			<description>Episode flags / Studio</description>
			<label>$LOCALIZE[31130] $LOCALIZE[32116] $LOCALIZE[31131]</label>
			<label2>$LOCALIZE[32115] $LOCALIZE[31116] $LOCALIZE[32116]</label2>
			<onclick>SetFocus(501)</onclick>
			<property name="ActionLeft">Skin.SetString(BillboardView_Flags_Episodes,Off)</property>
			<property name="ActionRight">Skin.SetString(BillboardView_Flags_Episodes,Rating)</property>
			<visible>Control.IsVisible(501) + Container.Content(episodes) + Skin.String(BillboardView_Flags_Episodes,Studio)</visible>
		</item>
		<item>
			<description>Episode flags / Age Rating</description>
			<label>$LOCALIZE[31130] $LOCALIZE[32117] $LOCALIZE[31131]</label>
			<label2>$LOCALIZE[32115] $LOCALIZE[31116] $LOCALIZE[32117]</label2>
			<onclick>SetFocus(501)</onclick>
			<property name="ActionLeft">Skin.SetString(BillboardView_Flags_Episodes,Studio)</property>
			<property name="ActionRight">Skin.SetString(BillboardView_Flags_Episodes,All)</property>
			<visible>Control.IsVisible(501) + Container.Content(episodes) + Skin.String(BillboardView_Flags_Episodes,Rating)</visible>
		</item>
		<item>
			<description>Episode flags / All</description>
			<label>$LOCALIZE[31130] $LOCALIZE[593] $LOCALIZE[31131]</label>
			<label2>$LOCALIZE[32115] $LOCALIZE[31116] $LOCALIZE[593]</label2>
			<onclick>SetFocus(502)</onclick>
			<property name="ActionLeft">Skin.SetString(BillboardView_Flags_Episodes,Rating)</property>
			<property name="ActionRight">Skin.SetString(BillboardView_Flags_Episodes,Off)</property>
			<visible>Control.IsVisible(501) + Container.Content(episodes) + [Skin.String(BillboardView_Flags_Episodes,All) | String.IsEmpty(Skin.String(BillboardView_Flags_Episodes))]</visible>
		</item>
	</include>

</includes>
