<includes>

	<include name="GridView_Menu_Options">
		<!-- GRIDVIEW DISPLAY -->
		<!-- MOVIES -->
		<item id="942">
			<description>Display (Movies) / Posters</description>
			<label>$LOCALIZE[31130] $LOCALIZE[31206] $LOCALIZE[31131]</label>
			<label2>$LOCALIZE[131] $LOCALIZE[31116] $LOCALIZE[31206]</label2>
			<onclick>SetFocus(505)</onclick>
			<property name="ActionLeft">Skin.SetString(GridView_Display_Movies,Fanart)</property>
			<property name="ActionRight">Skin.SetString(GridView_Display_Movies,Fanart)</property>
			<visible>Control.IsVisible(505) + $EXP[GridView_Display_IsPosters_Movies]</visible>
		</item>
		<item id="942">
			<description>Display (Movies) / Fanart</description>
			<label>$LOCALIZE[31130] $LOCALIZE[31207] $LOCALIZE[31131]</label>
			<label2>$LOCALIZE[131] $LOCALIZE[31116] $LOCALIZE[31207]</label2>
			<onclick>SetFocus(505)</onclick>
			<property name="ActionLeft">Skin.SetString(GridView_Display_Movies,Posters)</property>
			<property name="ActionRight">Skin.SetString(GridView_Display_Movies,Posters)</property>
			<visible>Control.IsVisible(505) + $EXP[GridView_Display_IsFanart_Movies]</visible>
		</item>

		<!-- SETS -->
		<item id="942">
			<description>Display (Sets) / Posters</description>
			<label>$LOCALIZE[31130] $LOCALIZE[31206] $LOCALIZE[31131]</label>
			<label2>$LOCALIZE[131] $LOCALIZE[31116] $LOCALIZE[31206]</label2>
			<onclick>SetFocus(505)</onclick>
			<property name="ActionLeft">Skin.SetString(GridView_Display_Sets,Fanart)</property>
			<property name="ActionRight">Skin.SetString(GridView_Display_Sets,Fanart)</property>
			<visible>Control.IsVisible(505) + $EXP[GridView_Display_IsPosters_Sets]</visible>
		</item>
		<item id="942">
			<description>Display (Sets) / Fanart</description>
			<label>$LOCALIZE[31130] $LOCALIZE[31207] $LOCALIZE[31131]</label>
			<label2>$LOCALIZE[131] $LOCALIZE[31116] $LOCALIZE[31207]</label2>
			<onclick>SetFocus(505)</onclick>
			<property name="ActionLeft">Skin.SetString(GridView_Display_Sets,Posters)</property>
			<property name="ActionRight">Skin.SetString(GridView_Display_Sets,Posters)</property>
			<visible>Control.IsVisible(505) + $EXP[GridView_Display_IsFanart_Sets]</visible>
		</item>

		<!-- TVSHOWS -->
		<item id="942">
			<description>Display (TV Shows) / Posters</description>
			<label>$LOCALIZE[31130] $LOCALIZE[31206] $LOCALIZE[31131]</label>
			<label2>$LOCALIZE[131] $LOCALIZE[31116] $LOCALIZE[31206]</label2>
			<onclick>SetFocus(505)</onclick>
			<property name="ActionLeft">Skin.SetString(GridView_Display_TVShows,Fanart)</property>
			<property name="ActionRight">Skin.SetString(GridView_Display_TVShows,Fanart)</property>
			<visible>Control.IsVisible(505) + $EXP[GridView_Display_IsPosters_TVShows]</visible>
		</item>
		<item id="942">
			<description>Display (TV Shows) / Fanart</description>
			<label>$LOCALIZE[31130] $LOCALIZE[31207] $LOCALIZE[31131]</label>
			<label2>$LOCALIZE[131] $LOCALIZE[31116] $LOCALIZE[31207]</label2>
			<onclick>SetFocus(505)</onclick>
			<property name="ActionLeft">Skin.SetString(GridView_Display_TVShows,Posters)</property>
			<property name="ActionRight">Skin.SetString(GridView_Display_TVShows,Posters)</property>
			<visible>Control.IsVisible(505) + $EXP[GridView_Display_IsFanart_TVShows]</visible>
		</item>

		<!-- SEASONS -->
		<item id="942">
			<description>Display (Seasons) / Posters</description>
			<label>$LOCALIZE[31130] $LOCALIZE[31206] $LOCALIZE[31131]</label>
			<label2>$LOCALIZE[131] $LOCALIZE[31116] $LOCALIZE[31206]</label2>
			<onclick>SetFocus(505)</onclick>
			<property name="ActionLeft">Skin.SetString(GridView_Display_Seasons,Fanart)</property>
			<property name="ActionRight">Skin.SetString(GridView_Display_Seasons,Fanart)</property>
			<visible>Control.IsVisible(505) + $EXP[GridView_Display_IsPosters_Seasons]</visible>
		</item>
		<item id="942">
			<description>Display (Seasons) / Fanart</description>
			<label>$LOCALIZE[31130] $LOCALIZE[31207] $LOCALIZE[31131]</label>
			<label2>$LOCALIZE[131] $LOCALIZE[31116] $LOCALIZE[31207]</label2>
			<onclick>SetFocus(505)</onclick>
			<property name="ActionLeft">Skin.SetString(GridView_Display_Seasons,Posters)</property>
			<property name="ActionRight">Skin.SetString(GridView_Display_Seasons,Posters)</property>
			<visible>Control.IsVisible(505) + $EXP[GridView_Display_IsFanart_Seasons]</visible>
		</item>

		<!-- ARTISTS -->
		<item id="942">
			<description>Display (Artists) / Fanart</description>
			<label>$LOCALIZE[31130] $LOCALIZE[31207] $LOCALIZE[31131]</label>
			<label2>$LOCALIZE[131] $LOCALIZE[31116] $LOCALIZE[31207]</label2>
			<onclick>SetFocus(505)</onclick>
			<property name="ActionLeft">Skin.SetString(GridView_Display_Artists,Square)</property>
			<property name="ActionRight">Skin.SetString(GridView_Display_Artists,Square)</property>
			<visible>Control.IsVisible(505) + $EXP[GridView_Display_IsFanart_Artists]</visible>
		</item>
		<item id="942">
			<description>Display (Artists) / Square</description>
			<label>$LOCALIZE[31130] $LOCALIZE[31208] $LOCALIZE[31131]</label>
			<label2>$LOCALIZE[131] $LOCALIZE[31116] $LOCALIZE[31208]</label2>
			<onclick>SetFocus(505)</onclick>
			<property name="ActionLeft">Skin.SetString(GridView_Display_Artists,Fanart)</property>
			<property name="ActionRight">Skin.SetString(GridView_Display_Artists,Fanart)</property>
			<visible>Control.IsVisible(505) + $EXP[GridView_Display_IsSquare_Artists]</visible>
		</item>

		<!-- GRIDVIEW DETAILS -->

		<!-- MOVIES -->
		<item id="943">
			<description>Details (Movies) / Off</description>
			<label>$LOCALIZE[31130] $LOCALIZE[591] $LOCALIZE[31131]</label>
			<label2>$LOCALIZE[32109] $LOCALIZE[31116] $LOCALIZE[591]</label2>
			<onclick>SetFocus(505)</onclick>
			<property name="ActionLeft">Skin.SetString(GridView_Details_Movies,TitleAndInfo)</property>
			<property name="ActionRight">Skin.SetString(GridView_Details_Movies,Breadcrumb)</property>
			<visible>Control.IsVisible(505) + Container.Content(movies) + Skin.String(GridView_Details_Movies,Off)</visible>
		</item>
		<item id="944">
			<description>Details (Movies) / Breadcrumb</description>
			<label>$LOCALIZE[31130] $LOCALIZE[32158] $LOCALIZE[31131]</label>
			<label2>$LOCALIZE[32109] $LOCALIZE[31116] $LOCALIZE[32158]</label2>
			<onclick>SetFocus(505)</onclick>
			<property name="ActionLeft">Skin.SetString(GridView_Details_Movies,Off)</property>
			<property name="ActionRight">Skin.SetString(GridView_Details_Movies,Title)</property>
			<visible>Control.IsVisible(505) + Container.Content(movies) + Skin.String(GridView_Details_Movies,Breadcrumb)</visible>
		</item>
		<item id="943">
			<description>Details (Movies) / Title</description>
			<label>$LOCALIZE[31130] $LOCALIZE[32111] $LOCALIZE[31131]</label>
			<label2>$LOCALIZE[32109] $LOCALIZE[31116] $LOCALIZE[32111]</label2>
			<onclick>SetFocus(505)</onclick>
			<property name="ActionLeft">Skin.SetString(GridView_Details_Movies,Breadcrumb)</property>
			<property name="ActionRight">Skin.SetString(GridView_Details_Movies,TitleAndInfo)</property>
			<visible>Control.IsVisible(505) + Container.Content(movies) + Skin.String(GridView_Details_Movies,Title)</visible>
		</item>
		<item id="944">
			<description >Details (Movies) / Title and Info</description>
			<label>$LOCALIZE[31130] $LOCALIZE[32150] $LOCALIZE[31131]</label>
			<label2>$LOCALIZE[32109] $LOCALIZE[31116] $LOCALIZE[32150]</label2>
			<onclick>SetFocus(505)</onclick>
			<property name="ActionLeft">Skin.SetString(GridView_Details_Movies,Title)</property>
			<property name="ActionRight">Skin.SetString(GridView_Details_Movies,Off)</property>
			<visible>Control.IsVisible(505) + Container.Content(movies) + [Skin.String(GridView_Details_Movies,TitleAndInfo) | String.IsEmpty(Skin.String(GridView_Details_Movies))]</visible>
		</item>

		<!-- SETS -->
		<item id="943">
			<description>Details (Sets) / Off</description>
			<label>$LOCALIZE[31130] $LOCALIZE[591] $LOCALIZE[31131]</label>
			<label2>$LOCALIZE[32109] $LOCALIZE[31116] $LOCALIZE[591]</label2>
			<onclick>SetFocus(505)</onclick>
			<property name="ActionLeft">Skin.SetString(GridView_Details_Sets,TitleAndInfo)</property>
			<property name="ActionRight">Skin.SetString(GridView_Details_Sets,Breadcrumb)</property>
			<visible>Control.IsVisible(505) + Container.Content(sets) + Skin.String(GridView_Details_Sets,Off)</visible>
		</item>
		<item id="944">
			<description>Details (Sets) / Breadcrumb</description>
			<label>$LOCALIZE[31130] $LOCALIZE[32158] $LOCALIZE[31131]</label>
			<label2>$LOCALIZE[32109] $LOCALIZE[31116] $LOCALIZE[32158]</label2>
			<onclick>SetFocus(505)</onclick>
			<property name="ActionLeft">Skin.SetString(GridView_Details_Sets,Off)</property>
			<property name="ActionRight">Skin.SetString(GridView_Details_Sets,Title)</property>
			<visible>Control.IsVisible(505) + Container.Content(sets) + Skin.String(GridView_Details_Sets,Breadcrumb)</visible>
		</item>
		<item id="943">
			<description>Details (Sets) / Title</description>
			<label>$LOCALIZE[31130] $LOCALIZE[32111] $LOCALIZE[31131]</label>
			<label2>$LOCALIZE[32109] $LOCALIZE[31116] $LOCALIZE[32111]</label2>
			<onclick>SetFocus(505)</onclick>
			<property name="ActionLeft">Skin.SetString(GridView_Details_Sets,Breadcrumb)</property>
			<property name="ActionRight">Skin.SetString(GridView_Details_Sets,TitleAndInfo)</property>
			<visible>Control.IsVisible(505) + Container.Content(sets) + Skin.String(GridView_Details_Sets,Title)</visible>
		</item>
		<item id="944">
			<description>Details (Sets) / Title and Info</description>
			<label>$LOCALIZE[31130] $LOCALIZE[32150] $LOCALIZE[31131]</label>
			<label2>$LOCALIZE[32109] $LOCALIZE[31116] $LOCALIZE[32150]</label2>
			<onclick>SetFocus(505)</onclick>
			<property name="ActionLeft">Skin.SetString(GridView_Details_Sets,Title)</property>
			<property name="ActionRight">Skin.SetString(GridView_Details_Sets,Off)</property>
			<visible>Control.IsVisible(505) + Container.Content(sets) + [Skin.String(GridView_Details_Sets,TitleAndInfo) | String.IsEmpty(Skin.String(GridView_Details_Sets))]</visible>
		</item>

		<!-- TVSHOWS -->
		<item id="943">
			<description>Details (TV Shows) / Off</description>
			<label>$LOCALIZE[31130] $LOCALIZE[591] $LOCALIZE[31131]</label>
			<label2>$LOCALIZE[32109] $LOCALIZE[31116] $LOCALIZE[591]</label2>
			<onclick>SetFocus(505)</onclick>
			<property name="ActionLeft">Skin.SetString(GridView_Details_TVShows,TitleAndInfo)</property>
			<property name="ActionRight">Skin.SetString(GridView_Details_TVShows,Breadcrumb)</property>
			<visible>Control.IsVisible(505) + Container.Content(tvshows) + Skin.String(GridView_Details_TVShows,Off)</visible>
		</item>
		<item id="944">
			<description>Details (TV Shows) / Breadcrumb</description>
			<label>$LOCALIZE[31130] $LOCALIZE[32158] $LOCALIZE[31131]</label>
			<label2>$LOCALIZE[32109] $LOCALIZE[31116] $LOCALIZE[32158]</label2>
			<onclick>SetFocus(505)</onclick>
			<property name="ActionLeft">Skin.SetString(GridView_Details_TVShows,Off)</property>
			<property name="ActionRight">Skin.SetString(GridView_Details_TVShows,Title)</property>
			<visible>Control.IsVisible(505) + Container.Content(tvshows) + Skin.String(GridView_Details_TVShows,Breadcrumb)</visible>
		</item>
		<item id="943">
			<description>Details (TV Shows) / Title</description>
			<label>$LOCALIZE[31130] $LOCALIZE[32111] $LOCALIZE[31131]</label>
			<label2>$LOCALIZE[32109] $LOCALIZE[31116] $LOCALIZE[32111]</label2>
			<onclick>SetFocus(505)</onclick>
			<property name="ActionLeft">Skin.SetString(GridView_Details_TVShows,Breadcrumb)</property>
			<property name="ActionRight">Skin.SetString(GridView_Details_TVShows,TitleAndInfo)</property>
			<visible>Control.IsVisible(505) + Container.Content(tvshows) + Skin.String(GridView_Details_TVShows,Title)</visible>
		</item>
		<item id="944">
			<description>Details (TV Shows) / Title and Info</description>
			<label>$LOCALIZE[31130] $LOCALIZE[32150] $LOCALIZE[31131]</label>
			<label2>$LOCALIZE[32109] $LOCALIZE[31116] $LOCALIZE[32150]</label2>
			<onclick>SetFocus(505)</onclick>
			<property name="ActionLeft">Skin.SetString(GridView_Details_TVShows,Title)</property>
			<property name="ActionRight">Skin.SetString(GridView_Details_TVShows,Off)</property>
			<visible>Control.IsVisible(505) + Container.Content(tvshows) + [Skin.String(GridView_Details_TVShows,TitleAndInfo) | String.IsEmpty(Skin.String(GridView_Details_TVShows))]</visible>
		</item>

		<!-- SEASONS -->
		<item id="943">
			<description>Details (Seasons) / Off</description>
			<label>$LOCALIZE[31130] $LOCALIZE[591] $LOCALIZE[31131]</label>
			<label2>$LOCALIZE[32109] $LOCALIZE[31116] $LOCALIZE[591]</label2>
			<onclick>SetFocus(505)</onclick>
			<property name="ActionLeft">Skin.SetString(GridView_Details_Seasons,TitleAndInfo)</property>
			<property name="ActionRight">Skin.SetString(GridView_Details_Seasons,Breadcrumb)</property>
			<visible>Control.IsVisible(505) + Container.Content(seasons) + Skin.String(GridView_Details_Seasons,Off)</visible>
		</item>
		<item id="944">
			<description>Details (Seasons) / Breadcrumb</description>
			<label>$LOCALIZE[31130] $LOCALIZE[32158] $LOCALIZE[31131]</label>
			<label2>$LOCALIZE[32109] $LOCALIZE[31116] $LOCALIZE[32158]</label2>
			<onclick>SetFocus(505)</onclick>
			<property name="ActionLeft">Skin.SetString(GridView_Details_Seasons,Off)</property>
			<property name="ActionRight">Skin.SetString(GridView_Details_Seasons,Title)</property>
			<visible>Control.IsVisible(505) + Container.Content(seasons) + Skin.String(GridView_Details_Seasons,Breadcrumb)</visible>
		</item>
		<item id="943">
			<description>Details (Seasons) / Title</description>
			<label>$LOCALIZE[31130] $LOCALIZE[32111] $LOCALIZE[31131]</label>
			<label2>$LOCALIZE[32109] $LOCALIZE[31116] $LOCALIZE[32111]</label2>
			<onclick>SetFocus(505)</onclick>
			<property name="ActionLeft">Skin.SetString(GridView_Details_Seasons,Breadcrumb)</property>
			<property name="ActionRight">Skin.SetString(GridView_Details_Seasons,TitleAndInfo)</property>
			<visible>Control.IsVisible(505) + Container.Content(seasons) + Skin.String(GridView_Details_Seasons,Title)</visible>
		</item>
		<item id="944">
			<description>Details (Seasons) / Title and Info</description>
			<label>$LOCALIZE[31130] $LOCALIZE[32150] $LOCALIZE[31131]</label>
			<label2>$LOCALIZE[32109] $LOCALIZE[31116] $LOCALIZE[32150]</label2>
			<onclick>SetFocus(505)</onclick>
			<property name="ActionLeft">Skin.SetString(GridView_Details_Seasons,Title)</property>
			<property name="ActionRight">Skin.SetString(GridView_Details_Seasons,Off)</property>
			<visible>Control.IsVisible(505) + Container.Content(seasons) + [Skin.String(GridView_Details_Seasons,TitleAndInfo) | String.IsEmpty(Skin.String(GridView_Details_Seasons))]</visible>
		</item>

		<!-- EPISODES -->
		<item>
			<description>Details (Episodes) / Off</description>
			<label>$LOCALIZE[31130] $LOCALIZE[591] $LOCALIZE[31131]</label>
			<label2>$LOCALIZE[32109] $LOCALIZE[31116] $LOCALIZE[591]</label2>
			<onclick>SetFocus(505)</onclick>
			<property name="ActionLeft">Skin.SetString(GridView_Details_Episodes,TitleAndInfo)</property>
			<property name="ActionRight">Skin.SetString(GridView_Details_Episodes,Breadcrumb)</property>
			<visible>Control.IsVisible(505) + Container.Content(episodes) + Skin.String(GridView_Details_Episodes,Off)</visible>
		</item>
		<item>
			<description>Details (Episodes) / Breadcrumb</description>
			<label>$LOCALIZE[31130] $LOCALIZE[32158] $LOCALIZE[31131]</label>
			<label2>$LOCALIZE[32109] $LOCALIZE[31116] $LOCALIZE[32158]</label2>
			<onclick>SetFocus(505)</onclick>
			<property name="ActionLeft">Skin.SetString(GridView_Details_Episodes,Off)</property>
			<property name="ActionRight">Skin.SetString(GridView_Details_Episodes,Title)</property>
			<visible>Control.IsVisible(505) + Container.Content(episodes) + Skin.String(GridView_Details_Episodes,Breadcrumb)</visible>
		</item>
		<item>
			<description>Details (Episodes) / Title</description>
			<label>$LOCALIZE[31130] $LOCALIZE[32111] $LOCALIZE[31131]</label>
			<label2>$LOCALIZE[32109] $LOCALIZE[31116] $LOCALIZE[32111]</label2>
			<onclick>SetFocus(505)</onclick>
			<property name="ActionLeft">Skin.SetString(GridView_Details_Episodes,Breadcrumb)</property>
			<property name="ActionRight">Skin.SetString(GridView_Details_Episodes,TitleAndInfo)</property>
			<visible>Control.IsVisible(505) + Container.Content(episodes) + [Skin.String(GridView_Details_Episodes,Title) | String.IsEmpty(Skin.String(GridView_Details_Episodes))]</visible>
		</item>
		<item>
			<description>Details (Episodes) / Title and Info</description>
			<label>$LOCALIZE[31130] $LOCALIZE[32150] $LOCALIZE[31131]</label>
			<label2>$LOCALIZE[32109] $LOCALIZE[31116] $LOCALIZE[32150]</label2>
			<onclick>SetFocus(505)</onclick>
			<property name="ActionLeft">Skin.SetString(GridView_Details_Episodes,Title)</property>
			<property name="ActionRight">Skin.SetString(GridView_Details_Episodes,Off)</property>
			<visible>Control.IsVisible(505) + Container.Content(episodes) + Skin.String(GridView_Details_Episodes,TitleAndInfo)</visible>
		</item>

		<!-- ARTISTS -->
		<item>
			<description>Details (Artists) / Off</description>
			<label>$LOCALIZE[31130] $LOCALIZE[591] $LOCALIZE[31131]</label>
			<label2>$LOCALIZE[32109] $LOCALIZE[31116] $LOCALIZE[591]</label2>
			<onclick>SetFocus(505)</onclick>
			<property name="ActionLeft">Skin.SetString(GridView_Details_Artists,TitleAndInfo)</property>
			<property name="ActionRight">Skin.SetString(GridView_Details_Artists,Breadcrumb)</property>
			<visible>Control.IsVisible(505) + Container.Content(artists) + Skin.String(GridView_Details_Artists,Off)</visible>
		</item>
		<item>
			<description>Details (Artists) / Breadcrumb</description>
			<label>$LOCALIZE[31130] $LOCALIZE[32158] $LOCALIZE[31131]</label>
			<label2>$LOCALIZE[32109] $LOCALIZE[31116] $LOCALIZE[32158]</label2>
			<onclick>SetFocus(505)</onclick>
			<property name="ActionLeft">Skin.SetString(GridView_Details_Artists,Off)</property>
			<property name="ActionRight">Skin.SetString(GridView_Details_Artists,Title)</property>
			<visible>Control.IsVisible(505) + Container.Content(artists) + Skin.String(GridView_Details_Artists,Breadcrumb)</visible>
		</item>
		<item>
			<description>Details (Artists) / Title</description>
			<label>$LOCALIZE[31130] $LOCALIZE[32111] $LOCALIZE[31131]</label>
			<label2>$LOCALIZE[32109] $LOCALIZE[31116] $LOCALIZE[32111]</label2>
			<onclick>SetFocus(505)</onclick>
			<property name="ActionLeft">Skin.SetString(GridView_Details_Artists,Breadcrumb)</property>
			<property name="ActionRight">Skin.SetString(GridView_Details_Artists,TitleAndInfo)</property>
			<visible>Control.IsVisible(505) + Container.Content(artists) + Skin.String(GridView_Details_Artists,Title)</visible>
		</item>
		<item>
			<description>Details (Artists) / Title and Info</description>
			<label>$LOCALIZE[31130] $LOCALIZE[32150] $LOCALIZE[31131]</label>
			<label2>$LOCALIZE[32109] $LOCALIZE[31116] $LOCALIZE[32150]</label2>
			<onclick>SetFocus(505)</onclick>
			<property name="ActionLeft">Skin.SetString(GridView_Details_Artists,Title)</property>
			<property name="ActionRight">Skin.SetString(GridView_Details_Artists,Off)</property>
			<visible>Control.IsVisible(505) + Container.Content(artists) + [Skin.String(GridView_Details_Artists,TitleAndInfo) | String.IsEmpty(Skin.String(GridView_Details_Artists))]</visible>
		</item>

		<!-- ALBUMS -->
		<item>
			<description>Details (Albums) / Off</description>
			<label>$LOCALIZE[31130] $LOCALIZE[591] $LOCALIZE[31131]</label>
			<label2>$LOCALIZE[32109] $LOCALIZE[31116] $LOCALIZE[591]</label2>
			<onclick>SetFocus(505)</onclick>
			<property name="ActionLeft">Skin.SetString(GridView_Details_Albums,TitleAndInfo)</property>
			<property name="ActionRight">Skin.SetString(GridView_Details_Albums,Breadcrumb)</property>
			<visible>Control.IsVisible(505) + Container.Content(albums) + Skin.String(GridView_Details_Albums,Off)</visible>
		</item>
		<item>
			<description>Details (Albums) / Breadcrumb</description>
			<label>$LOCALIZE[31130] $LOCALIZE[32158] $LOCALIZE[31131]</label>
			<label2>$LOCALIZE[32109] $LOCALIZE[31116] $LOCALIZE[32158]</label2>
			<onclick>SetFocus(505)</onclick>
			<property name="ActionLeft">Skin.SetString(GridView_Details_Albums,Off)</property>
			<property name="ActionRight">Skin.SetString(GridView_Details_Albums,Title)</property>
			<visible>Control.IsVisible(505) + Container.Content(albums) + Skin.String(GridView_Details_Albums,Breadcrumb)</visible>
		</item>
		<item>
			<description>Details (Albums) / Title</description>
			<label>$LOCALIZE[31130] $LOCALIZE[32111] $LOCALIZE[31131]</label>
			<label2>$LOCALIZE[32109] $LOCALIZE[31116] $LOCALIZE[32111]</label2>
			<onclick>SetFocus(505)</onclick>
			<property name="ActionLeft">Skin.SetString(GridView_Details_Albums,Breadcrumb)</property>
			<property name="ActionRight">Skin.SetString(GridView_Details_Albums,TitleAndInfo)</property>
			<visible>Control.IsVisible(505) + Container.Content(albums) + Skin.String(GridView_Details_Albums,Title)</visible>
		</item>
		<item>
			<description>Details (Albums) / Title and Info</description>
			<label>$LOCALIZE[31130] $LOCALIZE[32150] $LOCALIZE[31131]</label>
			<label2>$LOCALIZE[32109] $LOCALIZE[31116] $LOCALIZE[32150]</label2>
			<onclick>SetFocus(505)</onclick>
			<property name="ActionLeft">Skin.SetString(GridView_Details_Albums,Title)</property>
			<property name="ActionRight">Skin.SetString(GridView_Details_Albums,Off)</property>
			<visible>Control.IsVisible(505) + Container.Content(albums) + [Skin.String(GridView_Details_Albums,TitleAndInfo) | String.IsEmpty(Skin.String(GridView_Details_Albums))]</visible>
		</item>

		<!-- IMAGES -->
		<item>
			<description>Details (Images) / Off</description>
			<label>$LOCALIZE[31130] $LOCALIZE[591] $LOCALIZE[31131]</label>
			<label2>$LOCALIZE[32109] $LOCALIZE[31116] $LOCALIZE[591]</label2>
			<onclick>SetFocus(505)</onclick>
			<property name="ActionLeft">Skin.SetString(GridView_Details_Images,TitleAndInfo)</property>
			<property name="ActionRight">Skin.SetString(GridView_Details_Images,Breadcrumb)</property>
			<visible>Control.IsVisible(505) + Container.Content(images) + [Skin.String(GridView_Details_Images,Off) | String.IsEmpty(Skin.String(GridView_Details_Images))]</visible>
		</item>
		<item>
			<description>Details (Images) / Breadcrumb</description>
			<label>$LOCALIZE[31130] $LOCALIZE[32158] $LOCALIZE[31131]</label>
			<label2>$LOCALIZE[32109] $LOCALIZE[31116] $LOCALIZE[32158]</label2>
			<onclick>SetFocus(505)</onclick>
			<property name="ActionLeft">Skin.SetString(GridView_Details_Images,Off)</property>
			<property name="ActionRight">Skin.SetString(GridView_Details_Images,Title)</property>
			<visible>Control.IsVisible(505) + Container.Content(images) + Skin.String(GridView_Details_Images,Breadcrumb)</visible>
		</item>
		<item>
			<description>Details (Images) / Title</description>
			<label>$LOCALIZE[31130] $LOCALIZE[32111] $LOCALIZE[31131]</label>
			<label2>$LOCALIZE[32109] $LOCALIZE[31116] $LOCALIZE[32111]</label2>
			<onclick>SetFocus(505)</onclick>
			<property name="ActionLeft">Skin.SetString(GridView_Details_Images,Breadcrumb)</property>
			<property name="ActionRight">Skin.SetString(GridView_Details_Images,TitleAndInfo)</property>
			<visible>Control.IsVisible(505) + Container.Content(images) + Skin.String(GridView_Details_Images,Title)</visible>
		</item>
		<item>
			<description>Details (Images) / Title and Info</description>
			<label>$LOCALIZE[31130] $LOCALIZE[32150] $LOCALIZE[31131]</label>
			<label2>$LOCALIZE[32109] $LOCALIZE[31116] $LOCALIZE[32150]</label2>
			<onclick>SetFocus(505)</onclick>
			<property name="ActionLeft">Skin.SetString(GridView_Details_Images,Title)</property>
			<property name="ActionRight">Skin.SetString(GridView_Details_Images,Off)</property>
			<visible>Control.IsVisible(505) + Container.Content(images) + Skin.String(GridView_Details_Images,TitleAndInfo)</visible>
		</item>

	</include>

</includes>
