<?xml version="1.0" encoding="UTF-8"?>
<window>
	<!-- music -->
	<include>Multiart_Reset_OnLoad</include>
	<onunload>ClearProperty(Next_Art,home)</onunload>
	<onunload>ClearProperty(OptionsMenu,home)</onunload>
	<onunload>ClearProperty(Scrollbars,home)</onunload>
	<views>50,501,502,504,505</views>
	<defaultcontrol always="true">50</defaultcontrol>
	<menucontrol>3000</menucontrol>
	<backgroundcolor>$VAR[Secondary_Color]</backgroundcolor>
	<include>My_Window_Fade_Animation</include>
	<controls>
		<include content="MyMusicNav_Controls"/>
		<include content="MyViews_Hidden_Controls"/>
		<include condition="Skin.HasSetting(Multiart_Slideshow)" content="MyViews_Multiart_Labels"/>
		<include content="MyViews_Main"/>
		<include content="MyViews_Options_Menu"/>
	</controls>
</window>
