<includes>
	<include name="skinshortcuts-mainmenu">
		<item id="1">
			<property name="id">$NUMBER[1]</property>
			<label>$LOCALIZE[342]</label>
			<label2>Elément personnalisé</label2>
			<icon>DefaultMovies.png</icon>
			<thumb />
			<property name="labelID">movies</property>
			<property name="defaultID">movies</property>
			<property name="background">special://home/media/Arctic Horizon 2/Movie-Clapper-icon.png</property>
			<property name="backgroundName">special://home/media/Arctic Horizon 2/Movie-Clapper-icon.png</property>
			<onclick>ActivateWindow(Videos,"plugin://plugin.video.themoviedb.helper/?info=dir_movie&amp;tmdb_type=None&amp;widget=true&amp;reload=$INFO[Window(Home).Property(TMDbHelper.Widgets.Reload)]",return)</onclick>
			<property name="path">ActivateWindow(Videos,"plugin://plugin.video.themoviedb.helper/?info=dir_movie&amp;tmdb_type=None&amp;widget=true&amp;reload=$INFO[Window(Home).Property(TMDbHelper.Widgets.Reload)]",return)</property>
			<property name="list">plugin://plugin.video.themoviedb.helper/?info=dir_movie&amp;tmdb_type=None&amp;widget=true&amp;reload=$INFO[Window(Home).Property(TMDbHelper.Widgets.Reload)]</property>
			<visible>String.IsEqual(System.ProfileName,Master user)</visible>
			<property name="submenuVisibility">movies</property>
			<property name="group">mainmenu</property>
			<property name="hasSubmenu">True</property>
			</item>
		<item id="2">
			<property name="id">$NUMBER[2]</property>
			<label>$LOCALIZE[20343]</label>
			<label2>Elément personnalisé</label2>
			<icon>DefaultTVShows.png</icon>
			<thumb />
			<property name="labelID">tvshows</property>
			<property name="defaultID">tvshows</property>
			<property name="background">special://home/media/Arctic Horizon 2/tv_series_icon_by_quaffleeye_d6qj64q-fullview.png</property>
			<property name="backgroundName">special://home/media/Arctic Horizon 2/tv_series_icon_by_quaffleeye_d6qj64q-fullview.png</property>
			<onclick>ActivateWindow(Videos,"plugin://plugin.video.themoviedb.helper/?info=dir_tv&amp;tmdb_type=None&amp;widget=true&amp;reload=$INFO[Window(Home).Property(TMDbHelper.Widgets.Reload)]",return)</onclick>
			<property name="path">ActivateWindow(Videos,"plugin://plugin.video.themoviedb.helper/?info=dir_tv&amp;tmdb_type=None&amp;widget=true&amp;reload=$INFO[Window(Home).Property(TMDbHelper.Widgets.Reload)]",return)</property>
			<property name="list">plugin://plugin.video.themoviedb.helper/?info=dir_tv&amp;tmdb_type=None&amp;widget=true&amp;reload=$INFO[Window(Home).Property(TMDbHelper.Widgets.Reload)]</property>
			<visible>String.IsEqual(System.ProfileName,Master user)</visible>
			<property name="submenuVisibility">tvshows</property>
			<property name="group">mainmenu</property>
			<property name="hasSubmenu">True</property>
			</item>
		<item id="3">
			<property name="id">$NUMBER[3]</property>
			<label>$LOCALIZE[2]</label>
			<label2>Elément personnalisé</label2>
			<icon>DefaultMusicAlbums.png</icon>
			<thumb />
			<property name="labelID">music</property>
			<property name="defaultID">music</property>
			<property name="translatedPath">ActivateWindow(Music)</property>
			<property name="background">special://home/media/Arctic Horizon 2/Guyman-Helmet-Music-icon.png</property>
			<property name="backgroundName">special://home/media/Arctic Horizon 2/Guyman-Helmet-Music-icon.png</property>
			<onclick>ActivateWindow(Videos,"plugin://plugin.program.autowidget/?mode=path&amp;action=cycling&amp;group=concerts-1662286265.1350222&amp;id=cb9e0e6f-a767-4c2f-b2e0-899a5c6583fa&amp;refresh=$INFO[Window(10000).Property(autowidget-cb9e0e6f-a767-4c2f-b2e0-899a5c6583fa-refresh)]&amp;reload=",return)</onclick>
			<property name="path">ActivateWindow(Videos,"plugin://plugin.program.autowidget/?mode=path&amp;action=cycling&amp;group=concerts-1662286265.1350222&amp;id=cb9e0e6f-a767-4c2f-b2e0-899a5c6583fa&amp;refresh=$INFO[Window(10000).Property(autowidget-cb9e0e6f-a767-4c2f-b2e0-899a5c6583fa-refresh)]&amp;reload=",return)</property>
			<property name="list">plugin://plugin.program.autowidget/?mode=path&amp;action=cycling&amp;group=concerts-1662286265.1350222&amp;id=cb9e0e6f-a767-4c2f-b2e0-899a5c6583fa&amp;refresh=$INFO[Window(10000).Property(autowidget-cb9e0e6f-a767-4c2f-b2e0-899a5c6583fa-refresh)]&amp;reload=</property>
			<visible>String.IsEqual(System.ProfileName,Master user)</visible>
			<property name="submenuVisibility">music</property>
			<property name="group">mainmenu</property>
			<property name="hasSubmenu">False</property>
			</item>
		<item id="4">
			<property name="id">$NUMBER[4]</property>
			<label>U2Pplay</label>
			<label2>Elément personnalisé</label2>
			<icon>DefaultShortcut.png</icon>
			<thumb>thumb</thumb>
			<property name="labelID">u2pplay</property>
			<property name="defaultID">plugin.video.sendtokodiU2P</property>
			<property name="translatedPath">ActivateWindow(Videos,"plugin://plugin.video.sendtokodiU2P",return)</property>
			<property name="background">special://home/media/HK2/</property>
			<property name="backgroundName">special://home/media/HK2/</property>
			<onclick>ActivateWindow(Videos,"plugin://plugin.video.sendtokodiU2P/?action=menuRepCrypte",return)</onclick>
			<property name="path">ActivateWindow(Videos,"plugin://plugin.video.sendtokodiU2P/?action=menuRepCrypte",return)</property>
			<property name="list">plugin://plugin.video.sendtokodiU2P/?action=menuRepCrypte</property>
			<visible>String.IsEqual(System.ProfileName,Master user)</visible>
			<property name="submenuVisibility">u2pplay</property>
			<property name="group">mainmenu</property>
			<property name="hasSubmenu">False</property>
			</item>
		<item id="5">
			<property name="id">$NUMBER[5]</property>
			<label>$LOCALIZE[1036]</label>
			<label2 />
			<icon>DefaultShortcut.png</icon>
			<thumb />
			<property name="labelID">1036</property>
			<property name="defaultID">1036</property>
			<property name="background">special://home/media/Arctic Horizon 2/Trash-Full-icon.png</property>
			<property name="backgroundName">special://home/media/Arctic Horizon 2/Trash-Full-icon.png</property>
			<onclick>ActivateWindow(favourites)</onclick>
			<property name="path">ActivateWindow(favourites)</property>
			<property name="list">favourites</property>
			<visible>String.IsEqual(System.ProfileName,Master user)</visible>
			<property name="submenuVisibility">num-1036</property>
			<property name="group">mainmenu</property>
			<property name="hasSubmenu">False</property>
			</item>
		<item id="6">
			<property name="id">$NUMBER[6]</property>
			<label>$LOCALIZE[13009]</label>
			<label2>Commande Kodi</label2>
			<icon>DefaultShortcut.png</icon>
			<thumb />
			<property name="labelID">13009</property>
			<property name="defaultID">13009</property>
			<property name="translatedPath">Quit</property>
			<property name="background">special://home/media/Arctic Horizon 2/Device-Harddisk-icon.png</property>
			<property name="backgroundName">special://home/media/Arctic Horizon 2/Device-Harddisk-icon.png</property>
			<visible>System.ShowExitButton</visible>
			<onclick>Quit</onclick>
			<property name="path">Quit</property>
			<property name="list">Quit</property>
			<visible>String.IsEqual(System.ProfileName,Master user)</visible>
			<property name="submenuVisibility">num-13009</property>
			<property name="group">mainmenu</property>
			<property name="hasSubmenu">False</property>
			</item>
		</include>
	<include />
	<include name="skinshortcuts-submenu">
		<item id="1">
			<property name="id">$NUMBER[1]</property>
			<property name="mainmenuid">1</property>
			<label>$LOCALIZE[20386]</label>
			<label2>$ADDON[script.skinshortcuts 32014]</label2>
			<icon>DefaultRecentlyAddedMovies.png</icon>
			<thumb />
			<property name="labelID">20386</property>
			<property name="defaultID">20386</property>
			<onclick>ActivateWindow(Videos,videodb://recentlyaddedmovies/,return)</onclick>
			<property name="path">ActivateWindow(Videos,videodb://recentlyaddedmovies/,return)</property>
			<property name="list">videodb://recentlyaddedmovies/</property>
			<visible>[String.IsEqual(System.ProfileName,Master user)] + String.IsEqual(Container(9000).ListItem.Property(submenuVisibility),movies)</visible>
			<property name="group">movies</property>
			<property name="isSubmenu">True</property>
			</item>
		<item id="2">
			<property name="id">$NUMBER[2]</property>
			<property name="mainmenuid">1</property>
			<label>$LOCALIZE[20434]</label>
			<label2>$LOCALIZE[342]</label2>
			<icon>DefaultShortcut.png</icon>
			<thumb />
			<property name="labelID">20434</property>
			<property name="defaultID">20434</property>
			<visible>[Library.HasContent(MovieSets)] + String.IsEqual(Container(9000).ListItem.Property(submenuVisibility),movies)</visible>
			<onclick>ActivateWindow(Videos,videodb://movies/sets/,return)</onclick>
			<property name="path">ActivateWindow(Videos,videodb://movies/sets/,return)</property>
			<property name="list">videodb://movies/sets/</property>
			<visible>String.IsEqual(System.ProfileName,Master user)</visible>
			<property name="group">movies</property>
			<property name="isSubmenu">True</property>
			</item>
		<item id="3">
			<property name="id">$NUMBER[3]</property>
			<property name="mainmenuid">1</property>
			<label>$LOCALIZE[369]</label>
			<label2>$LOCALIZE[342]</label2>
			<icon>DefaultShortcut.png</icon>
			<thumb />
			<property name="labelID">369</property>
			<property name="defaultID">369</property>
			<visible>[Library.HasContent(Movies)] + String.IsEqual(Container(9000).ListItem.Property(submenuVisibility),movies)</visible>
			<onclick>ActivateWindow(Videos,videodb://movies/titles/,return)</onclick>
			<property name="path">ActivateWindow(Videos,videodb://movies/titles/,return)</property>
			<property name="list">videodb://movies/titles/</property>
			<visible>String.IsEqual(System.ProfileName,Master user)</visible>
			<property name="group">movies</property>
			<property name="isSubmenu">True</property>
			</item>
		<item id="4">
			<property name="id">$NUMBER[4]</property>
			<property name="mainmenuid">1</property>
			<label>$LOCALIZE[135]</label>
			<label2>$LOCALIZE[342]</label2>
			<icon>DefaultShortcut.png</icon>
			<thumb />
			<property name="labelID">135</property>
			<property name="defaultID">135</property>
			<visible>[Library.HasContent(Movies)] + String.IsEqual(Container(9000).ListItem.Property(submenuVisibility),movies)</visible>
			<onclick>ActivateWindow(Videos,videodb://movies/genres/,return)</onclick>
			<property name="path">ActivateWindow(Videos,videodb://movies/genres/,return)</property>
			<property name="list">videodb://movies/genres/</property>
			<visible>String.IsEqual(System.ProfileName,Master user)</visible>
			<property name="group">movies</property>
			<property name="isSubmenu">True</property>
			</item>
		<item id="5">
			<property name="id">$NUMBER[5]</property>
			<property name="mainmenuid">1</property>
			<label>$LOCALIZE[562]</label>
			<label2>$LOCALIZE[342]</label2>
			<icon>DefaultShortcut.png</icon>
			<thumb />
			<property name="labelID">562</property>
			<property name="defaultID">562</property>
			<visible>[Library.HasContent(Movies)] + String.IsEqual(Container(9000).ListItem.Property(submenuVisibility),movies)</visible>
			<onclick>ActivateWindow(Videos,videodb://movies/years/,return)</onclick>
			<property name="path">ActivateWindow(Videos,videodb://movies/years/,return)</property>
			<property name="list">videodb://movies/years/</property>
			<visible>String.IsEqual(System.ProfileName,Master user)</visible>
			<property name="group">movies</property>
			<property name="isSubmenu">True</property>
			</item>
		<item id="6">
			<property name="id">$NUMBER[6]</property>
			<property name="mainmenuid">1</property>
			<label>$LOCALIZE[344]</label>
			<label2>$LOCALIZE[342]</label2>
			<icon>DefaultActor.png</icon>
			<thumb />
			<property name="labelID">344</property>
			<property name="defaultID">344</property>
			<visible>[Library.HasContent(Movies)] + String.IsEqual(Container(9000).ListItem.Property(submenuVisibility),movies)</visible>
			<onclick>ActivateWindow(Videos,videodb://movies/actors/,return)</onclick>
			<property name="path">ActivateWindow(Videos,videodb://movies/actors/,return)</property>
			<property name="list">videodb://movies/actors/</property>
			<visible>String.IsEqual(System.ProfileName,Master user)</visible>
			<property name="group">movies</property>
			<property name="isSubmenu">True</property>
			</item>
		<item id="1">
			<property name="id">$NUMBER[1]</property>
			<property name="mainmenuid">2</property>
			<label>$LOCALIZE[20387]</label>
			<label2>$ADDON[script.skinshortcuts 32014]</label2>
			<icon>DefaultRecentlyAddedEpisodes.png</icon>
			<thumb />
			<property name="labelID">20387</property>
			<property name="defaultID">20387</property>
			<onclick>ActivateWindow(Videos,videodb://recentlyaddedepisodes/,return)</onclick>
			<property name="path">ActivateWindow(Videos,videodb://recentlyaddedepisodes/,return)</property>
			<property name="list">videodb://recentlyaddedepisodes/</property>
			<visible>[String.IsEqual(System.ProfileName,Master user)] + String.IsEqual(Container(9000).ListItem.Property(submenuVisibility),tvshows)</visible>
			<property name="group">tvshows</property>
			<property name="isSubmenu">True</property>
			</item>
		<item id="2">
			<property name="id">$NUMBER[2]</property>
			<property name="mainmenuid">2</property>
			<label>$LOCALIZE[369]</label>
			<label2>$LOCALIZE[20343]</label2>
			<icon>DefaultShortcut.png</icon>
			<thumb />
			<property name="labelID">369</property>
			<property name="defaultID">369</property>
			<visible>[Library.HasContent(TVShows)] + String.IsEqual(Container(9000).ListItem.Property(submenuVisibility),tvshows)</visible>
			<onclick>ActivateWindow(Videos,videodb://tvshows/titles/,return)</onclick>
			<property name="path">ActivateWindow(Videos,videodb://tvshows/titles/,return)</property>
			<property name="list">videodb://tvshows/titles/</property>
			<visible>String.IsEqual(System.ProfileName,Master user)</visible>
			<property name="group">tvshows</property>
			<property name="isSubmenu">True</property>
			</item>
		<item id="3">
			<property name="id">$NUMBER[3]</property>
			<property name="mainmenuid">2</property>
			<label>$LOCALIZE[135]</label>
			<label2>$LOCALIZE[20343]</label2>
			<icon>DefaultShortcut.png</icon>
			<thumb />
			<property name="labelID">135</property>
			<property name="defaultID">135</property>
			<visible>[Library.HasContent(TVShows)] + String.IsEqual(Container(9000).ListItem.Property(submenuVisibility),tvshows)</visible>
			<onclick>ActivateWindow(Videos,videodb://tvshows/genres/,return)</onclick>
			<property name="path">ActivateWindow(Videos,videodb://tvshows/genres/,return)</property>
			<property name="list">videodb://tvshows/genres/</property>
			<visible>String.IsEqual(System.ProfileName,Master user)</visible>
			<property name="group">tvshows</property>
			<property name="isSubmenu">True</property>
			</item>
		<item id="4">
			<property name="id">$NUMBER[4]</property>
			<property name="mainmenuid">2</property>
			<label>$LOCALIZE[562]</label>
			<label2>$LOCALIZE[20343]</label2>
			<icon>DefaultShortcut.png</icon>
			<thumb />
			<property name="labelID">562</property>
			<property name="defaultID">562</property>
			<visible>[Library.HasContent(TVShows)] + String.IsEqual(Container(9000).ListItem.Property(submenuVisibility),tvshows)</visible>
			<onclick>ActivateWindow(Videos,videodb://tvshows/years/,return)</onclick>
			<property name="path">ActivateWindow(Videos,videodb://tvshows/years/,return)</property>
			<property name="list">videodb://tvshows/years/</property>
			<visible>String.IsEqual(System.ProfileName,Master user)</visible>
			<property name="group">tvshows</property>
			<property name="isSubmenu">True</property>
			</item>
		<item id="5">
			<property name="id">$NUMBER[5]</property>
			<property name="mainmenuid">2</property>
			<label>$LOCALIZE[344]</label>
			<label2>$LOCALIZE[20343]</label2>
			<icon>DefaultActor.png</icon>
			<thumb />
			<property name="labelID">344</property>
			<property name="defaultID">344</property>
			<visible>[Library.HasContent(TVShows)] + String.IsEqual(Container(9000).ListItem.Property(submenuVisibility),tvshows)</visible>
			<onclick>ActivateWindow(Videos,videodb://tvshows/actors/,return)</onclick>
			<property name="path">ActivateWindow(Videos,videodb://tvshows/actors/,return)</property>
			<property name="list">videodb://tvshows/actors/</property>
			<visible>String.IsEqual(System.ProfileName,Master user)</visible>
			<property name="group">tvshows</property>
			<property name="isSubmenu">True</property>
			</item>
		</include>
	<include name="skinshortcuts-group-movies">
		<item id="1">
			<property name="id">$NUMBER[1]</property>
			<property name="mainmenuid">1</property>
			<label>$LOCALIZE[20386]</label>
			<label2>$ADDON[script.skinshortcuts 32014]</label2>
			<icon>DefaultRecentlyAddedMovies.png</icon>
			<thumb />
			<property name="labelID">20386</property>
			<property name="defaultID">20386</property>
			<onclick>ActivateWindow(Videos,videodb://recentlyaddedmovies/,return)</onclick>
			<property name="path">ActivateWindow(Videos,videodb://recentlyaddedmovies/,return)</property>
			<property name="list">videodb://recentlyaddedmovies/</property>
			<visible>String.IsEqual(System.ProfileName,Master user)</visible>
			<property name="group">movies</property>
			<property name="isSubmenu">True</property>
			</item>
		<item id="2">
			<property name="id">$NUMBER[2]</property>
			<property name="mainmenuid">1</property>
			<label>$LOCALIZE[20434]</label>
			<label2>$LOCALIZE[342]</label2>
			<icon>DefaultShortcut.png</icon>
			<thumb />
			<property name="labelID">20434</property>
			<property name="defaultID">20434</property>
			<visible>Library.HasContent(MovieSets)</visible>
			<onclick>ActivateWindow(Videos,videodb://movies/sets/,return)</onclick>
			<property name="path">ActivateWindow(Videos,videodb://movies/sets/,return)</property>
			<property name="list">videodb://movies/sets/</property>
			<visible>String.IsEqual(System.ProfileName,Master user)</visible>
			<property name="group">movies</property>
			<property name="isSubmenu">True</property>
			</item>
		<item id="3">
			<property name="id">$NUMBER[3]</property>
			<property name="mainmenuid">1</property>
			<label>$LOCALIZE[369]</label>
			<label2>$LOCALIZE[342]</label2>
			<icon>DefaultShortcut.png</icon>
			<thumb />
			<property name="labelID">369</property>
			<property name="defaultID">369</property>
			<visible>Library.HasContent(Movies)</visible>
			<onclick>ActivateWindow(Videos,videodb://movies/titles/,return)</onclick>
			<property name="path">ActivateWindow(Videos,videodb://movies/titles/,return)</property>
			<property name="list">videodb://movies/titles/</property>
			<visible>String.IsEqual(System.ProfileName,Master user)</visible>
			<property name="group">movies</property>
			<property name="isSubmenu">True</property>
			</item>
		<item id="4">
			<property name="id">$NUMBER[4]</property>
			<property name="mainmenuid">1</property>
			<label>$LOCALIZE[135]</label>
			<label2>$LOCALIZE[342]</label2>
			<icon>DefaultShortcut.png</icon>
			<thumb />
			<property name="labelID">135</property>
			<property name="defaultID">135</property>
			<visible>Library.HasContent(Movies)</visible>
			<onclick>ActivateWindow(Videos,videodb://movies/genres/,return)</onclick>
			<property name="path">ActivateWindow(Videos,videodb://movies/genres/,return)</property>
			<property name="list">videodb://movies/genres/</property>
			<visible>String.IsEqual(System.ProfileName,Master user)</visible>
			<property name="group">movies</property>
			<property name="isSubmenu">True</property>
			</item>
		<item id="5">
			<property name="id">$NUMBER[5]</property>
			<property name="mainmenuid">1</property>
			<label>$LOCALIZE[562]</label>
			<label2>$LOCALIZE[342]</label2>
			<icon>DefaultShortcut.png</icon>
			<thumb />
			<property name="labelID">562</property>
			<property name="defaultID">562</property>
			<visible>Library.HasContent(Movies)</visible>
			<onclick>ActivateWindow(Videos,videodb://movies/years/,return)</onclick>
			<property name="path">ActivateWindow(Videos,videodb://movies/years/,return)</property>
			<property name="list">videodb://movies/years/</property>
			<visible>String.IsEqual(System.ProfileName,Master user)</visible>
			<property name="group">movies</property>
			<property name="isSubmenu">True</property>
			</item>
		<item id="6">
			<property name="id">$NUMBER[6]</property>
			<property name="mainmenuid">1</property>
			<label>$LOCALIZE[344]</label>
			<label2>$LOCALIZE[342]</label2>
			<icon>DefaultActor.png</icon>
			<thumb />
			<property name="labelID">344</property>
			<property name="defaultID">344</property>
			<visible>Library.HasContent(Movies)</visible>
			<onclick>ActivateWindow(Videos,videodb://movies/actors/,return)</onclick>
			<property name="path">ActivateWindow(Videos,videodb://movies/actors/,return)</property>
			<property name="list">videodb://movies/actors/</property>
			<visible>String.IsEqual(System.ProfileName,Master user)</visible>
			<property name="group">movies</property>
			<property name="isSubmenu">True</property>
			</item>
		</include>
	<include name="skinshortcuts-group-alt-movies">
		<item id="1">
			<property name="id">$NUMBER[1]</property>
			<property name="mainmenuid">1</property>
			<label>$LOCALIZE[20386]</label>
			<label2>$ADDON[script.skinshortcuts 32014]</label2>
			<icon>DefaultRecentlyAddedMovies.png</icon>
			<thumb />
			<property name="labelID">20386</property>
			<property name="defaultID">20386</property>
			<onclick>ActivateWindow(Videos,videodb://recentlyaddedmovies/,return)</onclick>
			<property name="path">ActivateWindow(Videos,videodb://recentlyaddedmovies/,return)</property>
			<property name="list">videodb://recentlyaddedmovies/</property>
			<visible>[String.IsEqual(System.ProfileName,Master user)] + String.IsEqual(Window(10000).Property(submenuVisibility),movies)</visible>
			<property name="group">movies</property>
			<property name="isSubmenu">True</property>
			</item>
		<item id="2">
			<property name="id">$NUMBER[2]</property>
			<property name="mainmenuid">1</property>
			<label>$LOCALIZE[20434]</label>
			<label2>$LOCALIZE[342]</label2>
			<icon>DefaultShortcut.png</icon>
			<thumb />
			<property name="labelID">20434</property>
			<property name="defaultID">20434</property>
			<visible>[Library.HasContent(MovieSets)] + String.IsEqual(Window(10000).Property(submenuVisibility),movies)</visible>
			<onclick>ActivateWindow(Videos,videodb://movies/sets/,return)</onclick>
			<property name="path">ActivateWindow(Videos,videodb://movies/sets/,return)</property>
			<property name="list">videodb://movies/sets/</property>
			<visible>String.IsEqual(System.ProfileName,Master user)</visible>
			<property name="group">movies</property>
			<property name="isSubmenu">True</property>
			</item>
		<item id="3">
			<property name="id">$NUMBER[3]</property>
			<property name="mainmenuid">1</property>
			<label>$LOCALIZE[369]</label>
			<label2>$LOCALIZE[342]</label2>
			<icon>DefaultShortcut.png</icon>
			<thumb />
			<property name="labelID">369</property>
			<property name="defaultID">369</property>
			<visible>[Library.HasContent(Movies)] + String.IsEqual(Window(10000).Property(submenuVisibility),movies)</visible>
			<onclick>ActivateWindow(Videos,videodb://movies/titles/,return)</onclick>
			<property name="path">ActivateWindow(Videos,videodb://movies/titles/,return)</property>
			<property name="list">videodb://movies/titles/</property>
			<visible>String.IsEqual(System.ProfileName,Master user)</visible>
			<property name="group">movies</property>
			<property name="isSubmenu">True</property>
			</item>
		<item id="4">
			<property name="id">$NUMBER[4]</property>
			<property name="mainmenuid">1</property>
			<label>$LOCALIZE[135]</label>
			<label2>$LOCALIZE[342]</label2>
			<icon>DefaultShortcut.png</icon>
			<thumb />
			<property name="labelID">135</property>
			<property name="defaultID">135</property>
			<visible>[Library.HasContent(Movies)] + String.IsEqual(Window(10000).Property(submenuVisibility),movies)</visible>
			<onclick>ActivateWindow(Videos,videodb://movies/genres/,return)</onclick>
			<property name="path">ActivateWindow(Videos,videodb://movies/genres/,return)</property>
			<property name="list">videodb://movies/genres/</property>
			<visible>String.IsEqual(System.ProfileName,Master user)</visible>
			<property name="group">movies</property>
			<property name="isSubmenu">True</property>
			</item>
		<item id="5">
			<property name="id">$NUMBER[5]</property>
			<property name="mainmenuid">1</property>
			<label>$LOCALIZE[562]</label>
			<label2>$LOCALIZE[342]</label2>
			<icon>DefaultShortcut.png</icon>
			<thumb />
			<property name="labelID">562</property>
			<property name="defaultID">562</property>
			<visible>[Library.HasContent(Movies)] + String.IsEqual(Window(10000).Property(submenuVisibility),movies)</visible>
			<onclick>ActivateWindow(Videos,videodb://movies/years/,return)</onclick>
			<property name="path">ActivateWindow(Videos,videodb://movies/years/,return)</property>
			<property name="list">videodb://movies/years/</property>
			<visible>String.IsEqual(System.ProfileName,Master user)</visible>
			<property name="group">movies</property>
			<property name="isSubmenu">True</property>
			</item>
		<item id="6">
			<property name="id">$NUMBER[6]</property>
			<property name="mainmenuid">1</property>
			<label>$LOCALIZE[344]</label>
			<label2>$LOCALIZE[342]</label2>
			<icon>DefaultActor.png</icon>
			<thumb />
			<property name="labelID">344</property>
			<property name="defaultID">344</property>
			<visible>[Library.HasContent(Movies)] + String.IsEqual(Window(10000).Property(submenuVisibility),movies)</visible>
			<onclick>ActivateWindow(Videos,videodb://movies/actors/,return)</onclick>
			<property name="path">ActivateWindow(Videos,videodb://movies/actors/,return)</property>
			<property name="list">videodb://movies/actors/</property>
			<visible>String.IsEqual(System.ProfileName,Master user)</visible>
			<property name="group">movies</property>
			<property name="isSubmenu">True</property>
			</item>
		</include>
	<include name="skinshortcuts-group-tvshows">
		<item id="1">
			<property name="id">$NUMBER[1]</property>
			<property name="mainmenuid">2</property>
			<label>$LOCALIZE[20387]</label>
			<label2>$ADDON[script.skinshortcuts 32014]</label2>
			<icon>DefaultRecentlyAddedEpisodes.png</icon>
			<thumb />
			<property name="labelID">20387</property>
			<property name="defaultID">20387</property>
			<onclick>ActivateWindow(Videos,videodb://recentlyaddedepisodes/,return)</onclick>
			<property name="path">ActivateWindow(Videos,videodb://recentlyaddedepisodes/,return)</property>
			<property name="list">videodb://recentlyaddedepisodes/</property>
			<visible>String.IsEqual(System.ProfileName,Master user)</visible>
			<property name="group">tvshows</property>
			<property name="isSubmenu">True</property>
			</item>
		<item id="2">
			<property name="id">$NUMBER[2]</property>
			<property name="mainmenuid">2</property>
			<label>$LOCALIZE[369]</label>
			<label2>$LOCALIZE[20343]</label2>
			<icon>DefaultShortcut.png</icon>
			<thumb />
			<property name="labelID">369</property>
			<property name="defaultID">369</property>
			<visible>Library.HasContent(TVShows)</visible>
			<onclick>ActivateWindow(Videos,videodb://tvshows/titles/,return)</onclick>
			<property name="path">ActivateWindow(Videos,videodb://tvshows/titles/,return)</property>
			<property name="list">videodb://tvshows/titles/</property>
			<visible>String.IsEqual(System.ProfileName,Master user)</visible>
			<property name="group">tvshows</property>
			<property name="isSubmenu">True</property>
			</item>
		<item id="3">
			<property name="id">$NUMBER[3]</property>
			<property name="mainmenuid">2</property>
			<label>$LOCALIZE[135]</label>
			<label2>$LOCALIZE[20343]</label2>
			<icon>DefaultShortcut.png</icon>
			<thumb />
			<property name="labelID">135</property>
			<property name="defaultID">135</property>
			<visible>Library.HasContent(TVShows)</visible>
			<onclick>ActivateWindow(Videos,videodb://tvshows/genres/,return)</onclick>
			<property name="path">ActivateWindow(Videos,videodb://tvshows/genres/,return)</property>
			<property name="list">videodb://tvshows/genres/</property>
			<visible>String.IsEqual(System.ProfileName,Master user)</visible>
			<property name="group">tvshows</property>
			<property name="isSubmenu">True</property>
			</item>
		<item id="4">
			<property name="id">$NUMBER[4]</property>
			<property name="mainmenuid">2</property>
			<label>$LOCALIZE[562]</label>
			<label2>$LOCALIZE[20343]</label2>
			<icon>DefaultShortcut.png</icon>
			<thumb />
			<property name="labelID">562</property>
			<property name="defaultID">562</property>
			<visible>Library.HasContent(TVShows)</visible>
			<onclick>ActivateWindow(Videos,videodb://tvshows/years/,return)</onclick>
			<property name="path">ActivateWindow(Videos,videodb://tvshows/years/,return)</property>
			<property name="list">videodb://tvshows/years/</property>
			<visible>String.IsEqual(System.ProfileName,Master user)</visible>
			<property name="group">tvshows</property>
			<property name="isSubmenu">True</property>
			</item>
		<item id="5">
			<property name="id">$NUMBER[5]</property>
			<property name="mainmenuid">2</property>
			<label>$LOCALIZE[344]</label>
			<label2>$LOCALIZE[20343]</label2>
			<icon>DefaultActor.png</icon>
			<thumb />
			<property name="labelID">344</property>
			<property name="defaultID">344</property>
			<visible>Library.HasContent(TVShows)</visible>
			<onclick>ActivateWindow(Videos,videodb://tvshows/actors/,return)</onclick>
			<property name="path">ActivateWindow(Videos,videodb://tvshows/actors/,return)</property>
			<property name="list">videodb://tvshows/actors/</property>
			<visible>String.IsEqual(System.ProfileName,Master user)</visible>
			<property name="group">tvshows</property>
			<property name="isSubmenu">True</property>
			</item>
		</include>
	<include name="skinshortcuts-group-alt-tvshows">
		<item id="1">
			<property name="id">$NUMBER[1]</property>
			<property name="mainmenuid">2</property>
			<label>$LOCALIZE[20387]</label>
			<label2>$ADDON[script.skinshortcuts 32014]</label2>
			<icon>DefaultRecentlyAddedEpisodes.png</icon>
			<thumb />
			<property name="labelID">20387</property>
			<property name="defaultID">20387</property>
			<onclick>ActivateWindow(Videos,videodb://recentlyaddedepisodes/,return)</onclick>
			<property name="path">ActivateWindow(Videos,videodb://recentlyaddedepisodes/,return)</property>
			<property name="list">videodb://recentlyaddedepisodes/</property>
			<visible>[String.IsEqual(System.ProfileName,Master user)] + String.IsEqual(Window(10000).Property(submenuVisibility),tvshows)</visible>
			<property name="group">tvshows</property>
			<property name="isSubmenu">True</property>
			</item>
		<item id="2">
			<property name="id">$NUMBER[2]</property>
			<property name="mainmenuid">2</property>
			<label>$LOCALIZE[369]</label>
			<label2>$LOCALIZE[20343]</label2>
			<icon>DefaultShortcut.png</icon>
			<thumb />
			<property name="labelID">369</property>
			<property name="defaultID">369</property>
			<visible>[Library.HasContent(TVShows)] + String.IsEqual(Window(10000).Property(submenuVisibility),tvshows)</visible>
			<onclick>ActivateWindow(Videos,videodb://tvshows/titles/,return)</onclick>
			<property name="path">ActivateWindow(Videos,videodb://tvshows/titles/,return)</property>
			<property name="list">videodb://tvshows/titles/</property>
			<visible>String.IsEqual(System.ProfileName,Master user)</visible>
			<property name="group">tvshows</property>
			<property name="isSubmenu">True</property>
			</item>
		<item id="3">
			<property name="id">$NUMBER[3]</property>
			<property name="mainmenuid">2</property>
			<label>$LOCALIZE[135]</label>
			<label2>$LOCALIZE[20343]</label2>
			<icon>DefaultShortcut.png</icon>
			<thumb />
			<property name="labelID">135</property>
			<property name="defaultID">135</property>
			<visible>[Library.HasContent(TVShows)] + String.IsEqual(Window(10000).Property(submenuVisibility),tvshows)</visible>
			<onclick>ActivateWindow(Videos,videodb://tvshows/genres/,return)</onclick>
			<property name="path">ActivateWindow(Videos,videodb://tvshows/genres/,return)</property>
			<property name="list">videodb://tvshows/genres/</property>
			<visible>String.IsEqual(System.ProfileName,Master user)</visible>
			<property name="group">tvshows</property>
			<property name="isSubmenu">True</property>
			</item>
		<item id="4">
			<property name="id">$NUMBER[4]</property>
			<property name="mainmenuid">2</property>
			<label>$LOCALIZE[562]</label>
			<label2>$LOCALIZE[20343]</label2>
			<icon>DefaultShortcut.png</icon>
			<thumb />
			<property name="labelID">562</property>
			<property name="defaultID">562</property>
			<visible>[Library.HasContent(TVShows)] + String.IsEqual(Window(10000).Property(submenuVisibility),tvshows)</visible>
			<onclick>ActivateWindow(Videos,videodb://tvshows/years/,return)</onclick>
			<property name="path">ActivateWindow(Videos,videodb://tvshows/years/,return)</property>
			<property name="list">videodb://tvshows/years/</property>
			<visible>String.IsEqual(System.ProfileName,Master user)</visible>
			<property name="group">tvshows</property>
			<property name="isSubmenu">True</property>
			</item>
		<item id="5">
			<property name="id">$NUMBER[5]</property>
			<property name="mainmenuid">2</property>
			<label>$LOCALIZE[344]</label>
			<label2>$LOCALIZE[20343]</label2>
			<icon>DefaultActor.png</icon>
			<thumb />
			<property name="labelID">344</property>
			<property name="defaultID">344</property>
			<visible>[Library.HasContent(TVShows)] + String.IsEqual(Window(10000).Property(submenuVisibility),tvshows)</visible>
			<onclick>ActivateWindow(Videos,videodb://tvshows/actors/,return)</onclick>
			<property name="path">ActivateWindow(Videos,videodb://tvshows/actors/,return)</property>
			<property name="list">videodb://tvshows/actors/</property>
			<visible>String.IsEqual(System.ProfileName,Master user)</visible>
			<property name="group">tvshows</property>
			<property name="isSubmenu">True</property>
			</item>
		</include>
	<include name="skinshortcuts-group-music">
		<description>No items</description>
		</include>
	<include name="skinshortcuts-group-alt-music">
		<description>No items</description>
		</include>
	<include name="skinshortcuts-group-u2pplay">
		<description>No items</description>
		</include>
	<include name="skinshortcuts-group-alt-u2pplay">
		<description>No items</description>
		</include>
	<include name="skinshortcuts-group-num-1036">
		<description>No items</description>
		</include>
	<include name="skinshortcuts-group-alt-num-1036">
		<description>No items</description>
		</include>
	<include name="skinshortcuts-group-num-13009">
		<description>No items</description>
		</include>
	<include name="skinshortcuts-group-alt-num-13009">
		<description>No items</description>
		</include>
	</includes>
