<?xml version="1.0" encoding="UTF-8"?>
<window>
	<!-- skinsettings -->
	<backgroundcolor>$VAR[Secondary_Color]</backgroundcolor>
	<include>SettingsCategory_Fade_Animation</include>
	<include content="Object_Include" condition="!String.IsEqual(Window(home).Property(SettingsCategory_Switcher),true)">
		<defaultcontrol always="true">9001</defaultcontrol>
	</include>
	<include content="Object_Include" condition="String.IsEqual(Window(home).Property(SettingsCategory_Switcher),true)">
		<defaultcontrol always="true">9002</defaultcontrol>
	</include>
	<onunload>RunScript(script.skinshortcuts,type=buildxml&amp;mainmenuID=9000&amp;group=mainmenu|shutdownmenu)</onunload>
	<onunload condition="!ControlGroup(9).HasFocus(11)">SetFocus(10)</onunload>
	<controls>

		<include content="Delay_Content_Load">
			<param name="id" value="9001"/>
			<param name="time" value="360"/>
			<param name="target_id" value="SetFocus(300000)"/>
		</include>

		<!-- Hidden Focus setter -->
		<control type="button" id="9002">
			<visible allowhiddenfocus="true">false</visible>
			<onfocus>SetFocus(300000)</onfocus>
		</control>

		<include condition="System.HasAddon(script.embuary.helper)" content="Settings_Fanart_Slideshow"/>

		<!-- Content -->
		<control type="group">
			<visible>!$EXP[TransparentDialog_IsVisible] + !System.HasVisibleModalDialog</visible>
			<include>Delayed_Content_Fade_Animation</include>

			<control type="group">
				<visible>!Control.HasFocus(9001)</visible>
				<include>Content_Fade_Animation</include>
				<include content="Transparent_Dialog_Panel">
					<param name="top" value="180"/>
					<param name="bottom" value="180"/>
				</include>
			</control>

			<control type="group">
				<visible>!Control.HasFocus(9001)</visible>
				<include>Long_Delayed_Content_Fade_Animation</include>

				<include content="SettingsCategory_Layout">
					<param name="mainlist" value="9"/>
					<param name="sublist" value="2"/>
				</include>

				<!-- Left List -->
				<control type="group">
					<left>90</left>
					<width>480</width>
					<control type="grouplist" id="9">
						<visible allowhiddenfocus="true">true</visible>
						<centertop>50%</centertop>
						<height>630</height>
						<onright>2</onright>
						<onleft>30000</onleft>
						<itemgap>0</itemgap>
						<orientation>vertical</orientation>
						<scrolltime tween="sine" easing="inout">360</scrolltime>
						<control type="button" id="10">
							<label>$LOCALIZE[31149]</label>
							<texturefocus/>
						</control>
						<control type="button" id="11">
							<label>$LOCALIZE[31211]</label>
							<texturefocus/>
						</control>
						<control type="button" id="12">
							<visible>Skin.HasSetting(Widgets_Enabled)</visible>
							<label>$LOCALIZE[31219]</label>
							<texturefocus/>
						</control>
						<control type="button" id="13">
							<label>$LOCALIZE[128]</label>
							<texturefocus/>
						</control>
						<control type="button" id="14">
							<label>$LOCALIZE[24997]</label>
							<texturefocus/>
						</control>
					</control>
					<!-- Dummy underline for main list when unfocused -->
					<control type="image">
						<animation effect="slide" end="0,90" time="0" reversible="false" condition="Container(9).Position(1)">Conditional</animation>
						<animation effect="slide" end="0,180" time="0" reversible="false" condition="Container(9).Position(2)">Conditional</animation>
						<animation effect="slide" end="0,270" time="0" reversible="false" condition="Container(9).Position(3)">Conditional</animation>
						<animation effect="slide" end="0,360" time="0" reversible="false" condition="Container(9).Position(4)">Conditional</animation>
						<animation effect="slide" end="0,450" time="0" reversible="false" condition="Container(9).Position(5)">Conditional</animation>
						<animation effect="slide" end="0,540" time="0" reversible="false" condition="Container(9).Position(6)">Conditional</animation>
						<left>60</left>
						<height>1</height>
						<top>314</top>
						<texture colordiffuse="$VAR[Unfocused_Color]">views/white_100.png</texture>
					</control>
				</control>

				<!-- Right grouplist -->
				<control type="grouplist" id="2">
					<width>1260</width>
					<left>570</left>
					<height>630</height>
					<centertop>50%</centertop>
					<itemgap>0</itemgap>
					<onleft>9</onleft>
					<onback>9</onback>
					<onright>300000</onright>
					<orientation>vertical</orientation>
					<align>top</align>
					<scrolltime tween="sine" easing="inout">360</scrolltime>
					<pagecontrol>60</pagecontrol>
					<!-- Menus -->
					<control type="button" id="1000">
						<description>Customise home menu shortcuts</description>
						<label>$LOCALIZE[31220]</label>
						<onclick condition="System.HasAddon(script.skinshortcuts)">RunScript(script.skinshortcuts,type=manage&amp;group=mainmenu)</onclick>
						<onclick condition="!System.HasAddon(script.skinshortcuts)">InstallAddon(script.skinshortcuts)</onclick>
						<visible>Control.HasFocus(300000) | ControlGroup(9).HasFocus(10)</visible>
					</control>
					<control type="button" id="1001">
						<description>Customise shutdownmenu shortcuts</description>
						<label>$LOCALIZE[31151]</label>
						<onclick condition="System.HasAddon(script.skinshortcuts)">RunScript(script.skinshortcuts,type=manage&amp;group=shutdownmenu)</onclick>
						<onclick condition="!System.HasAddon(script.skinshortcuts)">InstallAddon(script.skinshortcuts)</onclick>
						<visible>Control.HasFocus(300000) | ControlGroup(9).HasFocus(10)</visible>
					</control>
					<control type="button" id="1002">
						<description>Reset menu shortcuts</description>
						<label>- $LOCALIZE[31221]</label>
						<onclick condition="System.HasAddon(script.skinshortcuts)">RunScript(script.skinshortcuts,type=resetall)</onclick>
						<onclick condition="!System.HasAddon(script.skinshortcuts)">InstallAddon(script.skinshortcuts)</onclick>
						<visible>Control.HasFocus(300000) | ControlGroup(9).HasFocus(10)</visible>
					</control>
					<!-- Home -->
					<control type="label" id="1100">
						<height>90</height>
						<textoffsetx>30</textoffsetx>
						<font>Default_Settings_Header</font>
						<textcolor>$VAR[Unfocused_Color]</textcolor>
						<label>$LOCALIZE[31224]</label>
						<visible>ControlGroup(9).HasFocus(11)</visible>
					</control>
					<control type="radiobutton" id="1101">
						<description>Enable widgets</description>
						<label>$LOCALIZE[31238]</label>
						<onclick>Skin.ToggleSetting(Widgets_Enabled)</onclick>
						<selected>Skin.HasSetting(Widgets_Enabled)</selected>
						<visible>ControlGroup(9).HasFocus(11)</visible>
					</control>
					<control type="button" id="1102">
						<description>Reset widgets</description>
						<label>- $LOCALIZE[31152]</label>
						<onclick>RunScript(script.embuary.helper,action=dialogyesno,header=$LOCALIZE[31152],message=$LOCALIZE[31153],yesaction=SetFocus(9003))</onclick>
						<visible>ControlGroup(9).HasFocus(11) + Skin.HasSetting(Widgets_Enabled)</visible>
					</control>
					<!-- Background -->
					<control type="label" id="1103">
						<height>90</height>
						<textoffsetx>30</textoffsetx>
						<font>Default_Settings_Header</font>
						<textcolor>$VAR[Unfocused_Color]</textcolor>
						<label>$LOCALIZE[32102]</label>
						<visible>ControlGroup(9).HasFocus(11)</visible>
					</control>
					<control type="radiobutton" id="1104">
						<description>Override slideshow</description>
						<label>$LOCALIZE[31258]</label>
						<onclick>Skin.ToggleSetting(Home_Background_Override_Enabled)</onclick>
						<selected>Skin.HasSetting(Home_Background_Override_Enabled)</selected>
						<visible>ControlGroup(9).HasFocus(11)</visible>
					</control>
					<control type="button" id="1105">
						<description>Choose a custom path</description>
						<label>$VAR[Home_Background_Override_Label,- ]</label>
						<onclick condition="System.HasAddon(script.skinshortcuts)">RunScript(script.skinshortcuts,type=shortcuts&amp;custom=True&amp;showNone=False&amp;skinList=Home_Background_Override)</onclick>
						<onclick condition="!System.HasAddon(script.skinshortcuts)">Skin.SetString(Home_Background_Override)</onclick>
						<visible>ControlGroup(9).HasFocus(11) + Skin.HasSetting(Home_Background_Override_Enabled)</visible>
					</control>
					<control type="button" id="1106">
						<description>Set artwork opacity</description>
						<label>$LOCALIZE[31243]</label>
						<onclick>Skin.SelectBool(746, 31248|Home_Screen_Opacity_50, 31249|Home_Screen_Opacity_33, 31250|Home_Screen_Opacity_25)</onclick>
						<visible>ControlGroup(9).HasFocus(11)</visible>
					</control>
					<control type="radiobutton" id="1107">
						<description>Hide clock</description>
						<label>$LOCALIZE[31244]</label>
						<onclick>Skin.ToggleSetting(Hide_Home_Clock)</onclick>
						<selected>Skin.HasSetting(Hide_Home_Clock)</selected>
						<visible>ControlGroup(9).HasFocus(11)</visible>
					</control>

					<!-- Widgets -->
					<include content="Widget_Settings">
						<param name="previous_widget_position" value="9"/>
						<param name="widget_position" value="1"/>
						<param name="next_widget_position" value="2"/>
					</include>
					<include content="Widget_Settings">
						<param name="previous_widget_position" value="1"/>
						<param name="widget_position" value="2"/>
						<param name="next_widget_position" value="3"/>
					</include>
					<include content="Widget_Settings">
						<param name="previous_widget_position" value="2"/>
						<param name="widget_position" value="3"/>
						<param name="next_widget_position" value="4"/>
					</include>
					<include content="Widget_Settings">
						<param name="previous_widget_position" value="3"/>
						<param name="widget_position" value="4"/>
						<param name="next_widget_position" value="5"/>
					</include>
					<include content="Widget_Settings">
						<param name="previous_widget_position" value="4"/>
						<param name="widget_position" value="5"/>
						<param name="next_widget_position" value="6"/>
					</include>
					<include content="Widget_Settings">
						<param name="previous_widget_position" value="5"/>
						<param name="widget_position" value="6"/>
						<param name="next_widget_position" value="7"/>
					</include>
					<include content="Widget_Settings">
						<param name="previous_widget_position" value="6"/>
						<param name="widget_position" value="7"/>
						<param name="next_widget_position" value="8"/>
					</include>
					<include content="Widget_Settings">
						<param name="previous_widget_position" value="7"/>
						<param name="widget_position" value="8"/>
						<param name="next_widget_position" value="9"/>
					</include>
					<include content="Widget_Settings">
						<param name="previous_widget_position" value="8"/>
						<param name="widget_position" value="9"/>
						<param name="next_widget_position" value="1"/>
					</include>

					<!-- General -->
					<control type="radiobutton" id="1300">
						<description>Theme</description>
						<label>$LOCALIZE[15111] / $VAR[Theme_Label]</label>
						<selected>!Skin.String(Theme,Light)</selected>
						<onclick condition="!Skin.String(Theme,Light)">Skin.SetString(Theme,Light)</onclick>
						<onclick condition="Skin.String(Theme,Light)">Skin.SetString(Theme,Dark)</onclick>
						<textureradioonfocus/>
						<textureradioofffocus/>
						<textureradioonnofocus/>
						<textureradiooffnofocus/>
						<textureradioondisabled/>
						<textureradiooffdisabled/>
						<visible>ControlGroup(9).HasFocus(13)</visible>
					</control>
					<control type="radiobutton" id="1301">
						<description>Enable embedded lists</description>
						<label>$LOCALIZE[31239]</label>
						<onclick>Skin.ToggleSetting(Secondary_List_Enabled)</onclick>
						<selected>Skin.HasSetting(Secondary_List_Enabled)</selected>
						<visible>ControlGroup(9).HasFocus(13)</visible>
					</control>
					<control type="radiobutton" id="1302">
						<description>Enable embedded music player</description>
						<label>$LOCALIZE[31240]</label>
						<onclick>Skin.ToggleSetting(Music_Player_Enabled)</onclick>
						<selected>Skin.HasSetting(Music_Player_Enabled)</selected>
						<visible>ControlGroup(9).HasFocus(13)</visible>
					</control>
					<control type="radiobutton" id="1303">
						<description>Enable multiart slideshows</description>
						<label>$LOCALIZE[31245]</label>
						<onclick>Skin.ToggleSetting(Multiart_Slideshow)</onclick>
						<selected>Skin.HasSetting(Multiart_Slideshow)</selected>
						<visible>ControlGroup(9).HasFocus(13)</visible>
					</control>
					<control type="button" id="1304">
						<description>Set multiart slideshow transition duration</description>
						<label>- $LOCALIZE[31251]</label>
						<onclick>Skin.SelectBool(31252, 31253|3_Second_Slideshow, 31254|4_Second_Slideshow, 31255|5_Second_Slideshow, 31256|7_Second_Slideshow, 31257|10_Second_Slideshow)</onclick>
						<visible>ControlGroup(9).HasFocus(13) + Skin.HasSetting(Multiart_Slideshow)</visible>
					</control>

					<!-- Look and Feel -->
					<control type="radiobutton" id="1400">
						<description>Prefer keyart for poster views</description>
						<label>$LOCALIZE[31241]</label>
						<onclick>Skin.ToggleSetting(Prefer_Keyart)</onclick>
						<selected>Skin.HasSetting(Prefer_Keyart)</selected>
						<visible>ControlGroup(9).HasFocus(14)</visible>
					</control>
					<control type="radiobutton" id="1401">
						<description>Show unwatched episodes count</description>
						<label>$LOCALIZE[31246]</label>
						<onclick>Skin.ToggleSetting(Unwatched_Indicator)</onclick>
						<selected>Skin.HasSetting(Unwatched_Indicator)</selected>
						<visible>ControlGroup(9).HasFocus(14)</visible>
					</control>
					<control type="radiobutton" id="1402">
						<description>Show unwatched instead of watched in details</description>
						<label>$LOCALIZE[31247]</label>
						<onclick>Skin.ToggleSetting(Unwatched_Info)</onclick>
						<selected>Skin.HasSetting(Unwatched_Info)</selected>
						<visible>ControlGroup(9).HasFocus(14)</visible>
					</control>
					<control type="radiobutton" id="1403">
						<description>Disable video player progress bar on pause screen</description>
						<label>$LOCALIZE[31242]</label>
						<onclick>Skin.ToggleSetting(Player_Progress_Disabled)</onclick>
						<selected>Skin.HasSetting(Player_Progress_Disabled)</selected>
						<visible>ControlGroup(9).HasFocus(14)</visible>
					</control>
				</control>

			</control>
		</control>

		<!--Hidden widget resetter -->
		<control type="button" id="9003">
			<visible allowhiddenfocus="true">false</visible>
			<!-- Widget 1: In Progress, Strip, fanart -->
			<onfocus>Skin.Reset(Widget1_Content_Disabled)</onfocus>
			<onfocus>Skin.Reset(Widget1_Content_InProgress)</onfocus>
			<onfocus>Skin.Reset(Widget1_Content_NextUp)</onfocus>
			<onfocus>Skin.Reset(Widget1_Content_LatestMovies)</onfocus>
			<onfocus>Skin.Reset(Widget1_Content_LatestTVShows)</onfocus>
			<onfocus>Skin.Reset(Widget1_Content_RandomMovies)</onfocus>
			<onfocus>Skin.Reset(Widget1_Content_RandomTVShows)</onfocus>
			<onfocus>Skin.Reset(Widget1_Content_LatestAlbums)</onfocus>
			<onfocus>Skin.Reset(Widget1_Content_RecentAlbums)</onfocus>
			<onfocus>Skin.Reset(Widget1_Content_RandomAlbums)</onfocus>
			<onfocus>Skin.Reset(Widget1_Content_Favourites)</onfocus>
			<onfocus>Skin.Reset(Widget1_Content_Custom)</onfocus>
			<onfocus>Skin.Reset(Widget1_View_Billboard)</onfocus>
			<onfocus>Skin.Reset(Widget1_View_Showcase)</onfocus>
			<onfocus>Skin.Reset(Widget1_View_Strip)</onfocus>
			<onfocus>Skin.Reset(Widget1_View_Grid)</onfocus>
			<onfocus>Skin.Reset(Widget1_Display_Fanart)</onfocus>
			<onfocus>Skin.Reset(Widget1_Display_Posters)</onfocus>
			<onfocus>Skin.Reset(Widget1_Display_Square)</onfocus>
			<onfocus>Skin.SetBool(Widget1_Content_InProgress)</onfocus>
			<onfocus>Skin.SetBool(Widget1_View_Strip)</onfocus>
			<onfocus>Skin.SetBool(Widget1_Display_Fanart)</onfocus>
			<!-- Widget 2: Next up, Strip, posters -->
			<onfocus>Skin.Reset(Widget2_Content_Disabled)</onfocus>
			<onfocus>Skin.Reset(Widget2_Content_InProgress)</onfocus>
			<onfocus>Skin.Reset(Widget2_Content_NextUp)</onfocus>
			<onfocus>Skin.Reset(Widget2_Content_LatestMovies)</onfocus>
			<onfocus>Skin.Reset(Widget2_Content_LatestTVShows)</onfocus>
			<onfocus>Skin.Reset(Widget2_Content_RandomMovies)</onfocus>
			<onfocus>Skin.Reset(Widget2_Content_RandomTVShows)</onfocus>
			<onfocus>Skin.Reset(Widget2_Content_LatestAlbums)</onfocus>
			<onfocus>Skin.Reset(Widget2_Content_RecentAlbums)</onfocus>
			<onfocus>Skin.Reset(Widget2_Content_RandomAlbums)</onfocus>
			<onfocus>Skin.Reset(Widget2_Content_Favourites)</onfocus>
			<onfocus>Skin.Reset(Widget2_Content_Custom)</onfocus>
			<onfocus>Skin.Reset(Widget2_View_Billboard)</onfocus>
			<onfocus>Skin.Reset(Widget2_View_Showcase)</onfocus>
			<onfocus>Skin.Reset(Widget2_View_Strip)</onfocus>
			<onfocus>Skin.Reset(Widget2_View_Grid)</onfocus>
			<onfocus>Skin.Reset(Widget2_Display_Fanart)</onfocus>
			<onfocus>Skin.Reset(Widget2_Display_Posters)</onfocus>
			<onfocus>Skin.Reset(Widget2_Display_Square)</onfocus>
			<onfocus>Skin.SetBool(Widget2_Content_NextUp)</onfocus>
			<onfocus>Skin.SetBool(Widget2_View_Strip)</onfocus>
			<onfocus>Skin.SetBool(Widget2_Display_Posters)</onfocus>
			<!-- Widget 3: Latest movies, Billboard, fanart -->
			<onfocus>Skin.Reset(Widget3_Content_Disabled)</onfocus>
			<onfocus>Skin.Reset(Widget3_Content_InProgress)</onfocus>
			<onfocus>Skin.Reset(Widget3_Content_NextUp)</onfocus>
			<onfocus>Skin.Reset(Widget3_Content_LatestMovies)</onfocus>
			<onfocus>Skin.Reset(Widget3_Content_LatestTVShows)</onfocus>
			<onfocus>Skin.Reset(Widget3_Content_RandomMovies)</onfocus>
			<onfocus>Skin.Reset(Widget3_Content_RandomTVShows)</onfocus>
			<onfocus>Skin.Reset(Widget3_Content_LatestAlbums)</onfocus>
			<onfocus>Skin.Reset(Widget3_Content_RecentAlbums)</onfocus>
			<onfocus>Skin.Reset(Widget3_Content_RandomAlbums)</onfocus>
			<onfocus>Skin.Reset(Widget3_Content_Favourites)</onfocus>
			<onfocus>Skin.Reset(Widget3_Content_Custom)</onfocus>
			<onfocus>Skin.Reset(Widget3_View_Billboard)</onfocus>
			<onfocus>Skin.Reset(Widget3_View_Showcase)</onfocus>
			<onfocus>Skin.Reset(Widget3_View_Strip)</onfocus>
			<onfocus>Skin.Reset(Widget3_View_Grid)</onfocus>
			<onfocus>Skin.Reset(Widget3_Display_Fanart)</onfocus>
			<onfocus>Skin.Reset(Widget3_Display_Posters)</onfocus>
			<onfocus>Skin.Reset(Widget3_Display_Square)</onfocus>
			<onfocus>Skin.SetBool(Widget3_Content_LatestMovies)</onfocus>
			<onfocus>Skin.SetBool(Widget3_View_Billboard)</onfocus>
			<onfocus>Skin.SetBool(Widget3_Display_Fanart)</onfocus>
			<!-- Widget 4: Latest tv shows, grid, posters -->
			<onfocus>Skin.Reset(Widget4_Content_Disabled)</onfocus>
			<onfocus>Skin.Reset(Widget4_Content_InProgress)</onfocus>
			<onfocus>Skin.Reset(Widget4_Content_NextUp)</onfocus>
			<onfocus>Skin.Reset(Widget4_Content_LatestMovies)</onfocus>
			<onfocus>Skin.Reset(Widget4_Content_LatestTVShows)</onfocus>
			<onfocus>Skin.Reset(Widget4_Content_RandomMovies)</onfocus>
			<onfocus>Skin.Reset(Widget4_Content_RandomTVShows)</onfocus>
			<onfocus>Skin.Reset(Widget4_Content_LatestAlbums)</onfocus>
			<onfocus>Skin.Reset(Widget4_Content_RecentAlbums)</onfocus>
			<onfocus>Skin.Reset(Widget4_Content_RandomAlbums)</onfocus>
			<onfocus>Skin.Reset(Widget4_Content_Favourites)</onfocus>
			<onfocus>Skin.Reset(Widget4_Content_Custom)</onfocus>
			<onfocus>Skin.Reset(Widget4_View_Billboard)</onfocus>
			<onfocus>Skin.Reset(Widget4_View_Showcase)</onfocus>
			<onfocus>Skin.Reset(Widget4_View_Strip)</onfocus>
			<onfocus>Skin.Reset(Widget4_View_Grid)</onfocus>
			<onfocus>Skin.Reset(Widget4_Display_Fanart)</onfocus>
			<onfocus>Skin.Reset(Widget4_Display_Posters)</onfocus>
			<onfocus>Skin.Reset(Widget4_Display_Square)</onfocus>
			<onfocus>Skin.SetBool(Widget4_Content_LatestTVShows)</onfocus>
			<onfocus>Skin.SetBool(Widget4_View_Grid)</onfocus>
			<onfocus>Skin.SetBool(Widget4_Display_Posters)</onfocus>
			<!-- Widget 5: Disabled -->
			<onfocus>Skin.Reset(Widget5_Content_Disabled)</onfocus>
			<onfocus>Skin.Reset(Widget5_Content_InProgress)</onfocus>
			<onfocus>Skin.Reset(Widget5_Content_NextUp)</onfocus>
			<onfocus>Skin.Reset(Widget5_Content_LatestMovies)</onfocus>
			<onfocus>Skin.Reset(Widget5_Content_LatestTVShows)</onfocus>
			<onfocus>Skin.Reset(Widget5_Content_RandomMovies)</onfocus>
			<onfocus>Skin.Reset(Widget5_Content_RandomTVShows)</onfocus>
			<onfocus>Skin.Reset(Widget5_Content_LatestAlbums)</onfocus>
			<onfocus>Skin.Reset(Widget5_Content_RecentAlbums)</onfocus>
			<onfocus>Skin.Reset(Widget5_Content_RandomAlbums)</onfocus>
			<onfocus>Skin.Reset(Widget5_Content_Favourites)</onfocus>
			<onfocus>Skin.Reset(Widget5_Content_Custom)</onfocus>
			<onfocus>Skin.Reset(Widget5_View_Billboard)</onfocus>
			<onfocus>Skin.Reset(Widget5_View_Showcase)</onfocus>
			<onfocus>Skin.Reset(Widget5_View_Strip)</onfocus>
			<onfocus>Skin.Reset(Widget5_View_Grid)</onfocus>
			<onfocus>Skin.Reset(Widget5_Display_Fanart)</onfocus>
			<onfocus>Skin.Reset(Widget5_Display_Posters)</onfocus>
			<onfocus>Skin.Reset(Widget5_Display_Square)</onfocus>
			<onfocus>Skin.SetBool(Widget5_Content_Disabled)</onfocus>
			<onfocus>Skin.SetBool(Widget5_View_Strip)</onfocus>
			<onfocus>Skin.SetBool(Widget5_Display_Posters)</onfocus>
			<!-- Widget 6: Disabled -->
			<onfocus>Skin.Reset(Widget6_Content_Disabled)</onfocus>
			<onfocus>Skin.Reset(Widget6_Content_InProgress)</onfocus>
			<onfocus>Skin.Reset(Widget6_Content_NextUp)</onfocus>
			<onfocus>Skin.Reset(Widget6_Content_LatestMovies)</onfocus>
			<onfocus>Skin.Reset(Widget6_Content_LatestTVShows)</onfocus>
			<onfocus>Skin.Reset(Widget6_Content_RandomMovies)</onfocus>
			<onfocus>Skin.Reset(Widget6_Content_RandomTVShows)</onfocus>
			<onfocus>Skin.Reset(Widget6_Content_LatestAlbums)</onfocus>
			<onfocus>Skin.Reset(Widget6_Content_RecentAlbums)</onfocus>
			<onfocus>Skin.Reset(Widget6_Content_RandomAlbums)</onfocus>
			<onfocus>Skin.Reset(Widget6_Content_Favourites)</onfocus>
			<onfocus>Skin.Reset(Widget6_Content_Custom)</onfocus>
			<onfocus>Skin.Reset(Widget6_View_Billboard)</onfocus>
			<onfocus>Skin.Reset(Widget6_View_Showcase)</onfocus>
			<onfocus>Skin.Reset(Widget6_View_Strip)</onfocus>
			<onfocus>Skin.Reset(Widget6_View_Grid)</onfocus>
			<onfocus>Skin.Reset(Widget6_Display_Fanart)</onfocus>
			<onfocus>Skin.Reset(Widget6_Display_Posters)</onfocus>
			<onfocus>Skin.Reset(Widget6_Display_Square)</onfocus>
			<onfocus>Skin.SetBool(Widget6_Content_Disabled)</onfocus>
			<onfocus>Skin.SetBool(Widget6_View_Strip)</onfocus>
			<onfocus>Skin.SetBool(Widget6_Display_Posters)</onfocus>
			<!-- Widget 7: Disabled -->
			<onfocus>Skin.Reset(Widget7_Content_Disabled)</onfocus>
			<onfocus>Skin.Reset(Widget7_Content_InProgress)</onfocus>
			<onfocus>Skin.Reset(Widget7_Content_NextUp)</onfocus>
			<onfocus>Skin.Reset(Widget7_Content_LatestMovies)</onfocus>
			<onfocus>Skin.Reset(Widget7_Content_LatestTVShows)</onfocus>
			<onfocus>Skin.Reset(Widget7_Content_RandomMovies)</onfocus>
			<onfocus>Skin.Reset(Widget7_Content_RandomTVShows)</onfocus>
			<onfocus>Skin.Reset(Widget7_Content_LatestAlbums)</onfocus>
			<onfocus>Skin.Reset(Widget7_Content_RecentAlbums)</onfocus>
			<onfocus>Skin.Reset(Widget7_Content_RandomAlbums)</onfocus>
			<onfocus>Skin.Reset(Widget7_Content_Favourites)</onfocus>
			<onfocus>Skin.Reset(Widget7_Content_Custom)</onfocus>
			<onfocus>Skin.Reset(Widget7_View_Billboard)</onfocus>
			<onfocus>Skin.Reset(Widget7_View_Showcase)</onfocus>
			<onfocus>Skin.Reset(Widget7_View_Strip)</onfocus>
			<onfocus>Skin.Reset(Widget7_View_Grid)</onfocus>
			<onfocus>Skin.Reset(Widget7_Display_Fanart)</onfocus>
			<onfocus>Skin.Reset(Widget7_Display_Posters)</onfocus>
			<onfocus>Skin.Reset(Widget7_Display_Square)</onfocus>
			<onfocus>Skin.SetBool(Widget7_Content_Disabled)</onfocus>
			<onfocus>Skin.SetBool(Widget7_View_Strip)</onfocus>
			<onfocus>Skin.SetBool(Widget7_Display_Posters)</onfocus>
			<!-- Widget 8: Disabled -->
			<onfocus>Skin.Reset(Widget8_Content_Disabled)</onfocus>
			<onfocus>Skin.Reset(Widget8_Content_InProgress)</onfocus>
			<onfocus>Skin.Reset(Widget8_Content_NextUp)</onfocus>
			<onfocus>Skin.Reset(Widget8_Content_LatestMovies)</onfocus>
			<onfocus>Skin.Reset(Widget8_Content_LatestTVShows)</onfocus>
			<onfocus>Skin.Reset(Widget8_Content_RandomMovies)</onfocus>
			<onfocus>Skin.Reset(Widget8_Content_RandomTVShows)</onfocus>
			<onfocus>Skin.Reset(Widget8_Content_LatestAlbums)</onfocus>
			<onfocus>Skin.Reset(Widget8_Content_RecentAlbums)</onfocus>
			<onfocus>Skin.Reset(Widget8_Content_RandomAlbums)</onfocus>
			<onfocus>Skin.Reset(Widget8_Content_Favourites)</onfocus>
			<onfocus>Skin.Reset(Widget8_Content_Custom)</onfocus>
			<onfocus>Skin.Reset(Widget8_View_Billboard)</onfocus>
			<onfocus>Skin.Reset(Widget8_View_Showcase)</onfocus>
			<onfocus>Skin.Reset(Widget8_View_Strip)</onfocus>
			<onfocus>Skin.Reset(Widget8_View_Grid)</onfocus>
			<onfocus>Skin.Reset(Widget8_Display_Fanart)</onfocus>
			<onfocus>Skin.Reset(Widget8_Display_Posters)</onfocus>
			<onfocus>Skin.Reset(Widget8_Display_Square)</onfocus>
			<onfocus>Skin.SetBool(Widget8_Content_Disabled)</onfocus>
			<onfocus>Skin.SetBool(Widget8_View_Strip)</onfocus>
			<onfocus>Skin.SetBool(Widget8_Display_Posters)</onfocus>
			<!-- Widget 9: Disabled -->
			<onfocus>Skin.Reset(Widget9_Content_Disabled)</onfocus>
			<onfocus>Skin.Reset(Widget9_Content_InProgress)</onfocus>
			<onfocus>Skin.Reset(Widget9_Content_NextUp)</onfocus>
			<onfocus>Skin.Reset(Widget9_Content_LatestMovies)</onfocus>
			<onfocus>Skin.Reset(Widget9_Content_LatestTVShows)</onfocus>
			<onfocus>Skin.Reset(Widget9_Content_RandomMovies)</onfocus>
			<onfocus>Skin.Reset(Widget9_Content_RandomTVShows)</onfocus>
			<onfocus>Skin.Reset(Widget9_Content_LatestAlbums)</onfocus>
			<onfocus>Skin.Reset(Widget9_Content_RecentAlbums)</onfocus>
			<onfocus>Skin.Reset(Widget9_Content_RandomAlbums)</onfocus>
			<onfocus>Skin.Reset(Widget9_Content_Favourites)</onfocus>
			<onfocus>Skin.Reset(Widget9_Content_Custom)</onfocus>
			<onfocus>Skin.Reset(Widget9_View_Billboard)</onfocus>
			<onfocus>Skin.Reset(Widget9_View_Showcase)</onfocus>
			<onfocus>Skin.Reset(Widget9_View_Strip)</onfocus>
			<onfocus>Skin.Reset(Widget9_View_Grid)</onfocus>
			<onfocus>Skin.Reset(Widget9_Display_Fanart)</onfocus>
			<onfocus>Skin.Reset(Widget9_Display_Posters)</onfocus>
			<onfocus>Skin.Reset(Widget9_Display_Square)</onfocus>
			<onfocus>Skin.SetBool(Widget9_Content_Disabled)</onfocus>
			<onfocus>Skin.SetBool(Widget9_View_Strip)</onfocus>
			<onfocus>Skin.SetBool(Widget9_Display_Posters)</onfocus>

			<onfocus>SetFocus(1102)</onfocus>
		</control>

	</controls>
</window>
