<?xml version="1.0" encoding="UTF-8"?>
<includes>

	<!-- DEFAULT GRID -->

	<include name="GridView_Icon_Unfocused">
		<param name="displaytype_label"/>
		<param name="art_icon"/>
		<param name="fallback" default="fallback/fallback.png"/>
		<definition>
			<control type="group">
				<visible>$EXP[GridView_Display_Is$PARAM[displaytype_label]] + !$EXP[ContainerSwitching] + !$EXP[OptionsSwitching]</visible>
				<include>Artwork_Fade_Animation</include>
				<control type="group">
					<animation effect="slide" end="12,0" time="0" condition="$EXP[GridView_Display_IsFanart]" reversible="false">Conditional</animation>
					<include content="ListIcon_Static_Unfocused">
						<param name="visible" value="$EXP[GridView_Display_Is$PARAM[displaytype_label]]"/>
						<param name="left" value="10"/>
						<param name="fallback" value="$PARAM[fallback]"/>
						<param name="now_playing" value="$EXP[ListItem(0)_NowPlaying]"/>
					</include>
				</control>
			</control>
		</definition>
	</include>

	<include name="GridView_Icon_Focused">
		<param name="displaytype_label"/>
		<param name="art_icon"/>
		<param name="fallback" default="fallback/fallback.png"/>
		<param name="progress_left"/>
		<param name="progress_top"/>
		<param name="progress_width" default="360"/>
		<definition>
			<control type="group">
				<visible>$EXP[GridView_Display_Is$PARAM[displaytype_label]] + !$EXP[ContainerSwitching] + !$EXP[OptionsSwitching]</visible>
				<include>Artwork_Fade_Animation</include>
				<control type="group">
					<animation effect="slide" end="12,0" time="0" condition="$EXP[GridView_Display_IsFanart]" reversible="false">Conditional</animation>
					<left>10</left>
					<width>100%</width>
					<height>100%</height>
					<!-- Dropshadow -->
					<control type="group">
						<visible>!$EXP[TransparentDialog_IsVisible] + !Control.HasFocus(60) + !$EXP[Music_Player_HasFocus]</visible>
						<include>Content_Fade_Animation</include>
						<!-- Left Side -->
						<include content="DropShadow">
							<param name="left" value="-120"/>
							<param name="top" value="0"/>
							<param name="width" value="120"/>
							<param name="height" value="100%"/>
							<param name="visible" value="$EXP[Grid_Shadow_Left_Visible]"/>
						</include>
						<!-- Top Left Corner -->
						<include content="DropShadow">
							<param name="left" value="-120"/>
							<param name="top" value="-120"/>
							<param name="width" value="120"/>
							<param name="height" value="120"/>
							<param name="texture" value="views/dropshadow_topleftcorner_120.png"/>
							<param name="visible" value="$EXP[Grid_Shadow_Top-Left_Visible]"/>
						</include>
						<!-- Top Side -->
						<include content="DropShadow">
							<param name="left" value="0"/>
							<param name="top" value="-120"/>
							<param name="width" value="100%"/>
							<param name="height" value="120"/>
							<param name="texture" value="views/dropshadow_top_120.png"/>
							<param name="visible" value="$EXP[Grid_Shadow_Top_Visible]"/>
						</include>
						<!-- Top Right Corner -->
						<include content="DropShadow">
							<param name="left" value="100%"/>
							<param name="top" value="-120"/>
							<param name="width" value="120"/>
							<param name="height" value="120"/>
							<param name="flipx" value="true"/>
							<param name="texture" value="views/dropshadow_topleftcorner_120.png"/>
							<param name="visible" value="$EXP[Grid_Shadow_Top-Right_Visible]"/>
						</include>
						<!-- Rigt Side -->
						<include content="DropShadow">
							<param name="left" value="100%"/>
							<param name="top" value="0"/>
							<param name="width" value="120"/>
							<param name="height" value="100%"/>
							<param name="flipx" value="true"/>
							<param name="visible" value="$EXP[Grid_Shadow_Right_Visible]"/>
						</include>
						<!-- Bottom Right Corner -->
						<include content="DropShadow">
							<param name="left" value="100%"/>
							<param name="top" value="100%"/>
							<param name="width" value="120"/>
							<param name="height" value="120"/>
							<param name="flipx" value="true"/>
							<param name="flipy" value="true"/>
							<param name="texture" value="views/dropshadow_topleftcorner_120.png"/>
							<param name="visible" value="$EXP[Grid_Shadow_Bottom-Right_Visible]"/>
						</include>
						<!-- Bottom Side -->
						<include content="DropShadow">
							<param name="left" value="0"/>
							<param name="top" value="100%"/>
							<param name="width" value="100%"/>
							<param name="height" value="120"/>
							<param name="flipy" value="true"/>
							<param name="texture" value="views/dropshadow_top_120.png"/>
							<param name="visible" value="$EXP[Grid_Shadow_Bottom_Visible]"/>
						</include>
						<!-- Bottom Left Corner -->
						<include content="DropShadow">
							<param name="left" value="-120"/>
							<param name="top" value="100%"/>
							<param name="width" value="120"/>
							<param name="height" value="120"/>
							<param name="flipy" value="true"/>
							<param name="texture" value="views/dropshadow_topleftcorner_120.png"/>
							<param name="visible" value="$EXP[Grid_Shadow_Bottom-Left_Visible]"/>
						</include>
					</control>
					<!-- Artwork -->
					<control type="group">
						<include>Focus_Zoom_Animation</include>
						<include content="ListIcon_Static_Focused">
							<param name="visible" value="$EXP[GridView_Display_Is$PARAM[displaytype_label]]"/>
							<param name="now_playing" value="$EXP[ListItem(0)_NowPlaying]"/>
							<param name="fallback" value="$PARAM[fallback]"/>
							<!-- Multiart -->
							<include condition="Skin.HasSetting(Multiart_Slideshow) + !Window.Is(movieinformation) + !Window.Is(musicinformation) + !Window.Is(songinformation)" content="Icon_Component_Multiart_Static">
								<param name="texture" value="$VAR[Multiart(0)Content]"/>
								<param name="fadetime" value="360"/>
								<param name="now_playing" value="$EXP[ListItem(0)_NowPlaying]"/>
							</include>
							<!-- Progress overlay -->
							<include condition="Window.Is(home) | Window.Is(videos) | Window.Is(movieinformation)" content="Icon_Component_Progress_Overlay">
								<param name="visible" value="$EXP[GridView_Details_Off] | $EXP[GridView_Details_Breadcrumb] + $EXP[Progress_IsVisible]"/>
							</include>
							<!-- Artwork Mask -->
							<control type="group">
								<visible>!$EXP[TransparentDialog_IsVisible]</visible>
								<include>Delayed_Content_Fade_Animation</include>
								<control type="image">
									<visible>![$EXP[GridView_Details_Off] | $EXP[GridView_Details_Breadcrumb] | $EXP[ListItem(0)_NowPlaying]]</visible>
									<animation effect="fade" start="0" end="66" delay="900" time="360" tween="sine" easing="inout" reversible="true">Focus</animation>
									<texture colordiffuse="$VAR[Dark_Color]">views/white_100.png</texture>
								</control>
							</control>
						</include>
					</control>
					<!-- Border -->
					<control type="group">
						<visible>!$EXP[TransparentDialog_IsVisible] + !Control.HasFocus(60) + !$EXP[Music_Player_HasFocus]</visible>
						<include>Content_Fade_Animation</include>
						<control type="image">
							<animation effect="slide" end="0,-10" time="0" condition="true" reversible="false">Conditional</animation>
							<left>-10</left>
							<right>-10</right>
							<top>0</top>
							<height>10</height>
							<texture colordiffuse="$VAR[Accent_Color]">views/white_100.png</texture>
						</control>
						<control type="image">
							<left>-10</left>
							<right>-10</right>
							<bottom>-10</bottom>
							<height>10</height>
							<texture colordiffuse="$VAR[Accent_Color]">views/white_100.png</texture>
						</control>
						<control type="image">
							<left>-10</left>
							<width>10</width>
							<top>-10</top>
							<bottom>-10</bottom>
							<texture colordiffuse="$VAR[Accent_Color]">views/white_100.png</texture>
						</control>
						<control type="image">
							<right>-10</right>
							<width>10</width>
							<top>-10</top>
							<bottom>-10</bottom>
							<texture colordiffuse="$VAR[Accent_Color]">views/white_100.png</texture>
						</control>
					</control>
				</control>
				<!-- ProgressBar -->
				<control type="group">
					<visible>$EXP[GridView_Display_Is$PARAM[displaytype_label]] + !$EXP[ContainerSwitching] + !$EXP[OptionsSwitching] + !$EXP[ContentSwitching] + !$EXP[TransparentDialog_IsVisible] + !Control.HasFocus(60) + !$EXP[Music_Player_HasFocus]</visible>
					<include>Delayed_Content_Fade_Animation</include>
					<include condition="Window.Is(home) | Window.Is(videos) | Window.Is(movieinformation)" content="ProgressBar">
						<param name="id" value="505"/>
						<param name="left" value="$PARAM[progress_left]"/>
						<param name="top" value="$PARAM[progress_top]"/>
						<param name="width" value="$PARAM[progress_width]"/>
					</include>
				</control>
			</control>
		</definition>
	</include>

	<include name="GridView_Layout_Fanart">
		<param name="art_icon"/>
		<definition>
			<itemlayout width="592" height="333" condition="$EXP[GridView_Display_IsFanart]">
				<include content="GridView_Icon_Unfocused">
					<param name="displaytype_label" value="Fanart"/>
					<param name="art_icon" value="$PARAM[art_icon]"/>
				</include>
			</itemlayout>
			<focusedlayout width="592" height="333" infoupdate="500" condition="$EXP[GridView_Display_IsFanart]">
				<include>HiddenFocusButton</include>
				<include condition="Skin.HasSetting(Multiart_Slideshow)" content="Multiart_Resetter"/>
				<include condition="Skin.HasSetting(Multiart_Slideshow)" content="Multiart_Setter"/>
				<include content="GridView_Icon_Focused">
					<param name="displaytype_label" value="Fanart"/>
					<param name="art_icon" value="$PARAM[art_icon]"/>
					<param name="progress_left" value="126"/>
					<param name="progress_top" value="315"/>
				</include>
			</focusedlayout>
		</definition>
	</include>

	<include name="GridView_Layout_Posters">
		<param name="art_icon"/>
		<definition>
			<itemlayout width="360" height="540" condition="$EXP[GridView_Display_IsPosters]">
				<include content="GridView_Icon_Unfocused">
					<param name="displaytype_label" value="Posters"/>
					<param name="art_icon" value="$PARAM[art_icon]"/>
				</include>
			</itemlayout>
			<focusedlayout width="360" height="540" infoupdate="500" condition="$EXP[GridView_Display_IsPosters]">
				<include>HiddenFocusButton</include>
				<include condition="Skin.HasSetting(Multiart_Slideshow)" content="Multiart_Resetter"/>
				<include condition="Skin.HasSetting(Multiart_Slideshow)" content="Multiart_Setter"/>
				<include content="GridView_Icon_Focused">
					<param name="displaytype_label" value="Posters"/>
					<param name="art_icon" value="$PARAM[art_icon]"/>
					<param name="progress_width" value="240"/>
					<param name="progress_left" value="70"/>
					<param name="progress_top" value="522"/>
				</include>
			</focusedlayout>
		</definition>
	</include>

	<include name="GridView_Layout_Square">
		<param name="art_icon"/>
		<definition>
			<itemlayout width="360" height="360" condition="$EXP[GridView_Display_IsSquare]">
				<include content="GridView_Icon_Unfocused">
					<param name="displaytype_label" value="Square"/>
						<param name="art_icon" value="$PARAM[art_icon]"/>
				</include>
			</itemlayout>
			<focusedlayout width="360" height="360" infoupdate="500" condition="$EXP[GridView_Display_IsSquare]">
				<include>HiddenFocusButton</include>
				<include condition="Skin.HasSetting(Multiart_Slideshow)" content="Multiart_Resetter"/>
				<include condition="Skin.HasSetting(Multiart_Slideshow)" content="Multiart_Setter"/>
				<include content="GridView_Icon_Focused">
					<param name="displaytype_label" value="Square"/>
					<param name="art_icon" value="$PARAM[art_icon]"/>
					<param name="progress_width" value="240"/>
					<param name="progress_left" value="70"/>
					<param name="progress_top" value="342"/>
				</include>
			</focusedlayout>
		</definition>
	</include>

	<include name="GridView_Slides_Fanart">
		<animation effect="slide" end="592,0" time="0" condition="$EXP[GridView_Display_IsFanart] + Container.Position(1)" reversible="false">Conditional</animation>
		<animation effect="slide" end="1184,0" time="0" condition="$EXP[GridView_Display_IsFanart] + Container.Position(2)" reversible="false">Conditional</animation>
		<animation effect="slide" end="0,333" time="0" condition="$EXP[GridView_Display_IsFanart] + Container.Position(3)" reversible="false">Conditional</animation>
		<animation effect="slide" end="592,333" time="0" condition="$EXP[GridView_Display_IsFanart] + Container.Position(4)" reversible="false">Conditional</animation>
		<animation effect="slide" end="1184,333" time="0" condition="$EXP[GridView_Display_IsFanart] + Container.Position(5)" reversible="false">Conditional</animation>
	</include>

	<include name="GridView_Slides_Posters">
		<animation effect="slide" end="360,0" time="0" condition="$EXP[GridView_Display_IsPosters] + Container.Position(1)" reversible="false">Conditional</animation>
		<animation effect="slide" end="720,0" time="0" condition="$EXP[GridView_Display_IsPosters] + Container.Position(2)" reversible="false">Conditional</animation>
		<animation effect="slide" end="1080,0" time="0" condition="$EXP[GridView_Display_IsPosters] + Container.Position(3)" reversible="false">Conditional</animation>
		<animation effect="slide" end="1440,0" time="0" condition="$EXP[GridView_Display_IsPosters] + Container.Position(4)" reversible="false">Conditional</animation>
	</include>

	<include name="GridView_Slides_Square">
		<animation effect="slide" end="360,0" time="0" condition="$EXP[GridView_Display_IsSquare] + Container.Position(1)" reversible="false">Conditional</animation>
		<animation effect="slide" end="720,0" time="0" condition="$EXP[GridView_Display_IsSquare] + Container.Position(2)" reversible="false">Conditional</animation>
		<animation effect="slide" end="1080,0" time="0" condition="$EXP[GridView_Display_IsSquare] + Container.Position(3)" reversible="false">Conditional</animation>
		<animation effect="slide" end="1440,0" time="0" condition="$EXP[GridView_Display_IsSquare] + Container.Position(4)" reversible="false">Conditional</animation>
		<animation effect="slide" end="0,360" time="0" condition="$EXP[GridView_Display_IsSquare] + Container.Position(5)" reversible="false">Conditional</animation>
		<animation effect="slide" end="360,360" time="0" condition="$EXP[GridView_Display_IsSquare] + Container.Position(6)" reversible="false">Conditional</animation>
		<animation effect="slide" end="720,360" time="0" condition="$EXP[GridView_Display_IsSquare] + Container.Position(7)" reversible="false">Conditional</animation>
		<animation effect="slide" end="1080,360" time="0" condition="$EXP[GridView_Display_IsSquare] + Container.Position(8)" reversible="false">Conditional</animation>
		<animation effect="slide" end="1440,360" time="0" condition="$EXP[GridView_Display_IsSquare] + Container.Position(9)" reversible="false">Conditional</animation>
	</include>

	<include name="GridView_Overlay">
		<param name="displaytype_label"/>
		<param name="include_slides" default="true"/>
		<param name="left"/>
		<param name="top" default="180"/>
		<param name="width"/>
		<param name="height"/>
		<param name="edge" default="15"/>
		<param name="title_max_height" default="300"/>
		<param name="title_font" default="Grid_Title"/>
		<param name="info_font" default="Grid_Info"/>
		<definition>
			<control type="group">
				<include condition="$PARAM[include_slides]">GridView_Slides_$PARAM[displaytype_label]</include>
				<left>$PARAM[left]</left>
				<top>$PARAM[top]</top>
				<width>$PARAM[width]</width>
				<height>$PARAM[height]</height>
				<visible>$EXP[GridView_Display_Is$PARAM[displaytype_label]] + [[$EXP[GridView_Details_On] + !$EXP[ListItem(0)_NowPlaying]] | $EXP[GridView_Widget_IsVisible]]</visible>
				<control type="grouplist">
					<left>$PARAM[edge]</left>
					<right>$PARAM[edge]</right>
					<orientation>vertical</orientation>
					<align>center</align>
					<itemgap>0</itemgap>
					<control type="textbox">
						<height max="$PARAM[title_max_height]">auto</height>
						<font>$PARAM[title_font]</font>
						<textcolor>$VAR[Light_Color]</textcolor>
						<label>$VAR[Title_Label]</label>
						<align>center</align>
					</control>
					<control type="label">
						<visible>$EXP[GridView_Details_Info] | $EXP[GridView_Widget_IsVisible]</visible>
						<visible>!String.IsEmpty(Control.GetLabel(505001))</visible>
						<height>35</height>
						<font>$PARAM[info_font]</font>
						<textcolor>$VAR[Light_Color]</textcolor>
						<label>$INFO[Control.GetLabel(505001)]</label>
						<align>center</align>
					</control>
				</control>
			</control>
		</definition>
	</include>

	<!-- WIDGET -->

	<include name="GridView_ListIcon_Static_Unfocused">
		<include content="ListIcon_Static_Unfocused">
			<param name="visible" value="$PARAM[visible]"/>
			<param name="position" value="$PARAM[position]"/>
			<param name="left" value="$PARAM[left]"/>
			<param name="top" value="$PARAM[top]"/>
			<param name="width" value="$PARAM[width]"/>
			<param name="height" value="$PARAM[height]"/>
			<param name="art_icon" value="$PARAM[art_icon]"/>
			<param name="art_diffuse" value="false"/>
			<param name="now_playing" value="$EXP[ListItem($PARAM[position])_NowPlaying]"/>
			<param name="fallback" value="$PARAM[fallback]"/>
			<!-- Progress overlay -->
			<include condition="Window.Is(home) | Window.Is(videos) | Window.Is(movieinformation)" content="Icon_Component_Progress_Overlay">
				<param name="visible" value="!String.IsEmpty(Container($PARAM[target_id]).ListItemNoWrap($PARAM[position]).Label)"/>
			</include>
		</include>
	</include>

	<include name="GridView_ListIcon_Static_Focused">
		<include content="ListIcon_Static_Focused">
			<param name="visible" value="$PARAM[visible]"/>
			<param name="position" value="$PARAM[position]"/>
			<param name="left" value="$PARAM[left]"/>
			<param name="top" value="$PARAM[top]"/>
			<param name="width" value="$PARAM[width]"/>
			<param name="height" value="$PARAM[height]"/>
			<param name="art_icon" value="$PARAM[art_icon]"/>
			<param name="art_diffuse" value="false"/>
			<param name="now_playing" value="$EXP[ListItem($PARAM[position])_NowPlaying]"/>
			<param name="fallback" value="$PARAM[fallback]"/>
			<!-- Multiart -->
			<include condition="Skin.HasSetting(Multiart_Slideshow) + !Window.Is(movieinformation) + !Window.Is(musicinformation) + !Window.Is(songinformation)" content="Icon_Component_Multiart_Static">
				<param name="texture" value="$VAR[Multiart($PARAM[position])Content]"/>
				<param name="art_diffuse" value="false"/>
				<param name="now_playing" value="$EXP[ListItem($PARAM[position])_NowPlaying]"/>
			</include>
			<!-- Progress overlay -->
			<include condition="Window.Is(home) | Window.Is(videos) | Window.Is(movieinformation)" content="Icon_Component_Progress_Overlay">
				<param name="visible" value="!String.IsEmpty(Container($PARAM[target_id]).ListItemNoWrap($PARAM[position]).Label)"/>
			</include>
			<!-- Border -->
			<include content="Icon_Component_Border">
				<param name="visible" value="$PARAM[border_visible]"/>
				<param name="protrusion" value="10"/>
				<param name="size" value="$PARAM[border_size]"/>
				<param name="color" value="$PARAM[border_color]"/>
				<param name="texture" value="$PARAM[border_texture]"/>
			</include>
		</include>
	</include>

	<include name="GridView_ListIcon_Animated">
		<include content="ListIcon_Animated">
			<param name="visible" value="$PARAM[visible]"/>
			<param name="position" value="$PARAM[position]"/>
			<param name="left" value="$PARAM[left]"/>
			<param name="top" value="$PARAM[top]"/>
			<param name="width" value="$PARAM[width]"/>
			<param name="height" value="$PARAM[height]"/>
			<param name="art_icon" value="$PARAM[art_icon]"/>
			<param name="art_diffuse" value="false"/>
			<param name="now_playing" value="$EXP[ListItem($PARAM[position])_NowPlaying]"/>
			<param name="fallback" value="$PARAM[fallback]"/>
			<param name="animationtype" value="$PARAM[animationtype]"/>
			<param name="animationeffect" value="$PARAM[animationeffect]"/>
			<param name="animationend" value="$PARAM[animationend]"/>
			<param name="animationcondition" value="$PARAM[animationcondition]"/>
			<!-- Progress overlay -->
			<include condition="Window.Is(home) | Window.Is(videos) | Window.Is(movieinformation)" content="Icon_Component_Progress_Overlay">
				<param name="visible" value="!String.IsEmpty(Container($PARAM[target_id]).ListItemNoWrap($PARAM[position]).Label)"/>
			</include>
			<!-- Border -->
			<include content="Icon_Component_Border">
				<param name="visible" value="$PARAM[border_visible]"/>
				<param name="protrusion" value="10"/>
				<param name="size" value="$PARAM[border_size]"/>
				<param name="color" value="$PARAM[border_color]"/>
				<param name="texture" value="$PARAM[border_texture]"/>
			</include>
		</include>
	</include>

	<include name="GridView_Multiart_Animated">
		<param name="art_diffuse" default="false"/>
		<definition>
			<include content="ListIcon_Animated">
				<param name="visible" value="$PARAM[visible]"/>
				<param name="position" value="$PARAM[position]"/>
				<param name="left" value="$PARAM[left]"/>
				<param name="top" value="$PARAM[top]"/>
				<param name="width" value="$PARAM[width]"/>
				<param name="height" value="$PARAM[height]"/>
				<param name="art_icon" value="$PARAM[art_icon]"/>
				<param name="art_diffuse" value="$PARAM[art_diffuse]"/>
				<param name="now_playing" value="$EXP[ListItem($PARAM[position])_NowPlaying]"/>
				<param name="fallback" value="$PARAM[fallback]"/>
				<param name="animationtype" value="$PARAM[animationtype]"/>
				<param name="animationeffect" value="$PARAM[animationeffect]"/>
				<param name="animationend" value="$PARAM[animationend]"/>
				<param name="animationcondition" value="$PARAM[animationcondition]"/>
				<!-- Multiart -->
				<include condition="Skin.HasSetting(Multiart_Slideshow) + !Window.Is(movieinformation) + !Window.Is(musicinformation) + !Window.Is(songinformation)" content="Icon_Component_Multiart_Animated">
					<param name="visible" value="$PARAM[multiart]"/>
					<param name="texture" value="$VAR[Multiart($PARAM[position])Content]"/>
					<param name="art_diffuse" value="$PARAM[art_diffuse]"/>
					<param name="now_playing" value="$EXP[ListItem($PARAM[position])_NowPlaying]"/>
					<param name="animationtype" value="$PARAM[multiartanimationtype]"/>
					<param name="animationeffect" value="$PARAM[multiartanimationeffect]"/>
					<param name="animationend" value="$PARAM[multiartanimationend]"/>
					<param name="animationcondition" value="$PARAM[multiartanimationcondition]"/>
				</include>
				<!-- Progress overlay -->
				<include condition="Window.Is(home) | Window.Is(videos) | Window.Is(movieinformation)" content="Icon_Component_Progress_Overlay">
					<param name="visible" value="!String.IsEmpty(Container($PARAM[target_id]).ListItemNoWrap($PARAM[position]).Label)"/>
				</include>
			</include>
		</definition>
	</include>


	<include name="GridView_Animated">
		<param name="target_id"/>
		<param name="displaytype_label"/>
		<param name="item_top"/>
		<param name="item_height"/>
		<param name="item_width_minus_dropshadow_width"/>
		<param name="item_width"/>
		<param name="item_width_plus_dropshadow_width"/>
		<param name="2x_item_width"/>
		<param name="3x_item_width"/>
		<param name="4x_item_width"/>
		<param name="5x_item_width"/>
		<param name="6x_item_width"/>
		<param name="art_icon"/>
		<param name="fallback"/>
		<param name="focus_border_visible"/>
		<param name="focus_border_edge"/>
		<param name="focus_border_size"/>
		<param name="focus_border_color"/>
		<param name="focus_border_texture"/>
		<definition>
			<control type="group">
				<visible>$EXP[GridView_Display_Is$PARAM[displaytype_label]] + !$EXP[ContainerSwitching]</visible>
				<include>Artwork_Fade_Animation</include>
				<!-- Previous Scroll -->
				<control type="group">
					<visible>$EXP[ContentPrevious] + !String.IsEqual(Container($PARAM[target_id]).NumItems,1)</visible>
					<!-- Unfocused -->
					<!-- Move -1 to 0 -->
					<include content="GridView_ListIcon_Animated">
						<param name="visible" value="Container($PARAM[target_id]).OnPrevious + !String.IsEmpty(Container($PARAM[target_id]).ListItemNoWrap(-1).Label)"/>
						<param name="position" value="-1"/>
						<param name="left" value="-$PARAM[2x_item_width]"/>
						<param name="width" value="$PARAM[item_width]"/>
						<param name="top" value="$PARAM[item_top]"/>
						<param name="height" value="$PARAM[item_height]"/>
						<param name="art_icon" value="$PARAM[art_icon]"/>
						<param name="fallback" value="$PARAM[fallback]"/>
						<param name="animationtype" value="Hidden"/>
						<param name="animationcondition" value="true"/>
						<param name="animationeffect" value="slide"/>
						<param name="animationend" value="$PARAM[item_width],0"/>
					</include>
					<!-- Move Icon 0 to 1 -->
					<include content="GridView_Multiart_Animated">
						<param name="visible" value="Container($PARAM[target_id]).OnPrevious + !String.IsEmpty(Container($PARAM[target_id]).ListItemNoWrap(1).Label)"/>
						<param name="position" value="1"/>
						<param name="left" value="0"/>
						<param name="width" value="$PARAM[item_width]"/>
						<param name="top" value="$PARAM[item_top]"/>
						<param name="height" value="$PARAM[item_height]"/>
						<param name="art_icon" value="$PARAM[art_icon]"/>
						<param name="fallback" value="$PARAM[fallback]"/>
						<param name="animationtype" value="Hidden"/>
						<param name="animationcondition" value="true"/>
						<param name="animationeffect" value="slide"/>
						<param name="animationend" value="$PARAM[item_width],0"/>
						<param name="multiart" value="Container($PARAM[target_id]).OnPrevious + String.IsEqual(Window(home).Property(Multiart_Fadeout),true)"/>
						<param name="multiartanimationtype" value="Hidden"/>
						<param name="multiartanimationeffect" value="fade"/>
						<param name="multiartanimationend" value="0"/>
						<param name="multiartanimationcondition" value="true"/>
					</include>
					<!-- Move Icon 1 to 2 -->
					<include content="GridView_ListIcon_Animated">
						<param name="visible" value="Container($PARAM[target_id]).OnPrevious + !String.IsEmpty(Container($PARAM[target_id]).ListItemNoWrap(2).Label)"/>
						<param name="position" value="2"/>
						<param name="left" value="$PARAM[item_width]"/>
						<param name="width" value="$PARAM[item_width]"/>
						<param name="top" value="$PARAM[item_top]"/>
						<param name="height" value="$PARAM[item_height]"/>
						<param name="art_icon" value="$PARAM[art_icon]"/>
						<param name="fallback" value="$PARAM[fallback]"/>
						<param name="animationtype" value="Hidden"/>
						<param name="animationcondition" value="true"/>
						<param name="animationeffect" value="slide"/>
						<param name="animationend" value="$PARAM[item_width],0"/>
					</include>
					<!-- Move Icon 2 to 3 -->
					<include content="GridView_ListIcon_Animated">
						<param name="visible" value="Container($PARAM[target_id]).OnPrevious + !String.IsEmpty(Container($PARAM[target_id]).ListItemNoWrap(3).Label)"/>
						<param name="position" value="3"/>
						<param name="left" value="$PARAM[2x_item_width]"/>
						<param name="width" value="$PARAM[item_width]"/>
						<param name="top" value="$PARAM[item_top]"/>
						<param name="height" value="$PARAM[item_height]"/>
						<param name="art_icon" value="$PARAM[art_icon]"/>
						<param name="fallback" value="$PARAM[fallback]"/>
						<param name="animationtype" value="Hidden"/>
						<param name="animationcondition" value="true"/>
						<param name="animationeffect" value="slide"/>
						<param name="animationend" value="$PARAM[item_width],0"/>
					</include>
					<!-- Move Icon 3 to 4 -->
					<include content="GridView_ListIcon_Animated">
						<param name="visible" value="Container($PARAM[target_id]).OnPrevious + !String.IsEmpty(Container($PARAM[target_id]).ListItemNoWrap(4).Label)"/>
						<param name="position" value="4"/>
						<param name="left" value="$PARAM[3x_item_width]"/>
						<param name="width" value="$PARAM[item_width]"/>
						<param name="top" value="$PARAM[item_top]"/>
						<param name="height" value="$PARAM[item_height]"/>
						<param name="art_icon" value="$PARAM[art_icon]"/>
						<param name="fallback" value="$PARAM[fallback]"/>
						<param name="animationtype" value="Hidden"/>
						<param name="animationcondition" value="true"/>
						<param name="animationeffect" value="slide"/>
						<param name="animationend" value="$PARAM[item_width],0"/>
					</include>
					<!-- Move Icon 4 to 5 -->
					<include content="GridView_ListIcon_Animated">
						<param name="visible" value="Container($PARAM[target_id]).OnPrevious + !String.IsEmpty(Container($PARAM[target_id]).ListItemNoWrap(5).Label) + !$EXP[GridView_Display_IsFanart]"/>
						<param name="position" value="5"/>
						<param name="left" value="$PARAM[4x_item_width]"/>
						<param name="width" value="$PARAM[item_width]"/>
						<param name="top" value="$PARAM[item_top]"/>
						<param name="height" value="$PARAM[item_height]"/>
						<param name="art_icon" value="$PARAM[art_icon]"/>
						<param name="fallback" value="$PARAM[fallback]"/>
						<param name="animationtype" value="Hidden"/>
						<param name="animationcondition" value="true"/>
						<param name="animationeffect" value="slide"/>
						<param name="animationend" value="$PARAM[item_width],0"/>
					</include>
					<!-- Move Icon 5 to 6 -->
					<include content="GridView_ListIcon_Animated">
						<param name="visible" value="Container($PARAM[target_id]).OnPrevious + !String.IsEmpty(Container($PARAM[target_id]).ListItemNoWrap(6).Label) + !$EXP[GridView_Display_IsFanart]"/>
						<param name="position" value="6"/>
						<param name="left" value="$PARAM[5x_item_width]"/>
						<param name="width" value="$PARAM[item_width]"/>
						<param name="top" value="$PARAM[item_top]"/>
						<param name="height" value="$PARAM[item_height]"/>
						<param name="art_icon" value="$PARAM[art_icon]"/>
						<param name="fallback" value="$PARAM[fallback]"/>
						<param name="animationtype" value="Hidden"/>
						<param name="animationcondition" value="true"/>
						<param name="animationeffect" value="slide"/>
						<param name="animationend" value="$PARAM[item_width],0"/>
					</include>
					<!-- Dropshadow -->
					<control type="group">
						<visible>[!$EXP[TransparentDialog_IsVisible] | Window.Is(videobookmarks)] + !Control.HasFocus(60)</visible>
						<include>Content_Fade_Animation</include>
						<include content="DropShadow">
							<param name="visible" value="Container($PARAM[target_id]).OnPrevious + ![String.IsEmpty(Container($PARAM[target_id]).ListItemNoWrap(-1).Label) + String.IsEmpty(Container($PARAM[target_id]).ListItemNoWrap(-1).Art(thumb))]"/>
							<param name="left" value="-$PARAM[item_width_plus_dropshadow_width]"/>
							<param name="top" value="$PARAM[item_top]"/>
							<param name="width" value="120"/>
							<param name="height" value="$PARAM[item_height]"/>
							<param name="animationtype" value="Hidden"/>
							<param name="animationcondition" value="true"/>
							<param name="animationeffect" value="slide"/>
							<param name="animationend" value="$PARAM[item_width]"/>
						</include>
						<!-- Right Side -->
						<include content="DropShadow">
							<param name="visible" value="Container($PARAM[target_id]).OnPrevious + ![String.IsEmpty(Container($PARAM[target_id]).ListItemNoWrap(1).Label) + String.IsEmpty(Container($PARAM[target_id]).ListItemNoWrap(1).Art(thumb))]"/>
							<param name="left" value="0"/>
							<param name="width" value="120"/>
							<param name="top" value="$PARAM[item_top]"/>
							<param name="height" value="$PARAM[item_height]"/>
							<param name="flipx" value="true"/>
							<param name="animationtype" value="Hidden"/>
							<param name="animationcondition" value="true"/>
							<param name="animationeffect" value="slide"/>
							<param name="animationend" value="$PARAM[item_width]"/>
						</include>
					</control>
					<!-- Focused -->
					<!-- Move Icon -1 to 0 -->
					<include content="GridView_ListIcon_Animated">
						<param name="visible" value="Container($PARAM[target_id]).OnPrevious"/>
						<param name="position" value="0"/>
						<param name="left" value="-$PARAM[item_width]"/>
						<param name="width" value="$PARAM[item_width]"/>
						<param name="top" value="$PARAM[item_top]"/>
						<param name="height" value="$PARAM[item_height]"/>
						<param name="art_icon" value="$PARAM[art_icon]"/>
						<param name="fallback" value="$PARAM[fallback]"/>
						<param name="animationtype" value="Hidden"/>
						<param name="animationcondition" value="true"/>
						<param name="animationeffect" value="slide"/>
						<param name="animationend" value="$PARAM[item_width],0"/>
						<param name="border_visible" value="$PARAM[focus_border_visible]"/>
						<param name="border_size" value="$PARAM[focus_border_size]"/>
						<param name="border_color" value="$PARAM[focus_border_color]"/>
						<param name="border_texture" value="$PARAM[focus_border_texture]"/>
					</include>
				</control>
				<!-- Next scroll -->
				<control type="group">
					<visible>$EXP[ContentNext] + !String.IsEqual(Container($PARAM[target_id]).NumItems,1)</visible>
					<!-- Unfocused -->
					<!-- Move -1 to -2 -->
					<include content="GridView_ListIcon_Animated">
						<param name="visible" value="Container($PARAM[target_id]).OnNext + !String.IsEmpty(Container($PARAM[target_id]).ListItemNoWrap(-2).Label)"/>
						<param name="position" value="-2"/>
						<param name="left" value="-$PARAM[item_width]"/>
						<param name="width" value="$PARAM[item_width]"/>
						<param name="top" value="$PARAM[item_top]"/>
						<param name="height" value="$PARAM[item_height]"/>
						<param name="art_icon" value="$PARAM[art_icon]"/>
						<param name="fallback" value="$PARAM[fallback]"/>
						<param name="animationtype" value="Hidden"/>
						<param name="animationcondition" value="true"/>
						<param name="animationeffect" value="slide"/>
						<param name="animationend" value="-$PARAM[item_width],0"/>
					</include>
					<!-- Move Icon 0 to -1 -->
					<include content="GridView_Multiart_Animated">
						<param name="visible" value="Container($PARAM[target_id]).OnNext + !String.IsEmpty(Container($PARAM[target_id]).ListItemNoWrap(-1).Label)"/>
						<param name="position" value="-1"/>
						<param name="left" value="0"/>
						<param name="width" value="$PARAM[item_width]"/>
						<param name="top" value="$PARAM[item_top]"/>
						<param name="height" value="$PARAM[item_height]"/>
						<param name="art_icon" value="$PARAM[art_icon]"/>
						<param name="fallback" value="$PARAM[fallback]"/>
						<param name="animationtype" value="Hidden"/>
						<param name="animationcondition" value="true"/>
						<param name="animationeffect" value="slide"/>
						<param name="animationend" value="-$PARAM[item_width],0"/>
						<param name="multiart" value="Container($PARAM[target_id]).OnNext + String.IsEqual(Window(home).Property(Multiart_Fadeout),true)"/>
						<param name="multiartanimationtype" value="Hidden"/>
						<param name="multiartanimationeffect" value="fade"/>
						<param name="multiartanimationend" value="0"/>
						<param name="multiartanimationcondition" value="true"/>
					</include>
					<!-- Move Icon 2 to 1 -->
					<include content="GridView_ListIcon_Animated">
						<param name="visible" value="Container($PARAM[target_id]).OnNext + !String.IsEmpty(Container($PARAM[target_id]).ListItemNoWrap(1).Label)"/>
						<param name="position" value="1"/>
						<param name="left" value="$PARAM[2x_item_width]"/>
						<param name="width" value="$PARAM[item_width]"/>
						<param name="top" value="$PARAM[item_top]"/>
						<param name="height" value="$PARAM[item_height]"/>
						<param name="art_icon" value="$PARAM[art_icon]"/>
						<param name="fallback" value="$PARAM[fallback]"/>
						<param name="animationtype" value="Hidden"/>
						<param name="animationcondition" value="true"/>
						<param name="animationeffect" value="slide"/>
						<param name="animationend" value="-$PARAM[item_width],0"/>
					</include>
					<!-- Move Icon 3 to 2 -->
					<include content="GridView_ListIcon_Animated">
						<param name="visible" value="Container($PARAM[target_id]).OnNext + !String.IsEmpty(Container($PARAM[target_id]).ListItemNoWrap(2).Label)"/>
						<param name="position" value="2"/>
						<param name="left" value="$PARAM[3x_item_width]"/>
						<param name="width" value="$PARAM[item_width]"/>
						<param name="top" value="$PARAM[item_top]"/>
						<param name="height" value="$PARAM[item_height]"/>
						<param name="art_icon" value="$PARAM[art_icon]"/>
						<param name="fallback" value="$PARAM[fallback]"/>
						<param name="animationtype" value="Hidden"/>
						<param name="animationcondition" value="true"/>
						<param name="animationeffect" value="slide"/>
						<param name="animationend" value="-$PARAM[item_width],0"/>
					</include>
					<!-- Move Icon 4 to 3 -->
					<include content="GridView_ListIcon_Animated">
						<param name="visible" value="Container($PARAM[target_id]).OnNext + !String.IsEmpty(Container($PARAM[target_id]).ListItemNoWrap(3).Label)"/>
						<param name="position" value="3"/>
						<param name="left" value="$PARAM[4x_item_width]"/>
						<param name="width" value="$PARAM[item_width]"/>
						<param name="top" value="$PARAM[item_top]"/>
						<param name="height" value="$PARAM[item_height]"/>
						<param name="art_icon" value="$PARAM[art_icon]"/>
						<param name="fallback" value="$PARAM[fallback]"/>
						<param name="animationtype" value="Hidden"/>
						<param name="animationcondition" value="true"/>
						<param name="animationeffect" value="slide"/>
						<param name="animationend" value="-$PARAM[item_width],0"/>
					</include>
					<!-- Move Icon 5 to 4 -->
					<include content="GridView_ListIcon_Animated">
						<param name="visible" value="Container($PARAM[target_id]).OnNext + !String.IsEmpty(Container($PARAM[target_id]).ListItemNoWrap(4).Label) + !$EXP[GridView_Display_IsFanart]"/>
						<param name="position" value="4"/>
						<param name="left" value="$PARAM[5x_item_width]"/>
						<param name="width" value="$PARAM[item_width]"/>
						<param name="top" value="$PARAM[item_top]"/>
						<param name="height" value="$PARAM[item_height]"/>
						<param name="art_icon" value="$PARAM[art_icon]"/>
						<param name="fallback" value="$PARAM[fallback]"/>
						<param name="animationtype" value="Hidden"/>
						<param name="animationcondition" value="true"/>
						<param name="animationeffect" value="slide"/>
						<param name="animationend" value="-$PARAM[item_width],0"/>
					</include>
					<!-- Move Icon 6 to 5 -->
					<include content="GridView_ListIcon_Animated">
						<param name="visible" value="Container($PARAM[target_id]).OnNext + !String.IsEmpty(Container($PARAM[target_id]).ListItemNoWrap(5).Label) + !$EXP[GridView_Display_IsFanart]"/>
						<param name="position" value="5"/>
						<param name="left" value="$PARAM[6x_item_width]"/>
						<param name="width" value="$PARAM[item_width]"/>
						<param name="top" value="$PARAM[item_top]"/>
						<param name="height" value="$PARAM[item_height]"/>
						<param name="art_icon" value="$PARAM[art_icon]"/>
						<param name="fallback" value="$PARAM[fallback]"/>
						<param name="animationtype" value="Hidden"/>
						<param name="animationcondition" value="true"/>
						<param name="animationeffect" value="slide"/>
						<param name="animationend" value="-$PARAM[item_width],0"/>
					</include>
					<!-- Dropshadow -->
					<control type="group">
						<visible>[!$EXP[TransparentDialog_IsVisible] | Window.Is(videobookmarks)] + !Control.HasFocus(60)</visible>
						<include>Content_Fade_Animation</include>
						<include content="DropShadow">
							<param name="visible" value="Container($PARAM[target_id]).OnNext + ![String.IsEmpty(Container($PARAM[target_id]).ListItemNoWrap(-1).Label) + String.IsEmpty(Container($PARAM[target_id]).ListItemNoWrap(-1).Art(thumb))]"/>
							<param name="left" value="$PARAM[item_width_minus_dropshadow_width]"/>
							<param name="width" value="120"/>
							<param name="top" value="$PARAM[item_top]"/>
							<param name="height" value="$PARAM[item_height]"/>
							<param name="animationtype" value="Hidden"/>
							<param name="animationcondition" value="true"/>
							<param name="animationeffect" value="slide"/>
							<param name="animationend" value="-$PARAM[item_width],0"/>
						</include>
						<include content="DropShadow">
							<param name="visible" value="Container($PARAM[target_id]).OnNext + ![String.IsEmpty(Container($PARAM[target_id]).ListItemNoWrap(1).Label) + String.IsEmpty(Container($PARAM[target_id]).ListItemNoWrap(1).Art(thumb))]"/>
							<param name="left" value="$PARAM[2x_item_width]"/>
							<param name="width" value="120"/>
							<param name="top" value="$PARAM[item_top]"/>
							<param name="height" value="$PARAM[item_height]"/>
							<param name="flipx" value="true"/>
							<param name="animationtype" value="Hidden"/>
							<param name="animationcondition" value="true"/>
							<param name="animationeffect" value="slide"/>
							<param name="animationend" value="-$PARAM[item_width]"/>
						</include>
					</control>
					<!-- Focused -->
					<!-- Move Icon 1 to 0 -->
					<include content="GridView_ListIcon_Animated">
						<param name="visible" value="Container($PARAM[target_id]).OnNext"/>
						<param name="position" value="0"/>
						<param name="left" value="$PARAM[item_width]"/>
						<param name="width" value="$PARAM[item_width]"/>
						<param name="top" value="$PARAM[item_top]"/>
						<param name="height" value="$PARAM[item_height]"/>
						<param name="art_icon" value="$PARAM[art_icon]"/>
						<param name="fallback" value="$PARAM[fallback]"/>
						<param name="animationtype" value="Hidden"/>
						<param name="animationcondition" value="true"/>
						<param name="animationeffect" value="slide"/>
						<param name="animationend" value="-$PARAM[item_width],0"/>
						<param name="border_visible" value="$PARAM[focus_border_visible]"/>
						<param name="border_size" value="$PARAM[focus_border_size]"/>
						<param name="border_color" value="$PARAM[focus_border_color]"/>
						<param name="border_texture" value="$PARAM[focus_border_texture]"/>
					</include>
				</control>
			</control>
		</definition>
	</include>

	<include name="GridView_Static">
		<param name="target_id"/>
		<param name="displaytype_label"/>
		<param name="left" default="0"/>
		<param name="top" default="0"/>
		<param name="item_top"/>
		<param name="item_width"/>
		<param name="item_height"/>
		<param name="2x_item_width"/>
		<param name="3x_item_width"/>
		<param name="4x_item_width"/>
		<param name="5x_item_width"/>
		<param name="art_icon"/>
		<param name="fallback"/>
		<param name="focus_border_visible"/>
		<param name="focus_border_protrusion"/>
		<param name="focus_border_size"/>
		<param name="focus_border_color"/>
		<param name="focus_border_texture"/>
		<definition>
			<control type="group">
				<visible>$EXP[GridView_Display_Is$PARAM[displaytype_label]] + !$EXP[ContainerSwitching] + !$EXP[OptionsSwitching]</visible>
				<left>$PARAM[left]</left>
				<top>$PARAM[top]</top>
				<include>Artwork_Fade_Animation</include>
				<control type="group">
					<visible>!$EXP[ContentSwitching]</visible>
					<include content="GridView_ListIcon_Static_Unfocused">
						<param name="visible" value="true"/>
						<param name="position" value="-1"/>
						<param name="left" value="-$PARAM[item_width]"/>
						<param name="top" value="$PARAM[item_top]"/>
						<param name="width" value="$PARAM[item_width]"/>
						<param name="height" value="$PARAM[item_height]"/>
						<param name="art_icon" value="$PARAM[art_icon]"/>
						<param name="fallback" value="$PARAM[fallback]"/>
					</include>
					<include content="GridView_ListIcon_Static_Unfocused">
						<param name="visible" value="true"/>
						<param name="position" value="1"/>
						<param name="left" value="$PARAM[item_width]"/>
						<param name="top" value="$PARAM[item_top]"/>
						<param name="width" value="$PARAM[item_width]"/>
						<param name="height" value="$PARAM[item_height]"/>
						<param name="art_icon" value="$PARAM[art_icon]"/>
						<param name="fallback" value="$PARAM[fallback]"/>
					</include>
					<include content="GridView_ListIcon_Static_Unfocused">
						<param name="visible" value="true"/>
						<param name="position" value="2"/>
						<param name="left" value="$PARAM[2x_item_width]"/>
						<param name="top" value="$PARAM[item_top]"/>
						<param name="width" value="$PARAM[item_width]"/>
						<param name="height" value="$PARAM[item_height]"/>
						<param name="art_icon" value="$PARAM[art_icon]"/>
						<param name="fallback" value="$PARAM[fallback]"/>
					</include>
					<include content="GridView_ListIcon_Static_Unfocused">
						<param name="visible" value="true"/>
						<param name="position" value="3"/>
						<param name="left" value="$PARAM[3x_item_width]"/>
						<param name="top" value="$PARAM[item_top]"/>
						<param name="width" value="$PARAM[item_width]"/>
						<param name="height" value="$PARAM[item_height]"/>
						<param name="art_icon" value="$PARAM[art_icon]"/>
						<param name="fallback" value="$PARAM[fallback]"/>
					</include>
					<include content="GridView_ListIcon_Static_Unfocused">
						<param name="visible" value="!$EXP[GridView_Display_IsFanart]"/>
						<param name="position" value="4"/>
						<param name="left" value="$PARAM[4x_item_width]"/>
						<param name="top" value="$PARAM[item_top]"/>
						<param name="width" value="$PARAM[item_width]"/>
						<param name="height" value="$PARAM[item_height]"/>
						<param name="art_icon" value="$PARAM[art_icon]"/>
						<param name="fallback" value="$PARAM[fallback]"/>
					</include>
					<include content="GridView_ListIcon_Static_Unfocused">
						<param name="visible" value="!$EXP[GridView_Display_IsFanart]"/>
						<param name="position" value="5"/>
						<param name="left" value="$PARAM[5x_item_width]"/>
						<param name="top" value="$PARAM[item_top]"/>
						<param name="width" value="$PARAM[item_width]"/>
						<param name="height" value="$PARAM[item_height]"/>
						<param name="art_icon" value="$PARAM[art_icon]"/>
						<param name="fallback" value="$PARAM[fallback]"/>
					</include>
					<control type="group">
						<visible>!$EXP[TransparentDialog_IsVisible] | $EXP[StripView_IsVisible] | Window.IsVisible(videobookmarks)</visible>
						<include>Content_Fade_Animation</include>
						<!-- Dropshadow Left Side -->
						<include content="DropShadow">
							<param name="visible" value="!$EXP[ShowcaseView_IsVisible] + ![$EXP[StripView_IsVisible] + !$EXP[InfoWidget_Display_IsStripView] + !$EXP[StripView_Details_Off] + !Window.IsVisible(loginscreen)] + ![String.IsEmpty(Container($PARAM[target_id]).ListItemNoWrap(-1).Label) + String.IsEmpty(Container($PARAM[target_id]).ListItemNoWrap(-1).Art(thumb))]"/>
							<param name="left" value="-120"/>
							<param name="top" value="$PARAM[item_top]"/>
							<param name="height" value="$PARAM[item_height]"/>
						</include>
						<!-- Dropshadow Right Side -->
						<include content="DropShadow">
							<param name="visible" value="![$EXP[ShowcaseView_IsVisible] + [!$EXP[ShowcaseView_Details_Off] | Control.HasFocus(60) | Control.HasFocus(3000) | $EXP[InfoWidget_Display_IsShowcaseView]]] + ![String.IsEmpty(Container($PARAM[target_id]).ListItemNoWrap(1).Label) + String.IsEmpty(Container($PARAM[target_id]).ListItemNoWrap(1).Art(thumb))]"/>
							<param name="left" value="$PARAM[item_width]"/>
							<param name="top" value="$PARAM[item_top]"/>
							<param name="height" value="$PARAM[item_height]"/>
							<param name="flipx" value="true"/>
						</include>
					</control>
					<include content="GridView_ListIcon_Static_Focused">
						<param name="position" value="0"/>
						<param name="left" value="0"/>
						<param name="width" value="$PARAM[item_width]"/>
						<param name="height" value="$PARAM[item_height]"/>
						<param name="art_icon" value="$PARAM[art_icon]"/>
						<param name="fallback" value="$PARAM[fallback]"/>
						<param name="border_visible" value="$PARAM[focus_border_visible]"/>
						<param name="border_protrusion" value="$PARAM[focus_border_protrusion]"/>
						<param name="border_size" value="$PARAM[focus_border_size]"/>
						<param name="border_color" value="$PARAM[focus_border_color]"/>
						<param name="border_texture" value="$PARAM[focus_border_texture]"/>
					</include>
				</control>
			</control>
		</definition>
	</include>

	<include name="GridView_Art">
		<param name="target_id"/>
		<param name="displaytype_label"/>
		<param name="art_icon"/>
		<param name="fallback"/>
		<param name="top"/>
		<param name="item_top"/>
		<param name="item_width_minus_dropshadow_width"/>
		<param name="item_width"/>
		<param name="item_width_plus_dropshadow_width"/>
		<param name="item_height"/>
		<param name="2x_item_width"/>
		<param name="3x_item_width"/>
		<param name="4x_item_width"/>
		<param name="5x_item_width"/>
		<param name="6x_item_width"/>
		<definition>
			<control type="group">
				<animation effect="slide" start="0,0" end="60,0" time="0" condition="true">Conditional</animation>
				<include content="GridView_Animated">
					<param name="target_id" value="$PARAM[target_id]"/>
					<param name="viewtype_label" value="Grid"/>
					<param name="displaytype_label" value="$PARAM[displaytype_label]"/>
					<param name="item_top" value="$PARAM[top]"/>
					<param name="item_height" value="$PARAM[item_height]"/>
					<param name="item_width_minus_dropshadow_width" value="$PARAM[item_width_minus_dropshadow_width]"/>
					<param name="item_width" value="$PARAM[item_width]"/>
					<param name="item_width_plus_dropshadow_width" value="$PARAM[item_width_plus_dropshadow_width]"/>
					<param name="2x_item_width" value="$PARAM[2x_item_width]"/>
					<param name="3x_item_width" value="$PARAM[3x_item_width]"/>
					<param name="4x_item_width" value="$PARAM[4x_item_width]"/>
					<param name="5x_item_width" value="$PARAM[5x_item_width]"/>
					<param name="6x_item_width" value="$PARAM[6x_item_width]"/>
					<param name="art_icon" value="$PARAM[art_icon]"/>
					<param name="fallback" value="$PARAM[fallback]"/>
					<param name="focus_border_visible" value="true"/>
					<param name="focus_border_protrusion" value="10"/>
					<param name="focus_border_size" value="11"/>
					<param name="focus_border_color" value="$VAR[Accent_Color]"/>
					<param name="focus_border_texture" value="views/border_10px.png"/>
				</include>
				<include content="GridView_Static">
					<param name="target_id" value="$PARAM[target_id]"/>
					<param name="displaytype_label" value="$PARAM[displaytype_label]"/>
					<param name="top" value="$PARAM[top]"/>
					<param name="item_top" value="0"/>
					<param name="item_height" value="$PARAM[item_height]"/>
					<param name="item_width" value="$PARAM[item_width]"/>
					<param name="2x_item_width" value="$PARAM[2x_item_width]"/>
					<param name="3x_item_width" value="$PARAM[3x_item_width]"/>
					<param name="4x_item_width" value="$PARAM[4x_item_width]"/>
					<param name="5x_item_width" value="$PARAM[5x_item_width]"/>
					<param name="art_icon" value="$PARAM[art_icon]"/>
					<param name="fallback" value="$PARAM[fallback]"/>
					<param name="focus_border_visible" value="true"/>
					<param name="focus_border_protrusion" value="10"/>
					<param name="focus_border_size" value="11"/>
					<param name="focus_border_color" value="$VAR[Accent_Color]"/>
					<param name="focus_border_texture" value="views/border_10px.png"/>
				</include>
			</control>
		</definition>
	</include>

	<include name="GridView_Art_Posters">
		<param name="target_id"/>
		<param name="art_icon"/>
		<param name="gridview_details_fade"/>
		<definition>
			<include content="GridView_Art">
				<param name="target_id" value="$PARAM[target_id]"/>
				<param name="displaytype_label" value="Posters"/>
				<param name="top" value="270"/>
				<param name="item_height" value="540"/>
				<param name="item_width_minus_dropshadow_width" value="240"/>
				<param name="item_width" value="360"/>
				<param name="item_width_plus_dropshadow_width" value="480"/>
				<param name="2x_item_width" value="720"/>
				<param name="3x_item_width" value="1080"/>
				<param name="4x_item_width" value="1440"/>
				<param name="5x_item_width" value="1800"/>
				<param name="6x_item_width" value="2160"/>
				<param name="art_icon" value="$PARAM[art_icon]"/>
			</include>
		</definition>
	</include>

	<include name="GridView_Art_Fanart">
		<param name="target_id"/>
		<param name="art_icon"/>
		<param name="gridview_details_fade"/>
		<definition>
			<include content="GridView_Art">
				<param name="target_id" value="$PARAM[target_id]"/>
				<param name="displaytype_label" value="Fanart"/>
				<param name="top" value="374"/>
				<param name="item_height" value="333"/>
				<param name="item_width_minus_dropshadow_width" value="472"/>
				<param name="item_width" value="592"/>
				<param name="item_width_plus_dropshadow_width" value="712"/>
				<param name="2x_item_width" value="1184"/>
				<param name="3x_item_width" value="1776"/>
				<param name="4x_item_width" value="2368"/>
				<param name="5x_item_width" value="2960"/>
				<param name="art_icon" value="$PARAM[art_icon]"/>
			</include>
		</definition>
	</include>

	<include name="GridView_Art_Square">
		<param name="target_id"/>
		<param name="art_icon"/>
		<param name="gridview_details_fade"/>
		<definition>
			<include content="GridView_Art">
				<param name="target_id" value="$PARAM[target_id]"/>
				<param name="displaytype_label" value="Square"/>
				<param name="top" value="360"/>
				<param name="item_height" value="360"/>
				<param name="item_width_minus_dropshadow_width" value="240"/>
				<param name="item_width" value="360"/>
				<param name="item_width_plus_dropshadow_width" value="480"/>
				<param name="2x_item_width" value="720"/>
				<param name="3x_item_width" value="1080"/>
				<param name="4x_item_width" value="1440"/>
				<param name="5x_item_width" value="1800"/>
				<param name="6x_item_width" value="2160"/>
				<param name="art_icon" value="$PARAM[art_icon]"/>
			</include>
		</definition>
	</include>

</includes>
