<?xml version="1.0" encoding="UTF-8"?>
<includes>

	<include name="Widget_List">
		<param name="min_items"/>
		<param name="bypass_min_items" default="false"/>
		<param name="widget_type"/>
		<param name="id"/>
		<param name="focus_button" default="HiddenFocusButton"/>
		<param name="use_custom_content" default="true"/>
		<param name="use_custom_click" default="false"/>
		<param name="click_action" default="Blank"/>
		<definition>
			<control type="fixedlist" id="$PARAM[id]">
				<visible>Integer.IsGreater(Container($PARAM[id]).NumItems,$PARAM[min_items]) | Container($PARAM[id]).IsUpdating | $PARAM[bypass_min_items]</visible>
				<onfocus>SetProperty(HomeWidget,$PARAM[id],home)</onfocus>
				<onfocus>SetProperty(Focused_Button,False,movieinformation)</onfocus>
				<onunfocus>ClearProperty(Focused_Button,movieinformation)</onunfocus>
				<onfocus>SetProperty(Focused_Button,False,musicinformation)</onfocus>
				<onunfocus>ClearProperty(Focused_Button,musicinformation)</onunfocus>
				<onfocus>SetProperty(Focused_Button,False,addoninformation)</onfocus>
				<onunfocus>ClearProperty(Focused_Button,addoninformation)</onunfocus>
				<viewtype label="widgetlist">list</viewtype>
				<preloaditems>2</preloaditems>
				<orientation>horizontal</orientation>
				<scrolltime tween="sine" easing="inout">360</scrolltime>
				<include condition="$PARAM[use_custom_click]">ClickAction_$PARAM[click_action]</include>
				<include>$PARAM[widget_type]_Navigation</include>
				<focusedlayout>
					<include>$PARAM[focus_button]</include>
					<include condition="Skin.HasSetting(Multiart_Slideshow)" content="Multiart_Resetter"/>
					<include condition="Skin.HasSetting(Multiart_Slideshow)" content="Multiart_Setter"/>
				</focusedlayout>
				<itemlayout/>
				<include condition="$PARAM[use_custom_content]" content="Widget_Container_Content_Path">
					<param name="target" value="$PARAM[target]"/>
					<param name="sortby" value="$PARAM[sortby]"/>
					<param name="sortorder" value="$PARAM[sortorder]"/>
					<param name="content" value="$PARAM[content]"/>
					<param name="limit" value="$PARAM[limit]"/>
				</include>
			</control>
		</definition>
	</include>

	<include name="Widget_Template">
		<param name="use_custom_content" default="true"/>
		<param name="use_custom_click" default="false"/>
		<param name="click_action" default="Blank"/>
		<param name="widget_position" default="0"/>
		<definition>

			<include content="Widget_List">
				<param name="min_items" value="0"/>
				<param name="widget_type" value="Widget"/>
				<param name="id" value="$PARAM[id]"/>
				<param name="widget_position" value="$PARAM[widget_position]"/>
				<param name="use_custom_content" value="$PARAM[use_custom_content]"/>
				<param name="use_custom_click" value="$PARAM[use_custom_click]"/>
				<param name="click_action" value="$PARAM[click_action]"/>
				<param name="target" value="$PARAM[target]"/>
				<param name="sortby" value="$PARAM[sortby]"/>
				<param name="sortorder" value="$PARAM[sortorder]"/>
				<param name="content" value="$PARAM[content]"/>
				<param name="limit" value="$PARAM[limit]"/>
			</include>

			<!-- Labels to check if artwork is the same as next/previous -->
			<control type="label" id="$PARAM[id]20">
				<visible>false</visible>
				<label>$VAR[Widget$PARAM[widget_position]_Thumbnail(-1)Content]</label>
			</control>
			<control type="label" id="$PARAM[id]21">
				<visible>false</visible>
				<label>$VAR[Widget$PARAM[widget_position]_Thumbnail(0)Content]</label>
			</control>
			<control type="label" id="$PARAM[id]22">
				<visible>false</visible>
				<label>$VAR[Widget$PARAM[widget_position]_Thumbnail(1)Content]</label>
			</control>

			<control type="group">
				<visible>Control.HasFocus(90$PARAM[widget_position]0)</visible>
				<animation effect="slide" start="0" end="0,660" time="0" condition="Control.HasFocus(90$PARAM[widget_position]0)">Conditional</animation>
				<animation effect="slide" start="0" end="0,-660" time="180" tween="sine" easing="inout" reversible="false" condition="Control.HasFocus(90$PARAM[widget_position]0)">Conditional</animation>
				<animation effect="fade" start="0" end="100" time="360" tween="sine" easing="inout" reversible="false" condition="Control.HasFocus(90$PARAM[widget_position]0)">Conditional</animation>
				<include condition="Skin.HasSetting(Widget$PARAM[widget_position]_View_Billboard)" content="BillboardView_Display">
					<param name="id" value="$PARAM[id]"/>
					<param name="art_icon" value="Widget$PARAM[widget_position]_Thumbnail"/>
					<param name="media_view" value="false"/>
					<param name="widget_view" value="true"/>
					<param name="widget_position" value="$PARAM[widget_position]"/>
				</include>
				<include condition="Skin.HasSetting(Widget$PARAM[widget_position]_View_Showcase)" content="ShowcaseView_Display">
					<param name="id" value="$PARAM[id]"/>
					<param name="art_icon" value="Widget$PARAM[widget_position]_Thumbnail"/>
					<param name="media_view" value="false"/>
					<param name="widget_view" value="true"/>
					<param name="widget_position" value="$PARAM[widget_position]"/>
				</include>
				<include condition="Skin.HasSetting(Widget$PARAM[widget_position]_View_Strip)" content="StripView_Display">
					<param name="id" value="$PARAM[id]"/>
					<param name="art_icon" value="Widget$PARAM[widget_position]_Thumbnail"/>
					<param name="media_view" value="false"/>
					<param name="widget_view" value="true"/>
					<param name="widget_position" value="$PARAM[widget_position]"/>
				</include>
				<include condition="Skin.HasSetting(Widget$PARAM[widget_position]_View_Grid)" content="GridView_Display">
					<param name="id" value="$PARAM[id]"/>
					<param name="art_icon" value="Widget$PARAM[widget_position]_Thumbnail"/>
					<param name="widget_position" value="$PARAM[widget_position]"/>
					<param name="gridview_details_fade" value="Control.HasFocus(90$PARAM[widget_position]0)"/>
				</include>
			</control>

			<control type="group">
				<visible>!$EXP[TransparentDialog_IsVisible]</visible>
				<include>Delayed_Content_Fade_Animation</include>
				<!-- Details -->
				<control type="group">
					<visible>Control.HasFocus(90$PARAM[widget_position]0)</visible>
					<include>Delayed_Content_Fade_Animation</include>
					<include condition="Skin.HasSetting(Widget$PARAM[widget_position]_View_Billboard)" content="BillboardView_Details">
						<param name="id" value="$PARAM[id]"/>
					</include>
					<include condition="Skin.HasSetting(Widget$PARAM[widget_position]_View_Showcase)" content="ShowcaseView_Details">
						<param name="media_view" value="false"/>
						<param name="id" value="$PARAM[id]"/>
					</include>
					<include condition="Skin.HasSetting(Widget$PARAM[widget_position]_View_Strip)" content="StripView_Details">
						<param name="id" value="$PARAM[id]"/>
					</include>
					<include condition="Skin.HasSetting(Widget$PARAM[widget_position]_View_Grid)" content="GridView_Details">
						<param name="id" value="$PARAM[id]"/>
					</include>
					<control type="group">
						<animation effect="slide" start="0" end="0,677" time="0" condition="Skin.HasSetting(Widget$PARAM[widget_position]_Display_Fanart)">Conditional</animation>
						<animation effect="slide" start="0" end="0,690" time="0" condition="Skin.HasSetting(Widget$PARAM[widget_position]_Display_Square)">Conditional</animation>
						<animation effect="slide" start="0" end="0,780" time="0" condition="!Skin.HasSetting(Widget$PARAM[widget_position]_Display_Fanart) + !Skin.HasSetting(Widget$PARAM[widget_position]_Display_Square)">Conditional</animation>
						<include condition="Skin.HasSetting(Widget$PARAM[widget_position]_View_Grid)" content="Breadcrumb_Label">
							<param name="bar" value="false"/>
							<param name="title_label" value="$VAR[Title_Label]"/>
							<param name="info_label" value="$VAR[Info_Label,$LOCALIZE[31116] ]"/>
							<param name="label_color" value="$VAR[Primary_Color]"/>
						</include>
					</control>
				</control>
				<!-- Breadcrumb -->
				<control type="group">
					<visible>Control.HasFocus(90$PARAM[widget_position]0)</visible>
					<animation effect="fade" start="0" end="100" time="360" delay="540" tween="sine" easing="inout" reversible="false" condition="$EXP[Widget_HasFocus]">Conditional</animation>
					<include content="Breadcrumb_Label">
						<param name="title_label" value="$PARAM[widget_header]"/>
						<param name="info_label" value="$INFO[Container(90$PARAM[widget_position]0).CurrentItem,$LOCALIZE[31116] ,]$INFO[Container(90$PARAM[widget_position]0).NumItems,/]"/>
						<param name="label_color" value="$VAR[Breadcrumb_Label_Color]"/>
					</include>
				</control>
				<!-- Busy spinner if container is updating -->
				<control type="image">
					<visible>Control.HasFocus(90$PARAM[widget_position]0) + Container(90$PARAM[widget_position]0).IsUpdating</visible>
					<include>Content_Fade_Animation</include>
					<centerleft>50%</centerleft>
					<centertop>50%</centertop>
					<width>60</width>
					<height>60</height>
					<texture colordiffuse="$VAR[Volume_Focus_Color]">dialogs/busy.png</texture>
					<animation effect="rotate" start="0" end="-360" center="auto" time="1800" loop="true" tween="cubic" easing="out" condition="true">Conditional</animation>
				</control>
			</control>
		</definition>
	</include>

	<include name="Widget_InProgress">
		<include content="Widget_Template">
			<param name="widget_position" value="$PARAM[widget_position]"/>
			<param name="widget_header" value="$LOCALIZE[31226]"/>
			<param name="id" value="$PARAM[id]"/>
			<param name="target" value="videos"/>
			<param name="sortby" value="lastplayed"/>
			<param name="sortorder" value="descending"/>
			<param name="content" value="plugin://script.embuary.helper/?info=getinprogress"/>
		</include>
	</include>

	<include name="Widget_NextUp">
		<include content="Widget_Template">
			<param name="widget_position" value="$PARAM[widget_position]"/>
			<param name="widget_header" value="$LOCALIZE[31227]"/>
			<param name="id" value="$PARAM[id]"/>
			<param name="content" value="plugin://script.embuary.helper/?info=getnextup"/>
		</include>
	</include>

	<include name="Widget_LatestMovies">
		<include content="Widget_Template">
			<param name="widget_position" value="$PARAM[widget_position]"/>
			<param name="widget_header" value="$LOCALIZE[31228]"/>
			<param name="id" value="$PARAM[id]"/>
			<param name="target" value="videos"/>
			<param name="sortby" value="dateadded"/>
			<param name="sortorder" value="descending"/>
			<param name="content" value="videodb://movies/titles/?xsp=%7B%22group%22%3A%7B%22mixed%22%3Afalse%2C%22type%22%3A%22none%22%7D%2C%22rules%22%3A%7B%22and%22%3A%5B%7B%22field%22%3A%22playcount%22%2C%22operator%22%3A%22lessthan%22%2C%22value%22%3A%5B%221%22%5D%7D%5D%7D%2C%22type%22%3A%22movies%22%7D"/>
		</include>
	</include>

	<include name="Widget_RandomMovies">
		<include content="Widget_Template">
			<param name="widget_position" value="$PARAM[widget_position]"/>
			<param name="widget_header" value="$LOCALIZE[31145]"/>
			<param name="id" value="$PARAM[id]"/>
			<param name="target" value="videos"/>
			<param name="sortby" value="random"/>
			<param name="sortorder" value="ascending"/>
			<param name="content" value="videodb://movies/titles/"/>
		</include>
	</include>

	<include name="Widget_LatestTVShows">
		<include content="Widget_Template">
			<param name="widget_position" value="$PARAM[widget_position]"/>
			<param name="widget_header" value="$LOCALIZE[31229]"/>
			<param name="id" value="$PARAM[id]"/>
			<param name="target" value="videos"/>
			<!--<param name="content" value="plugin://script.embuary.helper/?info=getnewshows"/>-->
			<param name="sortby" value="dateadded"/>
			<param name="sortorder" value="descending"/>
			<param name="content" value="videodb://tvshows/titles/?xsp=%7B%22group%22%3A%7B%22mixed%22%3Afalse%2C%22type%22%3A%22none%22%7D%2C%22rules%22%3A%7B%22and%22%3A%5B%7B%22field%22%3A%22playcount%22%2C%22operator%22%3A%22lessthan%22%2C%22value%22%3A%5B%221%22%5D%7D%5D%7D%2C%22type%22%3A%22tvshows%22%7D"/>
		</include>
	</include>

	<include name="Widget_RandomTVShows">
		<include content="Widget_Template">
			<param name="widget_position" value="$PARAM[widget_position]"/>
			<param name="widget_header" value="$LOCALIZE[31146]"/>
			<param name="id" value="$PARAM[id]"/>
			<param name="target" value="videos"/>
			<param name="sortby" value="random"/>
			<param name="sortorder" value="ascending"/>
			<param name="content" value="videodb://tvshows/titles/"/>
		</include>
	</include>

	<include name="Widget_LatestAlbums">
		<include content="Widget_Template">
			<param name="widget_position" value="$PARAM[widget_position]"/>
			<param name="widget_header" value="$LOCALIZE[31230]"/>
			<param name="id" value="$PARAM[id]"/>
			<param name="target" value="music"/>
			<param name="sortby" value="dateadded"/>
			<param name="sortorder" value="descending"/>
			<param name="content" value="musicdb://recentlyaddedalbums/"/>
			<param name="use_custom_click" value="true"/>
			<param name="click_action" value="Home_Open_Album"/>
		</include>
	</include>

	<include name="Widget_RecentAlbums">
		<include content="Widget_Template">
			<param name="widget_position" value="$PARAM[widget_position]"/>
			<param name="widget_header" value="$LOCALIZE[31231]"/>
			<param name="id" value="$PARAM[id]"/>
			<param name="target" value="music"/>
			<param name="sortby" value="lastplayed"/>
			<param name="sortorder" value="descending"/>
			<param name="content" value="musicdb://recentlyplayedalbums/"/>
			<param name="use_custom_click" value="true"/>
			<param name="click_action" value="Home_Open_Album"/>
		</include>
	</include>

	<include name="Widget_RandomAlbums">
		<include content="Widget_Template">
			<param name="widget_position" value="$PARAM[widget_position]"/>
			<param name="widget_header" value="$LOCALIZE[31147]"/>
			<param name="id" value="$PARAM[id]"/>
			<param name="target" value="music"/>
			<param name="sortby" value="random"/>
			<param name="sortorder" value="ascending"/>
			<param name="content" value="musicdb://albums/"/>
		</include>
	</include>

	<include name="Widget_Favourites">
		<include content="Widget_Template">
			<param name="widget_position" value="$PARAM[widget_position]"/>
			<param name="widget_header" value="$LOCALIZE[1036]"/>
			<param name="id" value="$PARAM[id]"/>
			<param name="content" value="favourites://"/>
		</include>
	</include>

	<include name="Widget_Custom">
		<include content="Widget_Template">
			<param name="widget_position" value="$PARAM[widget_position]"/>
			<param name="widget_header" value="$INFO[Skin.String(Widget$PARAM[widget_position]_Custom_Name)]"/>
			<param name="id" value="$PARAM[id]"/>
			<param name="target" value="$INFO[Skin.String(Widget$PARAM[widget_position]_Custom_Target)]"/>
			<param name="sortby" value="$INFO[Skin.String(Widget$PARAM[widget_position]_Custom_SortMethod)]"/>
			<param name="sortorder" value="$INFO[Skin.String(Widget$PARAM[widget_position]_Custom_SortOrder)]"/>
			<param name="content" value="$INFO[Skin.String(Widget$PARAM[widget_position]_Custom_Path)]"/>
			<param name="limit" value="$INFO[Skin.String(Widget$PARAM[widget_position]_Custom_Limit)]"/>
		</include>
	</include>

	<include name="Widget_Item">
		<param name="widget_position"/>
		<param name="id"/>
		<definition>
			<control type="group">
				<include condition="Skin.HasSetting(Widget$PARAM[widget_position]_Content_InProgress)" content="Widget_InProgress">
					<param name="widget_position" value="$PARAM[widget_position]"/>
					<param name="id" value="$PARAM[id]"/>
				</include>
				<include condition="Skin.HasSetting(Widget$PARAM[widget_position]_Content_NextUp)" content="Widget_NextUp">
					<param name="widget_position" value="$PARAM[widget_position]"/>
					<param name="id" value="$PARAM[id]"/>
				</include>
				<include condition="Skin.HasSetting(Widget$PARAM[widget_position]_Content_LatestMovies)" content="Widget_LatestMovies">
					<param name="widget_position" value="$PARAM[widget_position]"/>
					<param name="id" value="$PARAM[id]"/>
				</include>
				<include condition="Skin.HasSetting(Widget$PARAM[widget_position]_Content_RandomMovies)" content="Widget_RandomMovies">
					<param name="widget_position" value="$PARAM[widget_position]"/>
					<param name="id" value="$PARAM[id]"/>
				</include>
				<include condition="Skin.HasSetting(Widget$PARAM[widget_position]_Content_LatestTVShows)" content="Widget_LatestTVShows">
					<param name="widget_position" value="$PARAM[widget_position]"/>
					<param name="id" value="$PARAM[id]"/>
				</include>
				<include condition="Skin.HasSetting(Widget$PARAM[widget_position]_Content_RandomTVShows)" content="Widget_RandomTVShows">
					<param name="widget_position" value="$PARAM[widget_position]"/>
					<param name="id" value="$PARAM[id]"/>
				</include>
				<include condition="Skin.HasSetting(Widget$PARAM[widget_position]_Content_LatestAlbums)" content="Widget_LatestAlbums">
					<param name="widget_position" value="$PARAM[widget_position]"/>
					<param name="id" value="$PARAM[id]"/>
				</include>
				<include condition="Skin.HasSetting(Widget$PARAM[widget_position]_Content_RecentAlbums)" content="Widget_RecentAlbums">
					<param name="widget_position" value="$PARAM[widget_position]"/>
					<param name="id" value="$PARAM[id]"/>
				</include>
				<include condition="Skin.HasSetting(Widget$PARAM[widget_position]_Content_RandomAlbums)" content="Widget_RandomAlbums">
					<param name="widget_position" value="$PARAM[widget_position]"/>
					<param name="id" value="$PARAM[id]"/>
				</include>
				<include condition="Skin.HasSetting(Widget$PARAM[widget_position]_Content_Favourites)" content="Widget_Favourites">
					<param name="widget_position" value="$PARAM[widget_position]"/>
					<param name="id" value="$PARAM[id]"/>
				</include>
				<include condition="Skin.HasSetting(Widget$PARAM[widget_position]_Content_Custom)" content="Widget_Custom">
					<param name="widget_position" value="$PARAM[widget_position]"/>
					<param name="id" value="$PARAM[id]"/>
				</include>
			</control>
		</definition>
	</include>

	<include name="Widget_1">
		<include content="Widget_Item">
			<param name="widget_position" value="1"/>
			<param name="id" value="9010"/>
		</include>
	</include>

	<include name="Widget_2">
		<include content="Widget_Item">
			<param name="widget_position" value="2"/>
			<param name="id" value="9020"/>
		</include>
	</include>

	<include name="Widget_3">
		<include content="Widget_Item">
			<param name="widget_position" value="3"/>
			<param name="id" value="9030"/>
		</include>
	</include>

	<include name="Widget_4">
		<include content="Widget_Item">
			<param name="widget_position" value="4"/>
			<param name="id" value="9040"/>
		</include>
	</include>

	<include name="Widget_5">
		<include content="Widget_Item">
			<param name="widget_position" value="5"/>
			<param name="id" value="9050"/>
		</include>
	</include>

	<include name="Widget_6">
		<include content="Widget_Item">
			<param name="widget_position" value="6"/>
			<param name="id" value="9060"/>
		</include>
	</include>

	<include name="Widget_7">
		<include content="Widget_Item">
			<param name="widget_position" value="7"/>
			<param name="id" value="9070"/>
		</include>
	</include>

	<include name="Widget_8">
		<include content="Widget_Item">
			<param name="widget_position" value="8"/>
			<param name="id" value="9080"/>
		</include>
	</include>

	<include name="Widget_9">
		<include content="Widget_Item">
			<param name="widget_position" value="9"/>
			<param name="id" value="9090"/>
		</include>
	</include>


	<include name="Info_Widget_Template">
		<param name="use_custom_content" default="true"/>
		<param name="use_custom_click" default="true"/>
		<param name="min_items" default="1"/>
		<param name="bypass_min_items" default="false"/>
		<param name="id" default="8000"/>
		<definition>
			<include content="Widget_List">
				<param name="min_items" value="$PARAM[min_items]"/>
				<param name="bypass_min_items" value="$PARAM[bypass_min_items]"/>
				<param name="widget_type" value="Info_Widget"/>
				<param name="id" value="$PARAM[id]"/>
				<param name="focus_button" value="HiddenFocusButton"/>
				<param name="use_custom_content" value="$PARAM[use_custom_content]"/>
				<param name="target" value="$PARAM[target]"/>
				<param name="sortby" value="$PARAM[sortby]"/>
				<param name="sortorder" value="$PARAM[sortorder]"/>
				<param name="content" value="$PARAM[content]"/>
				<param name="limit" value="$PARAM[limit]"/>
				<param name="use_custom_click" value="$PARAM[use_custom_click]"/>
				<param name="click_action" value="$PARAM[click_action]"/>
			</include>
			<!-- Art -->
			<control type="group">
				<visible>Control.HasFocus($PARAM[id]) + !Container($PARAM[id]).IsUpdating</visible>
				<animation effect="slide" start="0" end="0,660" time="0" condition="Control.HasFocus($PARAM[id])">Conditional</animation>
				<animation effect="slide" start="0" end="0,-660" time="180" tween="sine" easing="inout" reversible="false" condition="Control.HasFocus($PARAM[id])">Conditional</animation>
				<animation effect="fade" start="0" end="100" time="360" tween="sine" easing="inout" reversible="false" condition="Control.HasFocus($PARAM[id])">Conditional</animation>
				<include content="$PARAM[widget_view]View_Art_$PARAM[widget_display]">
					<param name="target_id" value="$PARAM[id]"/>
					<param name="art_icon" value="Widget_$PARAM[widget_display]_Thumbnail"/>
					<param name="show_breadcrumb_overlay" value="true"/>
				</include>
			</control>
			<!-- Breadcrumb -->
			<control type="group">
				<animation effect="fade" start="0" end="100" time="360" delay="540" tween="sine" easing="inout" reversible="false" condition="$EXP[InfoWidget_HasFocus]">Conditional</animation>
				<visible>Control.HasFocus($PARAM[id]) + !$EXP[TransparentDialog_IsVisible]</visible>
				<include content="Breadcrumb_Label">
					<param name="title_label" value="$PARAM[widget_header]"/>
					<param name="info_label" value="$PARAM[widget_info]"/>
					<param name="label_color" value="$VAR[Breadcrumb_Label_Color]"/>
				</include>
			</control>
			<!-- Details -->
			<control type="group">
				<visible>Control.HasFocus($PARAM[id]) + !Container($PARAM[id]).IsUpdating + !$EXP[TransparentDialog_IsVisible]</visible>
				<include>Delayed_Content_Fade_Animation</include>
				<include content="$PARAM[widget_view]View_Details">
					<param name="id" value="$PARAM[id]"/>
				</include>
				<!-- Gridview details -->
				<control type="group">
					<visible>String.IsEqual(Control.GetLabel($PARAM[id]10),Grid)</visible>
					<include>Delayed_Content_Fade_Animation</include>
					<animation effect="slide" start="0" end="0,677" time="0" condition="String.IsEqual(Control.GetLabel($PARAM[id]11),Fanart)">Conditional</animation>
					<animation effect="slide" start="0" end="0,690" time="0" condition="String.IsEqual(Control.GetLabel($PARAM[id]11),Square)">Conditional</animation>
					<animation effect="slide" start="0" end="0,780" time="0" condition="String.IsEqual(Control.GetLabel($PARAM[id]11),Posters)">Conditional</animation>
					<include content="Breadcrumb_Label">
						<param name="bar" value="false"/>
						<param name="title_label" value="$VAR[Title_Label]"/>
						<param name="info_label" value="$VAR[Info_Label,$LOCALIZE[31116] ]"/>
						<param name="label_color" value="$VAR[Primary_Color]"/>
					</include>
				</control>
			</control>
			<!-- Busy spinner if container is updating -->
			<control type="image">
				<visible>Control.HasFocus($PARAM[id]) + Container($PARAM[id]).IsUpdating + !$EXP[TransparentDialog_IsVisible]</visible>
				<include>Content_Fade_Animation</include>
				<centerleft>50%</centerleft>
				<centertop>50%</centertop>
				<width>60</width>
				<height>60</height>
				<texture colordiffuse="$VAR[Volume_Focus_Color]">dialogs/busy.png</texture>
				<animation effect="rotate" start="0" end="-360" center="auto" time="1800" loop="true" tween="cubic" easing="out" condition="true">Conditional</animation>
			</control>
			<!-- Labels to check view and display type -->
			<control type="label" id="$PARAM[id]10">
				<visible>false</visible>
				<label>$PARAM[widget_view]</label>
			</control>
			<control type="label" id="$PARAM[id]11">
				<visible>false</visible>
				<label>$PARAM[widget_display]</label>
			</control>
			<!-- Labels to check if artwork is the same as next/previous -->
			<control type="label" id="$PARAM[id]20">
				<visible>false</visible>
				<label>$VAR[Widget_$PARAM[widget_display]_Thumbnail(-1)Content]</label>
			</control>
			<control type="label" id="$PARAM[id]21">
				<visible>false</visible>
				<label>$VAR[Widget_$PARAM[widget_display]_Thumbnail(0)Content]</label>
			</control>
			<control type="label" id="$PARAM[id]22">
				<visible>false</visible>
				<label>$VAR[Widget_$PARAM[widget_display]_Thumbnail(1)Content]</label>
			</control>
		</definition>
	</include>

	<!-- Info_Widgets -->
	<include name="Info_Widget_NextUp">
		<include content="Info_Widget_Template">
			<param name="widget_view" value="Strip"/>
			<param name="widget_display" value="Fanart"/>
			<param name="id" value="8010"/>
			<param name="target" value="videos"/>
			<param name="sortby" value="playcount"/>
			<param name="sortorder" value="ascending"/>
			<param name="limit" value="3"/>
			<param name="content" value="videodb://inprogresstvshows/$INFO[ListItem.DBID]/-2/?tvshowid=$INFO[ListItem.DBID]/"/>
			<param name="click_action" value= "Play_Episodes"/>
			<param name="widget_header" value="$LOCALIZE[31227]"/>
		</include>
	</include>

	<include name="Info_Widget_Episodes">
		<include content="Info_Widget_Template">
			<param name="widget_view" value="Strip"/>
			<param name="widget_display" value="Fanart"/>
			<param name="id" value="8010"/>
			<param name="target" value="videos"/>
			<param name="sortby" value="episode"/>
			<param name="sortorder" value="ascending"/>
			<param name="content" value="$VAR[Path_Episodes]"/>
			<param name="click_action" value= "Play_Episodes"/>
			<param name="widget_header" value="$VAR[Info_Widget_Episodes_Label]"/>
		</include>
	</include>

	<include name="Info_Widget_MovieSet">
		<include content="Info_Widget_Template">
			<param name="widget_view" value="Strip"/>
			<param name="widget_display" value="Posters"/>
			<param name="id" value="8010"/>
			<param name="target" value="videos"/>
			<param name="sortby" value="year"/>
			<param name="sortorder" value="ascending"/>
			<param name="content" value="$VAR[Path_MovieSet]"/>
			<param name="click_action" value="Open_MovieSet"/>
			<param name="widget_header" value="$INFO[ListItem.Set]"/>
			<param name="widget_info" value="$INFO[Container(8010).CurrentItem,$LOCALIZE[31116] ]$INFO[Container(8010).NumItems,/]"/>
		</include>
	</include>

	<include name="Info_Widget_MostPlayed">
		<include content="Info_Widget_Template">
			<param name="widget_view" value="Grid"/>
			<param name="widget_display" value="Square"/>
			<param name="id" value="8010"/>
			<param name="target" value="music"/>
			<param name="limit" value="10"/>
			<param name="sortby" value="playcount"/>
			<param name="sortorder" value="descending"/>
			<param name="content" value="musicdb://artists/$INFO[ListItem.DBID]/-1/-2/"/>
			<param name="click_action" value= "Play_All_Songs"/>
			<param name="widget_header" value="$LOCALIZE[31149]"/>
			<param name="widget_info" value="$INFO[Container(8010).CurrentItem,$LOCALIZE[31116] ]$INFO[Container(8010).NumItems,/]"/>
		</include>
	</include>

	<include name="Info_Widget_Seasons">
		<include content="Info_Widget_Template">
			<param name="widget_view" value="Strip"/>
			<param name="widget_display" value="Posters"/>
			<param name="id" value="8020"/>
			<param name="target" value="videos"/>
			<param name="sortby" value="season"/>
			<param name="sortorder" value="ascending"/>
			<param name="content" value="$VAR[Path_Seasons]"/>
			<param name="click_action" value="Open_Season_Folder"/>
			<param name="widget_header" value="$INFO[Container(8020).ListItem.Season,$LOCALIZE[20373] ]"/>
		</include>
	</include>

	<include name="Info_Widget_Discography">
		<include content="Info_Widget_Template">
			<param name="widget_view" value="Strip"/>
			<param name="widget_display" value="Square"/>
			<param name="id" value="8020"/>
			<param name="min_items" value="0"/>
			<param name="target" value="music"/>
			<param name="sortby" value="year"/>
			<param name="sortorder" value="descending"/>
			<param name="content" value="$VAR[Path_Discography]"/>
			<param name="click_action" value="Open_Album"/>
			<param name="widget_header" value="$VAR[Info_Widget_Discography_Label]"/>
			<param name="widget_info" value="$INFO[Container(8020).CurrentItem,$LOCALIZE[31116] ]$INFO[Container(8020).NumItems,/]"/>
		</include>
	</include>

	<include name="Info_Widget_Cast">
		<include content="Info_Widget_Template">
			<param name="widget_view" value="Grid"/>
			<param name="widget_display" value="Posters"/>
			<param name="id" value="50"/>
			<param name="use_custom_content" value="false"/>
			<param name="use_custom_click" value="false"/>
			<param name="widget_header" value="$LOCALIZE[206]"/>
			<param name="widget_info" value=""/>
		</include>
	</include>

	<include name="Info_Widget_Set">
		<include content="Info_Widget_Template">
			<param name="widget_view" value="Strip"/>
			<param name="widget_display" value="Posters"/>
			<param name="id" value="50"/>
			<param name="use_custom_content" value="false"/>
			<param name="use_custom_click" value="false"/>
			<param name="widget_header" value="$INFO[ListItem.Label]"/>
			<param name="widget_info" value="$INFO[Container(50).CurrentItem,$LOCALIZE[31116] ]$INFO[Container(50).NumItems,/]"/>
		</include>
	</include>

	<include name="Info_Widget_Screenshots">
		<include content="Info_Widget_Template">
			<param name="widget_view" value="Strip"/>
			<param name="widget_display" value="Fanart"/>
			<param name="id" value="50"/>
			<param name="use_custom_content" value="false"/>
			<param name="use_custom_click" value="false"/>
			<param name="widget_header" value="$INFO[ListItem.Label]"/>
			<param name="widget_info" value="$INFO[Container(50).CurrentItem,$LOCALIZE[31116] ]$INFO[Container(50).NumItems,/]"/>
		</include>
	</include>

	<include name="Info_Widget_ActorCredits">
		<include content="Info_Widget_Template">
			<param name="widget_view" value="Grid"/>
			<param name="widget_display" value="Posters"/>
			<param name="id" value="8030"/>
			<param name="bypass_min_items" value="true"/>
			<param name="target" value="videos"/>
			<param name="sortby" value="votes"/>
			<param name="sortorder" value="descending"/>
			<param name="content" value="$VAR[Path_ActorCredits]"/>
			<param name="click_action" value="ActorCredits"/>
			<param name="limit" value="50"/>
			<param name="widget_header" value="$INFO[Container(50).ListItem.Label]"/>
			<param name="widget_info" value="$LOCALIZE[31116] $LOCALIZE[31114]"/>
		</include>
	</include>

	<include name="Info_Widget_DirectorCredits">
		<include content="Info_Widget_Template">
			<param name="widget_view" value="Grid"/>
			<param name="widget_display" value="Fanart"/>
			<param name="id" value="8050"/>
			<param name="target" value="videos"/>
			<param name="sortby" value="votes"/>
			<param name="sortorder" value="descending"/>
			<param name="content" value="$VAR[Path_DirectorCredits]"/>
			<param name="click_action" value="Open_More_From_Director"/>
			<param name="limit" value="50"/>
			<param name="widget_header" value="$INFO[ListItem.Director]"/>
			<param name="widget_info" value="$LOCALIZE[31116] $LOCALIZE[31114]"/>
		</include>
	</include>

	<include name="Info_Widget_StudioCredits">
		<include content="Info_Widget_Template">
			<param name="widget_view" value="Grid"/>
			<param name="widget_display" value="Fanart"/>
			<param name="id" value="8060"/>
			<param name="target" value="videos"/>
			<param name="sortby" value="random"/>
			<param name="sortorder" value="ascending"/>
			<param name="content" value="$VAR[Path_StudioCredits]"/>
			<param name="click_action" value="Open_More_From_Studio"/>
			<param name="limit" value="50"/>
			<param name="widget_header" value="$INFO[ListItem.Studio]"/>
			<param name="widget_info" value="$LOCALIZE[31116] $LOCALIZE[31114]"/>
		</include>
	</include>

	<include name="Info_Widget_Similar">
		<include content="Info_Widget_Template">
			<param name="widget_view" value="Grid"/>
			<param name="widget_display" value="Posters"/>
			<param name="id" value="8070"/>
			<param name="target" value="videos"/>
			<param name="sortby" value="title"/>
			<param name="sortorder" value="ascending"/>
			<param name="content" value="$VAR[Path_Similar]"/>
			<param name="click_action" value="Open_Similar"/>
			<param name="widget_header" value="$LOCALIZE[31009]"/>
			<param name="widget_info" value=""/>
		</include>
	</include>

	<include name="Info_Widget_SimilarArtists">
		<include content="Info_Widget_Template">
			<param name="widget_view" value="Grid"/>
			<param name="widget_display" value="Fanart"/>
			<param name="id" value="8070"/>
			<param name="target" value="music"/>
			<param name="sortby" value="random"/>
			<param name="sortorder" value="ascending"/>
			<param name="content" value="$VAR[Path_SimilarArtists]"/>
			<param name="widget_header" value="$LOCALIZE[31008]"/>
			<param name="widget_info" value=""/>
		</include>
	</include>

	<include name="Info_Widget_SimilarAlbums">
		<include content="Info_Widget_Template">
			<param name="widget_view" value="Grid"/>
			<param name="widget_display" value="Square"/>
			<param name="id" value="8070"/>
			<param name="target" value="music"/>
			<param name="sortby" value="random"/>
			<param name="sortorder" value="ascending"/>
			<param name="content" value="$VAR[Path_SimilarAlbums]"/>
			<param name="widget_header" value="$VAR[Info_Widget_SimilarAlbums_Label]"/>
			<param name="widget_info" value=""/>
		</include>
	</include>

</includes>
