<?xml version="1.0" encoding="UTF-8"?>
<includes>

	<include name="Default_Transition">
		<onclick condition="!String.IsEqual(ListItem.DBID,window(movieinformation).property(SelectedItem))">SetProperty(Refresh,true,movieinformation)</onclick>
		<onclick condition="!String.IsEqual(ListItem.DBID,window(movieinformation).property(SelectedItem))">SetProperty(Breadcrumb_GoToNext,true,movieinformation)</onclick>
		<onclick condition="!String.IsEqual(ListItem.DBID,window(movieinformation).property(SelectedItem))">SetProperty(InfoDialog_Transition,true,home)</onclick>
		<onclick condition="!String.IsEqual(ListItem.DBID,window(movieinformation).property(SelectedItem))">Dialog.Close(all,true)</onclick>
	</include>

	<include name="ClickAction_Open_MovieSet">
<!--<onclick condition="Window.IsVisible(home) + String.IsEqual(ListItem.DBID,window(movieinformation).property(SelectedItem))">SendClick(8)</onclick>
		<onclick condition="Window.IsVisible(home) + !String.IsEqual(ListItem.DBID,window(movieinformation).property(SelectedItem))">RunScript(script.embuary.helper,action=playitem,item='$ESCINFO[Container(8010).ListItem.Filenameandpath]')</onclick>-->
		<include condition="Integer.IsGreater(ListItem.DBID,0)">Default_Transition</include>
		<onclick condition="Integer.IsGreater(ListItem.DBID,0) + Window.IsVisible(home) + !String.IsEqual(Container(8010).ListItem.DBID,window(movieinformation).property(SelectedItem))">ActivateWindow(Videos,videodb://movies/titles/?xsp=%7B%22order%22%3A%7B%22direction%22%3A%22ascending%22%2C%22ignorefolders%22%3A0%2C%22method%22%3A%22sorttitle%22%7D%2C%22rules%22%3A%7B%22and%22%3A%5B%7B%22field%22%3A%22title%22%2C%22operator%22%3A%22is%22%2C%22value%22%3A%5B$ESCINFO[Container(8010).ListItem.Title]%5D%7D%5D%7D%2C%22type%22%3A%22movies%22%7D)</onclick>
		<onclick condition="Integer.IsGreater(ListItem.DBID,0) + !Window.IsVisible(home) + !String.IsEqual(Container(8010).ListItem.DBID,window(movieinformation).property(SelectedItem))">Container.Update(videodb://movies/titles/?xsp=%7B%22order%22%3A%7B%22direction%22%3A%22ascending%22%2C%22ignorefolders%22%3A0%2C%22method%22%3A%22sorttitle%22%7D%2C%22rules%22%3A%7B%22and%22%3A%5B%7B%22field%22%3A%22title%22%2C%22operator%22%3A%22is%22%2C%22value%22%3A%5B$ESCINFO[Container(8010).ListItem.Title]%5D%7D%5D%7D%2C%22type%22%3A%22movies%22%7D)</onclick>
		<onclick condition="Integer.IsGreater(ListItem.DBID,0) + !String.IsEqual(ListItem.DBID,window(movieinformation).property(SelectedItem))">SetFocus(5003)</onclick>
		<onclick condition="Integer.IsGreater(ListItem.DBID,0)">SetFocus(65000)</onclick>
		<onclick condition="Integer.IsGreater(ListItem.DBID,0) + String.IsEqual(Container(8010).ListItem.DBID,window(movieinformation).property(SelectedItem))">SendClick(8)</onclick>
		<onclick condition="!Integer.IsGreater(ListItem.DBID,0) + !String.IsEqual(Container(8010).ListItem.Property(tmdb_id),window(movieinformation).property(SelectedItem))">Dialog.Close(all,true)</onclick>
		<onclick condition="!Integer.IsGreater(ListItem.DBID,0) + !String.IsEqual(Container(8010).ListItem.Property(tmdb_id),window(movieinformation).property(SelectedItem))">RunScript(plugin.video.themoviedb.helper,add_path=$INFO[Container(8010).ListItem.FolderPath],call_auto=1190)</onclick>
		<onclick condition="!Integer.IsGreater(ListItem.DBID,0) + String.IsEqual(Container(8010).ListItem.Property(tmdb_id),window(movieinformation).property(SelectedItem))">RunScript(plugin.video.themoviedb.helper,close_dialog=1190)</onclick>
		<onclick condition="!Integer.IsGreater(ListItem.DBID,0) + String.IsEqual(Container(8010).ListItem.Property(tmdb_id),window(movieinformation).property(SelectedItem))">Runscript(plugin.video.themoviedb.helper,play=movie,tmdb_id=$INFO[Container(8010).ListItem.UniqueID(tmdb)]),imdb_id=$INFO[Container(8010).ListItem.UniqueID(imdb)])</onclick>
	</include>

	<include name="ClickAction_ActorCredits">
		<include condition="Integer.IsGreater(ListItem.DBID,0)">Default_Transition</include>
		<onclick condition="Integer.IsGreater(ListItem.DBID,0) + Window.IsVisible(home) + !String.IsEqual(Container(8030).ListItem.DBID,window(movieinformation).property(SelectedItem)) + String.IsEqual(Container(8030).ListItem.DBType,movie)">ActivateWindow(Videos,videodb://movies/titles/?xsp=%7B%22order%22%3A%7B%22direction%22%3A%22ascending%22%2C%22ignorefolders%22%3A0%2C%22method%22%3A%22sorttitle%22%7D%2C%22rules%22%3A%7B%22and%22%3A%5B%7B%22field%22%3A%22title%22%2C%22operator%22%3A%22is%22%2C%22value%22%3A%5B$ESCINFO[Container(8030).ListItem.Title]%5D%7D%5D%7D%2C%22type%22%3A%22movies%22%7D)</onclick>
		<onclick condition="Integer.IsGreater(ListItem.DBID,0) + Window.IsVisible(home) + !String.IsEqual(Container(8030).ListItem.DBID,window(movieinformation).property(SelectedItem)) + String.IsEqual(Container(8030).ListItem.DBType,tvshow)">ActivateWindow(Videos,videodb://tvshows/titles/?xsp=%7B%22order%22%3A%7B%22direction%22%3A%22ascending%22%2C%22ignorefolders%22%3A0%2C%22method%22%3A%22sorttitle%22%7D%2C%22rules%22%3A%7B%22and%22%3A%5B%7B%22field%22%3A%22title%22%2C%22operator%22%3A%22is%22%2C%22value%22%3A%5B$ESCINFO[Container(8030).ListItem.Title]%5D%7D%5D%7D%2C%22type%22%3A%22tvshows%22%7D)</onclick>
		<onclick condition="Integer.IsGreater(ListItem.DBID,0) + !Window.IsVisible(home) + !String.IsEqual(Container(8030).ListItem.DBID,window(movieinformation).property(SelectedItem)) + String.IsEqual(Container(8030).ListItem.DBType,movie)">Container.Update(videodb://movies/titles/?xsp=%7B%22order%22%3A%7B%22direction%22%3A%22ascending%22%2C%22ignorefolders%22%3A0%2C%22method%22%3A%22sorttitle%22%7D%2C%22rules%22%3A%7B%22and%22%3A%5B%7B%22field%22%3A%22title%22%2C%22operator%22%3A%22is%22%2C%22value%22%3A%5B$ESCINFO[Container(8030).ListItem.Title]%5D%7D%5D%7D%2C%22type%22%3A%22movies%22%7D)</onclick>
		<onclick condition="Integer.IsGreater(ListItem.DBID,0) + !Window.IsVisible(home) + !String.IsEqual(Container(8030).ListItem.DBID,window(movieinformation).property(SelectedItem)) + String.IsEqual(Container(8030).ListItem.DBType,tvshow)">Container.Update(videodb://tvshows/titles/?xsp=%7B%22order%22%3A%7B%22direction%22%3A%22ascending%22%2C%22ignorefolders%22%3A0%2C%22method%22%3A%22sorttitle%22%7D%2C%22rules%22%3A%7B%22and%22%3A%5B%7B%22field%22%3A%22title%22%2C%22operator%22%3A%22is%22%2C%22value%22%3A%5B$ESCINFO[Container(8030).ListItem.Title]%5D%7D%5D%7D%2C%22type%22%3A%22tvshows%22%7D)</onclick>
		<onclick condition="Integer.IsGreater(ListItem.DBID,0) + !String.IsEqual(ListItem.DBID,window(movieinformation).property(SelectedItem))">SetFocus(5003)</onclick>
		<onclick condition="Integer.IsGreater(ListItem.DBID,0)">SetFocus(65000)</onclick>
		<onclick condition="Integer.IsGreater(ListItem.DBID,0) + String.IsEqual(Container(8030).ListItem.DBID,window(movieinformation).property(SelectedItem))">SendClick(8)</onclick>
		<onclick condition="!Integer.IsGreater(ListItem.DBID,0) + !String.IsEqual(Container(8030).ListItem.Property(tmdb_id),window(movieinformation).property(SelectedItem))">Dialog.Close(all,true)</onclick>
		<onclick condition="!Integer.IsGreater(ListItem.DBID,0) + !String.IsEqual(Container(8030).ListItem.Property(tmdb_id),window(movieinformation).property(SelectedItem))">RunScript(plugin.video.themoviedb.helper,add_path=$INFO[Container(8030).ListItem.FolderPath],call_auto=1190)</onclick>
		<onclick condition="!Integer.IsGreater(ListItem.DBID,0) + String.IsEqual(Container(8030).ListItem.Property(tmdb_id),window(movieinformation).property(SelectedItem)) + String.IsEqual(Container(8030).ListItem.DBType,movie)">RunScript(plugin.video.themoviedb.helper,close_dialog=1190)</onclick>
		<onclick condition="!Integer.IsGreater(ListItem.DBID,0) + String.IsEqual(Container(8030).ListItem.Property(tmdb_id),window(movieinformation).property(SelectedItem)) + String.IsEqual(Container(8030).ListItem.DBType,movie)">Runscript(plugin.video.themoviedb.helper,play=movie,tmdb_id=$INFO[Container(8030).ListItem.UniqueID(tmdb)]),imdb_id=$INFO[Container(8030).ListItem.UniqueID(imdb)])</onclick>
	</include>

	<include name="ClickAction_Open_More_From_Director">
		<include condition="Integer.IsGreater(ListItem.DBID,0)">Default_Transition</include>
		<onclick condition="Integer.IsGreater(ListItem.DBID,0) + Window.IsVisible(home) + !String.IsEqual(Container(8050).ListItem.DBID,window(movieinformation).property(SelectedItem))">ActivateWindow(Videos,videodb://movies/titles/?xsp=%7B%22order%22%3A%7B%22direction%22%3A%22ascending%22%2C%22ignorefolders%22%3A0%2C%22method%22%3A%22sorttitle%22%7D%2C%22rules%22%3A%7B%22and%22%3A%5B%7B%22field%22%3A%22title%22%2C%22operator%22%3A%22is%22%2C%22value%22%3A%5B$ESCINFO[Container(8050).ListItem.Title]%5D%7D%5D%7D%2C%22type%22%3A%22movies%22%7D)</onclick>
		<onclick condition="Integer.IsGreater(ListItem.DBID,0) + !Window.IsVisible(home) + !String.IsEqual(Container(8050).ListItem.DBID,window(movieinformation).property(SelectedItem))">Container.Update(videodb://movies/titles/?xsp=%7B%22order%22%3A%7B%22direction%22%3A%22ascending%22%2C%22ignorefolders%22%3A0%2C%22method%22%3A%22sorttitle%22%7D%2C%22rules%22%3A%7B%22and%22%3A%5B%7B%22field%22%3A%22title%22%2C%22operator%22%3A%22is%22%2C%22value%22%3A%5B$ESCINFO[Container(8050).ListItem.Title]%5D%7D%5D%7D%2C%22type%22%3A%22movies%22%7D)</onclick>
		<onclick condition="Integer.IsGreater(ListItem.DBID,0) + !String.IsEqual(ListItem.DBID,window(movieinformation).property(SelectedItem))">SetFocus(5003)</onclick>
		<onclick condition="Integer.IsGreater(ListItem.DBID,0)">SetFocus(65000)</onclick>
		<onclick condition="Integer.IsGreater(ListItem.DBID,0) + String.IsEqual(Container(8050).ListItem.DBID,window(movieinformation).property(SelectedItem))">SendClick(8)</onclick>
		<onclick condition="!Integer.IsGreater(ListItem.DBID,0) + !String.IsEqual(Container(8050).ListItem.Property(tmdb_id),window(movieinformation).property(SelectedItem))">Dialog.Close(all,true)</onclick>
		<onclick condition="!Integer.IsGreater(ListItem.DBID,0) + !String.IsEqual(Container(8050).ListItem.Property(tmdb_id),window(movieinformation).property(SelectedItem))">RunScript(plugin.video.themoviedb.helper,add_path=$INFO[Container(8050).ListItem.FolderPath],call_auto=1190)</onclick>
		<onclick condition="!Integer.IsGreater(ListItem.DBID,0) + String.IsEqual(Container(8050).ListItem.Property(tmdb_id),window(movieinformation).property(SelectedItem)) + String.IsEqual(Container(8050).ListItem.DBType,movie)">RunScript(plugin.video.themoviedb.helper,close_dialog=1190)</onclick>
		<onclick condition="!Integer.IsGreater(ListItem.DBID,0) + String.IsEqual(Container(8050).ListItem.Property(tmdb_id),window(movieinformation).property(SelectedItem)) + String.IsEqual(Container(8050).ListItem.DBType,movie)">Runscript(plugin.video.themoviedb.helper,play=movie,tmdb_id=$INFO[Container(8050).ListItem.UniqueID(tmdb)]),imdb_id=$INFO[Container(8050).ListItem.UniqueID(imdb)])</onclick>
	</include>

	<include name="ClickAction_Open_More_From_Studio">
		<include condition="Integer.IsGreater(ListItem.DBID,0)">Default_Transition</include>
		<onclick condition="Integer.IsGreater(ListItem.DBID,0) + Window.IsVisible(home) + !String.IsEqual(Container(8060).ListItem.DBID,window(movieinformation).property(SelectedItem))">ActivateWindow(Videos,videodb://movies/titles/?xsp=%7B%22order%22%3A%7B%22direction%22%3A%22ascending%22%2C%22ignorefolders%22%3A0%2C%22method%22%3A%22sorttitle%22%7D%2C%22rules%22%3A%7B%22and%22%3A%5B%7B%22field%22%3A%22title%22%2C%22operator%22%3A%22is%22%2C%22value%22%3A%5B$ESCINFO[Container(8060).ListItem.Title]%5D%7D%5D%7D%2C%22type%22%3A%22movies%22%7D)</onclick>
		<onclick condition="Integer.IsGreater(ListItem.DBID,0) + !Window.IsVisible(home) + !String.IsEqual(Container(8060).ListItem.DBID,window(movieinformation).property(SelectedItem))">Container.Update(videodb://movies/titles/?xsp=%7B%22order%22%3A%7B%22direction%22%3A%22ascending%22%2C%22ignorefolders%22%3A0%2C%22method%22%3A%22sorttitle%22%7D%2C%22rules%22%3A%7B%22and%22%3A%5B%7B%22field%22%3A%22title%22%2C%22operator%22%3A%22is%22%2C%22value%22%3A%5B$ESCINFO[Container(8060).ListItem.Title]%5D%7D%5D%7D%2C%22type%22%3A%22movies%22%7D)</onclick>
		<onclick condition="Integer.IsGreater(ListItem.DBID,0) + !String.IsEqual(ListItem.DBID,window(movieinformation).property(SelectedItem))">SetFocus(5003)</onclick>
		<onclick condition="Integer.IsGreater(ListItem.DBID,0)">SetFocus(65000)</onclick>
		<onclick condition="Integer.IsGreater(ListItem.DBID,0) + String.IsEqual(Container(8060).ListItem.DBID,window(movieinformation).property(SelectedItem))">SendClick(8)</onclick>
		<onclick condition="!Integer.IsGreater(ListItem.DBID,0) + !String.IsEqual(Container(8060).ListItem.Property(tmdb_id),window(movieinformation).property(SelectedItem))">Dialog.Close(all,true)</onclick>
		<onclick condition="!Integer.IsGreater(ListItem.DBID,0) + !String.IsEqual(Container(8060).ListItem.Property(tmdb_id),window(movieinformation).property(SelectedItem))">RunScript(plugin.video.themoviedb.helper,add_path=$INFO[Container(8060).ListItem.FolderPath],call_auto=1190)</onclick>
		<onclick condition="!Integer.IsGreater(ListItem.DBID,0) + String.IsEqual(Container(8060).ListItem.Property(tmdb_id),window(movieinformation).property(SelectedItem)) + String.IsEqual(Container(8060).ListItem.DBType,movie)">RunScript(plugin.video.themoviedb.helper,close_dialog=1190)</onclick>
		<onclick condition="!Integer.IsGreater(ListItem.DBID,0) + String.IsEqual(Container(8060).ListItem.Property(tmdb_id),window(movieinformation).property(SelectedItem)) + String.IsEqual(Container(8060).ListItem.DBType,movie)">Runscript(plugin.video.themoviedb.helper,play=movie,tmdb_id=$INFO[Container(8050).ListItem.UniqueID(tmdb)]),imdb_id=$INFO[Container(8050).ListItem.UniqueID(imdb)])</onclick>

	</include>

	<include name="ClickAction_Open_Similar">
		<include condition="Integer.IsGreater(ListItem.DBID,0)">Default_Transition</include>
		<onclick condition="Integer.IsGreater(ListItem.DBID,0) + Window.IsVisible(home) + !String.IsEqual(Container(8070).ListItem.DBID,window(movieinformation).property(SelectedItem)) + String.IsEqual(Container(8070).ListItem.DBType,movie)">ActivateWindow(Videos,videodb://movies/titles/?xsp=%7B%22order%22%3A%7B%22direction%22%3A%22ascending%22%2C%22ignorefolders%22%3A0%2C%22method%22%3A%22sorttitle%22%7D%2C%22rules%22%3A%7B%22and%22%3A%5B%7B%22field%22%3A%22title%22%2C%22operator%22%3A%22is%22%2C%22value%22%3A%5B$ESCINFO[Container(8070).ListItem.Title]%5D%7D%5D%7D%2C%22type%22%3A%22movies%22%7D)</onclick>
		<onclick condition="Integer.IsGreater(ListItem.DBID,0) + Window.IsVisible(home) + !String.IsEqual(Container(8070).ListItem.DBID,window(movieinformation).property(SelectedItem)) + String.IsEqual(Container(8070).ListItem.DBType,tvshow)">ActivateWindow(Videos,videodb://tvshows/titles/?xsp=%7B%22order%22%3A%7B%22direction%22%3A%22ascending%22%2C%22ignorefolders%22%3A0%2C%22method%22%3A%22sorttitle%22%7D%2C%22rules%22%3A%7B%22and%22%3A%5B%7B%22field%22%3A%22title%22%2C%22operator%22%3A%22is%22%2C%22value%22%3A%5B$ESCINFO[Container(8070).ListItem.Title]%5D%7D%5D%7D%2C%22type%22%3A%22tvshows%22%7D)</onclick>
		<onclick condition="Integer.IsGreater(ListItem.DBID,0) + !Window.IsVisible(home) + !String.IsEqual(Container(8050).ListItem.DBID,window(movieinformation).property(SelectedItem)) + String.IsEqual(Container(8070).ListItem.DBType,movie)">Container.Update(videodb://movies/titles/?xsp=%7B%22order%22%3A%7B%22direction%22%3A%22ascending%22%2C%22ignorefolders%22%3A0%2C%22method%22%3A%22sorttitle%22%7D%2C%22rules%22%3A%7B%22and%22%3A%5B%7B%22field%22%3A%22title%22%2C%22operator%22%3A%22is%22%2C%22value%22%3A%5B$ESCINFO[Container(8070).ListItem.Title]%5D%7D%5D%7D%2C%22type%22%3A%22movies%22%7D)</onclick>
		<onclick condition="Integer.IsGreater(ListItem.DBID,0) + !Window.IsVisible(home) + !String.IsEqual(Container(8070).ListItem.DBID,window(movieinformation).property(SelectedItem)) + String.IsEqual(Container(8070).ListItem.DBType,tvshow)">Container.Update(videodb://tvshows/titles/?xsp=%7B%22order%22%3A%7B%22direction%22%3A%22ascending%22%2C%22ignorefolders%22%3A0%2C%22method%22%3A%22sorttitle%22%7D%2C%22rules%22%3A%7B%22and%22%3A%5B%7B%22field%22%3A%22title%22%2C%22operator%22%3A%22is%22%2C%22value%22%3A%5B$ESCINFO[Container(8070).ListItem.Title]%5D%7D%5D%7D%2C%22type%22%3A%22tvshows%22%7D)</onclick>
		<onclick condition="Integer.IsGreater(ListItem.DBID,0) + !String.IsEqual(ListItem.DBID,window(movieinformation).property(SelectedItem))">SetFocus(5003)</onclick>
		<onclick condition="Integer.IsGreater(ListItem.DBID,0)">SetFocus(65000)</onclick>
		<onclick condition="Integer.IsGreater(ListItem.DBID,0) + String.IsEqual(Container(8070).ListItem.DBID,window(movieinformation).property(SelectedItem))">SendClick(8)</onclick>
		<onclick condition="!Integer.IsGreater(ListItem.DBID,0) + !String.IsEqual(Container(8070).ListItem.Property(tmdb_id),window(movieinformation).property(SelectedItem))">Dialog.Close(all,true)</onclick>
		<onclick condition="!Integer.IsGreater(ListItem.DBID,0) + !String.IsEqual(Container(8070).ListItem.Property(tmdb_id),window(movieinformation).property(SelectedItem))">RunScript(plugin.video.themoviedb.helper,add_path=$INFO[Container(8070).ListItem.FolderPath],call_auto=1190)</onclick>
		<onclick condition="!Integer.IsGreater(ListItem.DBID,0) + String.IsEqual(Container(8070).ListItem.Property(tmdb_id),window(movieinformation).property(SelectedItem)) + String.IsEqual(Container(8070).ListItem.DBType,movie)">RunScript(plugin.video.themoviedb.helper,close_dialog=1190)</onclick>
		<onclick condition="!Integer.IsGreater(ListItem.DBID,0) + String.IsEqual(Container(8070).ListItem.Property(tmdb_id),window(movieinformation).property(SelectedItem)) + String.IsEqual(Container(8070).ListItem.DBType,movie)">Runscript(plugin.video.themoviedb.helper,play=movie,tmdb_id=$INFO[Container(8070).ListItem.UniqueID(tmdb)]),imdb_id=$INFO[Container(8070).ListItem.UniqueID(imdb)])</onclick>
	</include>






	<include name="ClickAction_Blank"/>

	<include name="ClickAction_Home_Open_Album">
		<onclick condition="Integer.IsGreater(ListItem.DBID,0)">ActivateWindow(music,musicdb://albums/$INFO[Container.ListItem.DBID]/-2/?albumid=$INFO[Container.ListItem.DBID],return)</onclick>
	</include>

	<include name="ClickAction_Play_All_Songs">
		<onclick condition="Integer.IsGreater(ListItem.DBID,0)">RunScript(script.embuary.helper,action=playall,id=8010,type=music,method=fromhere)</onclick>
	</include>

	<include name="ClickAction_Play_Episodes">
		<onclick condition="Window.IsVisible(home) + String.IsEqual(ListItem.DBID,window(movieinformation).property(SelectedItem))">SendClick(8)</onclick>
		<onclick condition="!String.IsEqual(ListItem.DBID,window(movieinformation).property(SelectedItem))">RunScript(script.embuary.helper,action=playitem,item='$ESCINFO[ListItem.Filenameandpath]')</onclick>
	</include>

	<include name="ClickAction_Open_Season_Folder">
		<onclick condition="Integer.IsGreater(ListItem.DBID,0)">Dialog.Close(all)</onclick>
		<onclick condition="Integer.IsGreater(ListItem.DBID,0)">SetProperty(SentFromInfo,true,movieinformation)</onclick>
		<onclick condition="Integer.IsGreater(ListItem.DBID,0)">ActivateWindow(videos,$INFO[window(movieinformation).property(TVShowPath)]/$INFO[ListItem.Season]/,return)</onclick>
	</include>

	<include name="ClickAction_Open_Album">
		<onclick>Dialog.Close(all)</onclick>
		<onclick>SetProperty(SentFromInfo,true,musicinformation)</onclick>
		<onclick>ActivateWindow(music,musicdb://albums/$INFO[Container(8020).ListItem.DBID]/-2/,return)</onclick>
	</include>

	<include name="ClickAction_Open_Set">
		<onclick>Dialog.Close(all)</onclick>
		<onclick>SetProperty(SentFromInfo,true,movieinformation)</onclick>
		<onclick>ActivateWindow(videos,videodb://movies/sets/$INFO[ListItem.DBID]/,return)</onclick>
	</include>

</includes>
