<?xml version="1.0" encoding="UTF-8"?>
<addon
	id="skin.copacetic"
	version="0.3.0"
	name="Copacetic"
	provider-name="QuizKid">
	<requires>
		<import addon="xbmc.gui" version="5.16.0"/>
		<import addon="script.embuary.helper" version="2.0.9"/>
		<import addon="script.skinshortcuts" version="1.1.5" />
	</requires>
	<extension point="xbmc.gui.skin" defaultthemename="Textures.xbt" effectslowdown="0.8" debugging="false">
		<res width="1920" height="1080" aspect="16:9" default="true" folder="16x9" />
	</extension>
	<extension point="xbmc.addon.metadata">
		<platform>all</platform>
		<summary lang="en_GB">Copacetic skin by QuizKid</summary>
		<disclaimer lang="en_GB">Mouse and Touch device not supported</disclaimer>
		<description lang="en_GB">Copacetic skin QuizKid</description>
		<news>Kodi Leia update</news>
		<assets>
			<icon>resources/icon.png</icon>
			<fanart>resources/fanart.jpg</fanart>
			<screenshot>resources/screenshot-01.jpg</screenshot>
			<screenshot>resources/screenshot-02.jpg</screenshot>
			<screenshot>resources/screenshot-03.jpg</screenshot>
			<screenshot>resources/screenshot-04.jpg</screenshot>
			<screenshot>resources/screenshot-05.jpg</screenshot>
			<screenshot>resources/screenshot-06.jpg</screenshot>
			<screenshot>resources/screenshot-07.jpg</screenshot>
			<screenshot>resources/screenshot-08.jpg</screenshot>
			<screenshot>resources/screenshot-09.jpg</screenshot>
			<screenshot>resources/screenshot-10.jpg</screenshot>
			<screenshot>resources/screenshot-11.jpg</screenshot>
			<screenshot>resources/screenshot-12.jpg</screenshot>
		</assets>
	</extension>
</addon>
