<shortcuts>
	<shortcut>
		<defaultID>137</defaultID>
		<label>137</label>
		<label2>Search</label2>
		<icon>shortcuts/search.png</icon>
		<thumb />
		<action>ActivateWindow(1109,return)</action>
	</shortcut>
	<shortcut>
		<defaultID>10000</defaultID>
		<label>10000</label>
		<label2>Home</label2>
		<icon>shortcuts/home.png</icon>
		<thumb />
		<action>ActivateWindow(home,return)</action>
	</shortcut>
	<shortcut>
		<defaultID>movies</defaultID>
		<label>342</label>
		<label2>Elément personnalisé</label2>
		<icon>shortcuts/clapperboard.png</icon>
		<thumb />
		<action>noop</action>
	</shortcut>
	<shortcut>
		<defaultID>tvshows</defaultID>
		<label>20343</label>
		<label2>Elément personnalisé</label2>
		<icon>shortcuts/tv.png</icon>
		<thumb />
		<action>noop</action>
	</shortcut>
	<shortcut>
		<defaultID>31025</defaultID>
		<label>$SKIN[31025|skin.titan.bingie.mod|Categories]</label>
		<label2>Categories</label2>
		<icon>shortcuts/categories.png</icon>
		<thumb />
		<action>ActivateWindow(1119,return)</action>
	</shortcut>
	<shortcut>
		<defaultID>31534</defaultID>
		<label>$SKIN[31534|skin.titan.bingie.mod|Ma liste]</label>
		<label2>My List</label2>
		<icon>shortcuts/mylist.png</icon>
		<thumb />
		<action>ActivateWindow(1114,return)</action>
	</shortcut>
</shortcuts>
