<shortcuts>
	<shortcut>
		<defaultID>35232</defaultID>
		<label>35232</label>
		<label2 />
		<icon>special://skin/extras/icons/shortcut.png</icon>
		<thumb />
		<action>Fullscreen</action>
		</shortcut>
	<shortcut>
		<defaultID />
		<label>[COLOR=red]Les plus tendances[/COLOR]</label>
		<label2>Elément personnalisé</label2>
		<icon>DefaultShortcut.png</icon>
		<thumb />
		<action>ActivateWindow(Videos,"plugin://plugin.program.autowidget/?mode=path&amp;action=static&amp;group=anime-1676819893.8883781&amp;id=3679fe7f-3eed-48a9-9a36-b217cb1e6a20&amp;refresh=$INFO[Window(10000).Property(autowidget-3679fe7f-3eed-48a9-9a36-b217cb1e6a20-refresh)]&amp;reload=",return)</action>
		</shortcut>
	<shortcut>
		<defaultID />
		<label>[COLOR=red]Les nouveautés[/COLOR]</label>
		<label2>Elément personnalisé</label2>
		<icon>DefaultShortcut.png</icon>
		<thumb />
		<action>ActivateWindow(Videos,"plugin://plugin.program.autowidget/?mode=path&amp;action=static&amp;group=anime-1676819893.8883781&amp;id=49398bb4-d693-44bd-bc7c-dd62d8e5bb20&amp;refresh=$INFO[Window(10000).Property(autowidget-49398bb4-d693-44bd-bc7c-dd62d8e5bb20-refresh)]&amp;reload=",return)</action>
		</shortcut>
	<shortcut>
		<defaultID />
		<label>[COLOR=red]Les plus populaires[/COLOR]</label>
		<label2>Elément personnalisé</label2>
		<icon>DefaultShortcut.png</icon>
		<thumb />
		<action>ActivateWindow(Videos,"plugin://plugin.program.autowidget/?mode=path&amp;action=static&amp;group=anime-1676819893.8883781&amp;id=a045388c-cfa7-4c5b-9389-50ed01eaa42d&amp;refresh=$INFO[Window(10000).Property(autowidget-a045388c-cfa7-4c5b-9389-50ed01eaa42d-refresh)]&amp;reload=",return)</action>
		</shortcut>
	<shortcut>
		<defaultID />
		<label>[COLOR=red]SVOD[/COLOR]</label>
		<label2>Elément personnalisé</label2>
		<icon>DefaultShortcut.png</icon>
		<thumb />
		<action>ActivateWindow(Videos,"plugin://plugin.program.autowidget/?mode=group&amp;group=svod_%28anime%29-1676819945.0189352&amp;refresh=&amp;reload=",return)</action>
		</shortcut>
	<shortcut>
		<defaultID />
		<label>[COLOR=red]Années 80[/COLOR]</label>
		<label2>Elément personnalisé</label2>
		<icon>DefaultShortcut.png</icon>
		<thumb />
		<action>ActivateWindow(Videos,"plugin://plugin.program.autowidget/?mode=path&amp;action=static&amp;group=anime-1676819893.8883781&amp;id=52bc2ec8-e7f9-40e8-a45a-8db02aafb177&amp;refresh=$INFO[Window(10000).Property(autowidget-52bc2ec8-e7f9-40e8-a45a-8db02aafb177-refresh)]&amp;reload=",return)</action>
		</shortcut>
	<shortcut>
		<defaultID />
		<label>[COLOR=red]Studio Ghibli[/COLOR]</label>
		<label2>Elément personnalisé</label2>
		<icon>DefaultShortcut.png</icon>
		<thumb />
		<action>ActivateWindow(Videos,"plugin://plugin.program.autowidget/?mode=path&amp;action=static&amp;group=anime-1676819893.8883781&amp;id=58c53421-cc21-44de-9b01-a96ea237b33b&amp;refresh=$INFO[Window(10000).Property(autowidget-58c53421-cc21-44de-9b01-a96ea237b33b-refresh)]&amp;reload=",return)</action>
		</shortcut>
	<shortcut>
		<defaultID />
		<label>[COLOR=red]Films les plus populaires[/COLOR]</label>
		<label2>Elément personnalisé</label2>
		<icon>DefaultShortcut.png</icon>
		<thumb />
		<action>ActivateWindow(Videos,"plugin://plugin.program.autowidget/?mode=path&amp;action=static&amp;group=anime-1676819893.8883781&amp;id=86ca43fc-19dd-4fbe-8306-acfdc901fb07&amp;refresh=$INFO[Window(10000).Property(autowidget-86ca43fc-19dd-4fbe-8306-acfdc901fb07-refresh)]&amp;reload=",return)</action>
		</shortcut>
	</shortcuts>
