<shortcuts>
	<shortcut>
		<defaultID>35232</defaultID>
		<label>35232</label>
		<label2 />
		<icon>special://skin/extras/icons/shortcut.png</icon>
		<thumb />
		<action>Fullscreen</action>
		</shortcut>
	<shortcut>
		<defaultID />
		<label>[COLOR=red]Les plus tendances[/COLOR]</label>
		<label2>Elément personnalisé</label2>
		<icon>DefaultShortcut.png</icon>
		<thumb />
		<action>ActivateWindow(Videos,"plugin://plugin.program.autowidget/?mode=path&amp;action=static&amp;group=series_tv-1676760970.2323656&amp;id=7d8a9c0c-d1ed-45c2-98e7-0d15b923fb22&amp;refresh=$INFO[Window(10000).Property(autowidget-7d8a9c0c-d1ed-45c2-98e7-0d15b923fb22-refresh)]&amp;reload=",return)</action>
		</shortcut>
	<shortcut>
		<defaultID />
		<label>[COLOR=red]Les nouveautés[/COLOR]</label>
		<label2>Elément personnalisé</label2>
		<icon>DefaultShortcut.png</icon>
		<thumb />
		<action>ActivateWindow(Videos,"plugin://plugin.program.autowidget/?mode=path&amp;action=static&amp;group=series_tv-1676760970.2323656&amp;id=53447a28-57fb-4f3d-9718-496999c1b0c6&amp;refresh=$INFO[Window(10000).Property(autowidget-53447a28-57fb-4f3d-9718-496999c1b0c6-refresh)]&amp;reload=",return)</action>
		</shortcut>
	<shortcut>
		<defaultID />
		<label>[COLOR=red]Les plus populaires[/COLOR]</label>
		<label2>Elément personnalisé</label2>
		<icon>DefaultShortcut.png</icon>
		<thumb />
		<action>ActivateWindow(Videos,"plugin://plugin.program.autowidget/?mode=path&amp;action=static&amp;group=series_tv-1676760970.2323656&amp;id=c2990e76-cba1-4259-bfe0-c3816d2cebc9&amp;refresh=$INFO[Window(10000).Property(autowidget-c2990e76-cba1-4259-bfe0-c3816d2cebc9-refresh)]&amp;reload=",return)</action>
		</shortcut>
	<shortcut>
		<defaultID />
		<label>[COLOR=red]Recommandé pour vous[/COLOR]</label>
		<label2>Elément personnalisé</label2>
		<icon>DefaultShortcut.png</icon>
		<thumb />
		<action>ActivateWindow(Videos,"plugin://plugin.video.themoviedb.helper/?info=trakt_recommendations&amp;tmdb_type=tv&amp;widget=true&amp;reload=$INFO[Window(Home).Property(TMDbHelper.Widgets.Reload)]",return)</action>
		</shortcut>
	<shortcut>
		<defaultID />
		<label>[COLOR=red]SVOD[/COLOR]</label>
		<label2>Elément personnalisé</label2>
		<icon>DefaultShortcut.png</icon>
		<thumb />
		<action>ActivateWindow(Videos,"plugin://plugin.program.autowidget/?mode=group&amp;group=svod_%28series_tv%29-1676807711.6203003&amp;refresh=&amp;reload=",return)</action>
		</shortcut>
	<shortcut>
		<defaultID />
		<label>[COLOR=red]Action &amp; Aventure [Nouveautés][/COLOR]</label>
		<label2>Elément personnalisé</label2>
		<icon>DefaultShortcut.png</icon>
		<thumb />
		<action>ActivateWindow(Videos,"plugin://plugin.program.autowidget/?mode=path&amp;action=static&amp;group=series_tv-1676760970.2323656&amp;id=2635cab1-68aa-40d9-aa32-843471317b66&amp;refresh=$INFO[Window(10000).Property(autowidget-2635cab1-68aa-40d9-aa32-843471317b66-refresh)]&amp;reload=",return)</action>
		</shortcut>
	<shortcut>
		<defaultID />
		<label>[COLOR=red]Crime &amp; Thriller [Nouveautés][/COLOR]</label>
		<label2>Elément personnalisé</label2>
		<icon>DefaultShortcut.png</icon>
		<thumb />
		<action>ActivateWindow(Videos,"plugin://plugin.program.autowidget/?mode=path&amp;action=static&amp;group=series_tv-1676760970.2323656&amp;id=47b534ac-6667-4d19-9815-3d197294d2f6&amp;refresh=$INFO[Window(10000).Property(autowidget-47b534ac-6667-4d19-9815-3d197294d2f6-refresh)]&amp;reload=",return)</action>
		</shortcut>
	<shortcut>
		<defaultID />
		<label>[COLOR=red]Drame &amp; Romance [Nouveautés][/COLOR]</label>
		<label2>Elément personnalisé</label2>
		<icon>DefaultShortcut.png</icon>
		<thumb />
		<action>ActivateWindow(Videos,"plugin://plugin.program.autowidget/?mode=path&amp;action=static&amp;group=series_tv-1676760970.2323656&amp;id=53213776-d92b-4fb6-b3f0-857747fba265&amp;refresh=$INFO[Window(10000).Property(autowidget-53213776-d92b-4fb6-b3f0-857747fba265-refresh)]&amp;reload=",return)</action>
		</shortcut>
	<shortcut>
		<defaultID />
		<label>[COLOR=red]Familial [Nouveautés][/COLOR]</label>
		<label2>Elément personnalisé</label2>
		<icon>DefaultShortcut.png</icon>
		<thumb />
		<action>ActivateWindow(Videos,"plugin://plugin.program.autowidget/?mode=path&amp;action=static&amp;group=series_tv-1676760970.2323656&amp;id=90789674-ebd3-472e-8127-f07c72e5215e&amp;refresh=$INFO[Window(10000).Property(autowidget-90789674-ebd3-472e-8127-f07c72e5215e-refresh)]&amp;reload=",return)</action>
		</shortcut>
	<shortcut>
		<defaultID />
		<label>[COLOR=red]Fantastique &amp; Science-Fiction [Nouveautés][/COLOR]</label>
		<label2>Elément personnalisé</label2>
		<icon>DefaultShortcut.png</icon>
		<thumb />
		<action>ActivateWindow(Videos,"plugin://plugin.program.autowidget/?mode=path&amp;action=static&amp;group=series_tv-1676760970.2323656&amp;id=5d1cf9e3-c92e-4ed8-88d0-d29ba83e1505&amp;refresh=$INFO[Window(10000).Property(autowidget-5d1cf9e3-c92e-4ed8-88d0-d29ba83e1505-refresh)]&amp;reload=",return)</action>
		</shortcut>
	<shortcut>
		<defaultID />
		<label>[COLOR=red]Guerre &amp; Histoire [Nouveautés][/COLOR]</label>
		<label2>Elément personnalisé</label2>
		<icon>DefaultShortcut.png</icon>
		<thumb />
		<action>ActivateWindow(Videos,"plugin://plugin.program.autowidget/?mode=path&amp;action=static&amp;group=series_tv-1676760970.2323656&amp;id=5afda173-88f7-4e50-93b4-5b55dfbdf943&amp;refresh=$INFO[Window(10000).Property(autowidget-5afda173-88f7-4e50-93b4-5b55dfbdf943-refresh)]&amp;reload=",return)</action>
		</shortcut>
	<shortcut>
		<defaultID />
		<label>[COLOR=red]Horreur [Nouveautés][/COLOR]</label>
		<label2>Elément personnalisé</label2>
		<icon>DefaultShortcut.png</icon>
		<thumb />
		<action>ActivateWindow(Videos,"plugin://plugin.program.autowidget/?mode=path&amp;action=static&amp;group=series_tv-1676760970.2323656&amp;id=1783213e-e303-4181-82a7-d485b7714298&amp;refresh=$INFO[Window(10000).Property(autowidget-1783213e-e303-4181-82a7-d485b7714298-refresh)]&amp;reload=",return)</action>
		</shortcut>
	<shortcut>
		<defaultID />
		<label>[COLOR=red]Super-héros [Nouveautés][/COLOR]</label>
		<label2>Elément personnalisé</label2>
		<icon>DefaultShortcut.png</icon>
		<thumb />
		<action>ActivateWindow(Videos,"plugin://plugin.program.autowidget/?mode=path&amp;action=static&amp;group=series_tv-1676760970.2323656&amp;id=8afd2bc5-2113-4581-9897-b42a959f80de&amp;refresh=$INFO[Window(10000).Property(autowidget-8afd2bc5-2113-4581-9897-b42a959f80de-refresh)]&amp;reload=",return)</action>
		</shortcut>
	<shortcut>
		<defaultID />
		<label>[COLOR=red]Genres[/COLOR]</label>
		<label2>Elément personnalisé</label2>
		<icon>DefaultShortcut.png</icon>
		<thumb />
		<action>ActivateWindow(Videos,"plugin://plugin.program.autowidget/?mode=group&amp;group=genres_%28series_tv%29-1676913963.7799406&amp;refresh=&amp;reload=",return)</action>
		</shortcut>
	<shortcut>
		<defaultID />
		<label>[COLOR=red]Acteurs[/COLOR]</label>
		<label2>Elément personnalisé</label2>
		<icon>DefaultShortcut.png</icon>
		<thumb />
		<action>ActivateWindow(Videos,"plugin://plugin.video.themoviedb.helper/?info=popular&amp;tmdb_type=person&amp;widget=true&amp;reload=$INFO[Window(Home).Property(TMDbHelper.Widgets.Reload)]",return)</action>
		</shortcut>
	</shortcuts>
