<shortcuts>
	<shortcut>
		<defaultID>35232</defaultID>
		<label>35232</label>
		<label2 />
		<icon>special://skin/extras/icons/shortcut.png</icon>
		<thumb />
		<action>Fullscreen</action>
		</shortcut>
	<shortcut>
		<defaultID />
		<label>[COLOR=red]Les plus tendances[/COLOR]</label>
		<label2>Elément personnalisé</label2>
		<icon>DefaultShortcut.png</icon>
		<thumb />
		<action>ActivateWindow(Videos,"plugin://plugin.program.autowidget/?mode=path&amp;action=static&amp;group=kids_films-1676809680.2394857&amp;id=7c25162e-6eab-40ae-a2f7-bf9071757cec&amp;refresh=$INFO[Window(10000).Property(autowidget-7c25162e-6eab-40ae-a2f7-bf9071757cec-refresh)]&amp;reload=",return)</action>
		</shortcut>
	<shortcut>
		<defaultID />
		<label>[COLOR=red]Les nouveautés[/COLOR]</label>
		<label2>Elément personnalisé</label2>
		<icon>DefaultShortcut.png</icon>
		<thumb />
		<action>ActivateWindow(Videos,"plugin://plugin.program.autowidget/?mode=path&amp;action=static&amp;group=kids_films-1676809680.2394857&amp;id=fbf2e515-3b4d-485c-bb3b-9ec022d1c429&amp;refresh=$INFO[Window(10000).Property(autowidget-fbf2e515-3b4d-485c-bb3b-9ec022d1c429-refresh)]&amp;reload=",return)</action>
		</shortcut>
	<shortcut>
		<defaultID />
		<label>[COLOR=red]Les plus populaires[/COLOR]</label>
		<label2>Elément personnalisé</label2>
		<icon>DefaultShortcut.png</icon>
		<thumb />
		<action>ActivateWindow(Videos,"plugin://plugin.program.autowidget/?mode=path&amp;action=static&amp;group=kids_films-1676809680.2394857&amp;id=c55a7d09-1d7c-4ed0-b432-d207048caa67&amp;refresh=$INFO[Window(10000).Property(autowidget-c55a7d09-1d7c-4ed0-b432-d207048caa67-refresh)]&amp;reload=",return)</action>
		</shortcut>
	<shortcut>
		<defaultID />
		<label>[COLOR=red]SVOD[/COLOR]</label>
		<label2>Elément personnalisé</label2>
		<icon>DefaultShortcut.png</icon>
		<thumb />
		<action>ActivateWindow(Videos,"plugin://plugin.program.autowidget/?mode=group&amp;group=svod_%28kids_films%29-1676809766.9018545&amp;refresh=&amp;reload=",return)</action>
		</shortcut>
	<shortcut>
		<defaultID />
		<label>[COLOR=red]Disney classiques[/COLOR]</label>
		<label2>Elément personnalisé</label2>
		<icon>DefaultShortcut.png</icon>
		<thumb />
		<action>ActivateWindow(Videos,"plugin://plugin.program.autowidget/?mode=path&amp;action=static&amp;group=kids_films-1676809680.2394857&amp;id=631d0fca-ef5e-4255-a1fb-2c9de7e8f61c&amp;refresh=$INFO[Window(10000).Property(autowidget-631d0fca-ef5e-4255-a1fb-2c9de7e8f61c-refresh)]&amp;reload=",return)</action>
		</shortcut>
	<shortcut>
		<defaultID />
		<label>[COLOR=red]En famille[/COLOR]</label>
		<label2>Elément personnalisé</label2>
		<icon>DefaultShortcut.png</icon>
		<thumb />
		<action>ActivateWindow(Videos,"plugin://plugin.program.autowidget/?mode=path&amp;action=static&amp;group=kids_films-1676809680.2394857&amp;id=1647db23-7164-423b-a92e-96980ec88944&amp;refresh=$INFO[Window(10000).Property(autowidget-1647db23-7164-423b-a92e-96980ec88944-refresh)]&amp;reload=",return)</action>
		</shortcut>
	<shortcut>
		<defaultID />
		<label>[COLOR=red]DreamWorks Animation[/COLOR]</label>
		<label2>Elément personnalisé</label2>
		<icon>DefaultShortcut.png</icon>
		<thumb />
		<action>ActivateWindow(Videos,"plugin://plugin.program.autowidget/?mode=path&amp;action=static&amp;group=kids_films-1676809680.2394857&amp;id=5f5e7f53-04e1-47d8-a784-5125fe607a3f&amp;refresh=$INFO[Window(10000).Property(autowidget-5f5e7f53-04e1-47d8-a784-5125fe607a3f-refresh)]&amp;reload=",return)</action>
		</shortcut>
	<shortcut>
		<defaultID />
		<label>[COLOR=red]A découvrir[/COLOR]</label>
		<label2>Elément personnalisé</label2>
		<icon>DefaultShortcut.png</icon>
		<thumb />
		<action>ActivateWindow(Videos,"plugin://plugin.program.autowidget/?mode=path&amp;action=static&amp;group=kids_films-1676809680.2394857&amp;id=473cbc0e-0632-4439-87fa-0cf3375fd122&amp;refresh=$INFO[Window(10000).Property(autowidget-473cbc0e-0632-4439-87fa-0cf3375fd122-refresh)]&amp;reload=",return)</action>
		</shortcut>
	</shortcuts>
