<shortcuts>
	<shortcut>
		<defaultID>35232</defaultID>
		<label>35232</label>
		<label2 />
		<icon>special://skin/extras/icons/shortcut.png</icon>
		<thumb />
		<action>Fullscreen</action>
		</shortcut>
	<shortcut>
		<defaultID />
		<label>[COLOR=red]Les plus tendances[/COLOR]</label>
		<label2>Elément personnalisé</label2>
		<icon>DefaultShortcut.png</icon>
		<thumb />
		<action>ActivateWindow(Videos,"plugin://plugin.program.autowidget/?mode=path&amp;action=static&amp;group=kids_series_tv-1676818395.4119966&amp;id=6d538955-7b7e-4be7-a073-e1bd9cd048cf&amp;refresh=$INFO[Window(10000).Property(autowidget-6d538955-7b7e-4be7-a073-e1bd9cd048cf-refresh)]&amp;reload=",return)</action>
		</shortcut>
	<shortcut>
		<defaultID />
		<label>[COLOR=red]Les nouveautés[/COLOR]</label>
		<label2>Elément personnalisé</label2>
		<icon>DefaultShortcut.png</icon>
		<thumb />
		<action>ActivateWindow(Videos,"plugin://plugin.program.autowidget/?mode=path&amp;action=static&amp;group=kids_series_tv-1676818395.4119966&amp;id=3d3d0b5e-fcad-4801-9c95-33ea150b287e&amp;refresh=$INFO[Window(10000).Property(autowidget-3d3d0b5e-fcad-4801-9c95-33ea150b287e-refresh)]&amp;reload=",return)</action>
		</shortcut>
	<shortcut>
		<defaultID />
		<label>[COLOR=red]Les plus populaires[/COLOR]</label>
		<label2>Elément personnalisé</label2>
		<icon>DefaultShortcut.png</icon>
		<thumb />
		<action>ActivateWindow(Videos,"plugin://plugin.program.autowidget/?mode=path&amp;action=static&amp;group=kids_series_tv-1676818395.4119966&amp;id=0f673664-1d9a-447b-9539-04e00d900efc&amp;refresh=$INFO[Window(10000).Property(autowidget-0f673664-1d9a-447b-9539-04e00d900efc-refresh)]&amp;reload=",return)</action>
		</shortcut>
	<shortcut>
		<defaultID />
		<label>[COLOR=red]SVOD[/COLOR]</label>
		<label2>Elément personnalisé</label2>
		<icon>DefaultShortcut.png</icon>
		<thumb />
		<action>ActivateWindow(Videos,"plugin://plugin.program.autowidget/?mode=group&amp;group=svod_%28kids_series_tv%29-1676818458.192287&amp;refresh=&amp;reload=",return)</action>
		</shortcut>
	<shortcut>
		<defaultID />
		<label>[COLOR=red]Pour les plus petits[/COLOR]</label>
		<label2>Elément personnalisé</label2>
		<icon>DefaultShortcut.png</icon>
		<thumb />
		<action>ActivateWindow(Videos,"plugin://plugin.program.autowidget/?mode=path&amp;action=static&amp;group=kids_series_tv-1676818395.4119966&amp;id=4d4478a1-33fd-4578-a8d6-b375c58adbc0&amp;refresh=$INFO[Window(10000).Property(autowidget-4d4478a1-33fd-4578-a8d6-b375c58adbc0-refresh)]&amp;reload=",return)</action>
		</shortcut>
	<shortcut>
		<defaultID />
		<label>[COLOR=red]Pour les plus grands[/COLOR]</label>
		<label2>Elément personnalisé</label2>
		<icon>DefaultShortcut.png</icon>
		<thumb />
		<action>ActivateWindow(Videos,"plugin://plugin.program.autowidget/?mode=path&amp;action=static&amp;group=kids_series_tv-1676818395.4119966&amp;id=080aa4f7-3efa-4aff-a0fd-743933f63e05&amp;refresh=$INFO[Window(10000).Property(autowidget-080aa4f7-3efa-4aff-a0fd-743933f63e05-refresh)]&amp;reload=",return)</action>
		</shortcut>
	<shortcut>
		<defaultID />
		<label>[COLOR=red]Super-héros[/COLOR]</label>
		<label2>Elément personnalisé</label2>
		<icon>DefaultShortcut.png</icon>
		<thumb />
		<action>ActivateWindow(Videos,"plugin://plugin.program.autowidget/?mode=path&amp;action=static&amp;group=kids_series_tv-1676818395.4119966&amp;id=10faab66-5135-4212-99c5-b37bfa7e7a6d&amp;refresh=$INFO[Window(10000).Property(autowidget-10faab66-5135-4212-99c5-b37bfa7e7a6d-refresh)]&amp;reload=",return)</action>
		</shortcut>
	<shortcut>
		<defaultID />
		<label>[COLOR=red]Disney[/COLOR]</label>
		<label2>Elément personnalisé</label2>
		<icon>DefaultShortcut.png</icon>
		<thumb />
		<action>ActivateWindow(Videos,"plugin://plugin.program.autowidget/?mode=path&amp;action=static&amp;group=kids_series_tv-1676818395.4119966&amp;id=874dd984-32fe-43cd-8c66-d904375cea65&amp;refresh=$INFO[Window(10000).Property(autowidget-874dd984-32fe-43cd-8c66-d904375cea65-refresh)]&amp;reload=",return)</action>
		</shortcut>
	</shortcuts>
