<shortcuts>
	<shortcut>
		<defaultID>35232</defaultID>
		<label>35232</label>
		<label2 />
		<icon>special://skin/extras/icons/shortcut.png</icon>
		<thumb />
		<action>Fullscreen</action>
		</shortcut>
	<shortcut>
		<defaultID />
		<label>[COLOR=red]Les plus tendances[/COLOR]</label>
		<label2>Elément personnalisé</label2>
		<icon>DefaultShortcut.png</icon>
		<thumb />
		<action>ActivateWindow(Videos,"plugin://plugin.program.autowidget/?mode=path&amp;action=static&amp;group=films-1676730545.7554471&amp;id=e254b7cd-f8f7-4a19-a8ef-ecd62a48da9f&amp;refresh=$INFO[Window(10000).Property(autowidget-e254b7cd-f8f7-4a19-a8ef-ecd62a48da9f-refresh)]&amp;reload=",return)</action>
		</shortcut>
	<shortcut>
		<defaultID />
		<label>[COLOR=red]Les nouveautés[/COLOR]</label>
		<label2>Elément personnalisé</label2>
		<icon>DefaultShortcut.png</icon>
		<thumb />
		<action>ActivateWindow(Videos,"plugin://plugin.program.autowidget/?mode=path&amp;action=static&amp;group=films-1676730545.7554471&amp;id=98203b1d-8c79-4b4f-a1ff-4480dcfed554&amp;refresh=$INFO[Window(10000).Property(autowidget-98203b1d-8c79-4b4f-a1ff-4480dcfed554-refresh)]&amp;reload=",return)</action>
		</shortcut>
	<shortcut>
		<defaultID />
		<label>[COLOR=red]Les plus populaires[/COLOR]</label>
		<label2>Elément personnalisé</label2>
		<icon>DefaultShortcut.png</icon>
		<thumb />
		<action>ActivateWindow(Videos,"plugin://plugin.program.autowidget/?mode=path&amp;action=static&amp;group=films-1676730545.7554471&amp;id=f52192ce-95ec-47f8-8146-ea29faba3c4d&amp;refresh=$INFO[Window(10000).Property(autowidget-f52192ce-95ec-47f8-8146-ea29faba3c4d-refresh)]&amp;reload=",return)</action>
		</shortcut>
	<shortcut>
		<defaultID />
		<label>[COLOR=red]Recommandé pour vous[/COLOR]</label>
		<label2>Elément personnalisé</label2>
		<icon>DefaultShortcut.png</icon>
		<thumb />
		<action>ActivateWindow(Videos,"plugin://plugin.video.themoviedb.helper/?info=trakt_recommendations&amp;tmdb_type=movie&amp;widget=true&amp;reload=$INFO[Window(Home).Property(TMDbHelper.Widgets.Reload)]",return)</action>
		</shortcut>
	<shortcut>
		<defaultID />
		<label>[COLOR=red]SVOD[/COLOR]</label>
		<label2>Elément personnalisé</label2>
		<icon>DefaultShortcut.png</icon>
		<thumb />
		<action>ActivateWindow(Videos,"plugin://plugin.program.autowidget/?mode=group&amp;group=svod_%28films%29-1676740528.838911&amp;refresh=&amp;reload=",return)</action>
		</shortcut>
	<shortcut>
		<defaultID />
		<label>[COLOR=red]Action &amp; Aventure [Nouveautés][/COLOR]</label>
		<label2>Elément personnalisé</label2>
		<icon>DefaultShortcut.png</icon>
		<thumb />
		<action>ActivateWindow(Videos,"plugin://plugin.program.autowidget/?mode=path&amp;action=static&amp;group=films-1676730545.7554471&amp;id=250df5e6-46c0-4558-9960-9c2b274943b5&amp;refresh=$INFO[Window(10000).Property(autowidget-250df5e6-46c0-4558-9960-9c2b274943b5-refresh)]&amp;reload=",return)</action>
		</shortcut>
	<shortcut>
		<defaultID />
		<label>[COLOR=red]Comédie [Nouveautés][/COLOR]</label>
		<label2>Elément personnalisé</label2>
		<icon>DefaultShortcut.png</icon>
		<thumb />
		<action>ActivateWindow(Videos,"plugin://plugin.program.autowidget/?mode=path&amp;action=static&amp;group=films-1676730545.7554471&amp;id=1ae2c024-7a12-4c3a-9db1-8a7198dc5a3d&amp;refresh=$INFO[Window(10000).Property(autowidget-1ae2c024-7a12-4c3a-9db1-8a7198dc5a3d-refresh)]&amp;reload=",return)</action>
		</shortcut>
	<shortcut>
		<defaultID />
		<label>[COLOR=red]Crime &amp; Thriller [Nouveautés][/COLOR]</label>
		<label2>Elément personnalisé</label2>
		<icon>DefaultShortcut.png</icon>
		<thumb />
		<action>ActivateWindow(Videos,"plugin://plugin.program.autowidget/?mode=path&amp;action=static&amp;group=films-1676730545.7554471&amp;id=ecadfad5-f53c-426e-ace8-e6e5deba0947&amp;refresh=$INFO[Window(10000).Property(autowidget-ecadfad5-f53c-426e-ace8-e6e5deba0947-refresh)]&amp;reload=",return)</action>
		</shortcut>
	<shortcut>
		<defaultID />
		<label>[COLOR=red]Drame &amp; Romance [Nouveautés][/COLOR]</label>
		<label2>Elément personnalisé</label2>
		<icon>DefaultShortcut.png</icon>
		<thumb />
		<action>ActivateWindow(Videos,"plugin://plugin.program.autowidget/?mode=path&amp;action=static&amp;group=films-1676730545.7554471&amp;id=d61b3944-2dfd-465f-9014-16b730761c60&amp;refresh=$INFO[Window(10000).Property(autowidget-d61b3944-2dfd-465f-9014-16b730761c60-refresh)]&amp;reload=",return)</action>
		</shortcut>
	<shortcut>
		<defaultID />
		<label>[COLOR=red]Familial [Nouveautés][/COLOR]</label>
		<label2>Elément personnalisé</label2>
		<icon>DefaultShortcut.png</icon>
		<thumb />
		<action>ActivateWindow(Videos,"plugin://plugin.program.autowidget/?mode=path&amp;action=static&amp;group=films-1676730545.7554471&amp;id=c91ee016-f4a4-46e6-9a5b-e0eb40ebff04&amp;refresh=$INFO[Window(10000).Property(autowidget-c91ee016-f4a4-46e6-9a5b-e0eb40ebff04-refresh)]&amp;reload=",return)</action>
		</shortcut>
	<shortcut>
		<defaultID />
		<label>[COLOR=red]Fantastique &amp; Science-Fiction [Nouveautés][/COLOR]</label>
		<label2>Elément personnalisé</label2>
		<icon>DefaultShortcut.png</icon>
		<thumb />
		<action>ActivateWindow(Videos,"plugin://plugin.program.autowidget/?mode=path&amp;action=static&amp;group=films-1676730545.7554471&amp;id=02eafde6-3f66-4140-9282-da0508aa1583&amp;refresh=$INFO[Window(10000).Property(autowidget-02eafde6-3f66-4140-9282-da0508aa1583-refresh)]&amp;reload=",return)</action>
		</shortcut>
	<shortcut>
		<defaultID />
		<label>[COLOR=red]Horreur [Nouveautés][/COLOR]</label>
		<label2>Elément personnalisé</label2>
		<icon>DefaultShortcut.png</icon>
		<thumb />
		<action>ActivateWindow(Videos,"plugin://plugin.program.autowidget/?mode=path&amp;action=static&amp;group=films-1676730545.7554471&amp;id=206189de-14f6-40cb-bdb7-3d7752e404e6&amp;refresh=$INFO[Window(10000).Property(autowidget-206189de-14f6-40cb-bdb7-3d7752e404e6-refresh)]&amp;reload=",return)</action>
		</shortcut>
	<shortcut>
		<defaultID />
		<label>[COLOR=red]Super-héros [Nouveautés][/COLOR]</label>
		<label2>Elément personnalisé</label2>
		<icon>DefaultShortcut.png</icon>
		<thumb />
		<action>ActivateWindow(Videos,"plugin://plugin.program.autowidget/?mode=path&amp;action=static&amp;group=films-1676730545.7554471&amp;id=978faa8e-3f8e-4dee-8125-fbd226847f43&amp;refresh=$INFO[Window(10000).Property(autowidget-978faa8e-3f8e-4dee-8125-fbd226847f43-refresh)]&amp;reload=",return)</action>
		</shortcut>
	<shortcut>
		<defaultID />
		<label>[COLOR=red]Genres[/COLOR]</label>
		<label2>Elément personnalisé</label2>
		<icon>DefaultShortcut.png</icon>
		<thumb />
		<action>ActivateWindow(Videos,"plugin://plugin.program.autowidget/?mode=group&amp;group=genres_%28films%29-1676748389.692614&amp;refresh=&amp;reload=",return)</action>
		</shortcut>
	<shortcut>
		<defaultID />
		<label>[COLOR=red]Acteurs[/COLOR]</label>
		<label2>Elément personnalisé</label2>
		<icon>DefaultShortcut.png</icon>
		<thumb />
		<action>ActivateWindow(Videos,"plugin://plugin.video.themoviedb.helper/?info=popular&amp;tmdb_type=person&amp;widget=true&amp;reload=$INFO[Window(Home).Property(TMDbHelper.Widgets.Reload)]",return)</action>
		</shortcut>
	</shortcuts>
