<shortcuts>
	<shortcut>
		<defaultID>22020</defaultID>
		<label>22020</label>
		<label2>TV En Direct</label2>
		<icon>DefaultTVShows.png</icon>
		<thumb />
		<action>ActivateWindow(TVGuide)</action>
		</shortcut>
	<shortcut>
		<defaultID>19163</defaultID>
		<label>19163</label>
		<label2>TV En Direct</label2>
		<icon>DefaultTVShows.png</icon>
		<thumb />
		<action>ActivateWindow(TVRecordings)</action>
		</shortcut>
	<shortcut>
		<defaultID>19040</defaultID>
		<label>19040</label>
		<label2>TV En Direct</label2>
		<icon>DefaultTVShows.png</icon>
		<thumb />
		<action>ActivateWindow(TVTimers)</action>
		</shortcut>
	<shortcut>
		<defaultID>137</defaultID>
		<label>137</label>
		<label2>TV En Direct</label2>
		<icon>DefaultTVShows.png</icon>
		<thumb />
		<action>ActivateWindow(TVSearch)</action>
		</shortcut>
	<shortcut>
		<defaultID>radio</defaultID>
		<label>32087</label>
		<label2>Elément de menu commun</label2>
		<icon>special://skin/extras/icons/tv.png</icon>
		<thumb />
		<action>ActivateWindow(RadioGuide)</action>
		</shortcut>
	</shortcuts>
