<shortcuts>
	<shortcut>
		<defaultID />
		<label>[COLOR magenta]----- Menu HK2 Maj et paramètres / Menu Skin Sauvegardes[/COLOR]</label>
		<label2>Programme</label2>
		<icon>DefaultShortcut.png</icon>
		<thumb>thumb</thumb>
		<action>ActivateWindow(Programs,"plugin://plugin.program.Skodi/?action=menumajhk2",return)</action>
		</shortcut>
	<shortcut>
		<defaultID />
		<label>[COLOR cyan]-- Menu Sauvegarde [/COLOR]</label>
		<label2>Programme</label2>
		<icon>DefaultShortcut.png</icon>
		<thumb>thumb</thumb>
		<action>ActivateWindow(Programs,"plugin://plugin.program.Skodi/?action=save_restor",return)</action>
		</shortcut>
	<shortcut>
		<defaultID />
		<label>[COLOR magenta]--- Menu Nettoyage [/COLOR](Attention !)</label>
		<label2>Programme</label2>
		<icon>DefaultShortcut.png</icon>
		<thumb>thumb</thumb>
		<action>ActivateWindow(Programs,"plugin://plugin.program.Skodi/?action=nettoye",return)</action>
		</shortcut>
	</shortcuts>
