<shortcuts>
	<shortcut>
		<defaultID>plugin.video.sendtokodiU2P</defaultID>
		<label>U2Pplay</label>
		<label2>Extensions Vidéo</label2>
		<icon>DefaultShortcut.png</icon>
		<thumb>thumb</thumb>
		<action>ActivateWindow(Videos,"plugin://plugin.video.sendtokodiU2P",return)</action>
	</shortcut>
	<shortcut>
		<defaultID />
		<label>Médiathéque hk²</label>
		<label2>Extensions Vidéo</label2>
		<icon>DefaultShortcut.png</icon>
		<thumb>image://special%3a%2f%2fhome%2faddons%2fplugin.video.sendtokodiU2P%2fresources%2fpng%2fupto.png/</thumb>
		<action>ActivateWindow(Videos,"plugin://plugin.video.sendtokodiU2P/?action=menuRepCrypte",return)</action>
	</shortcut>
</shortcuts>
