<shortcuts>
	<shortcut>
		<defaultID>movies</defaultID>
		<label>342</label>
		<label2>Elément personnalisé</label2>
		<icon>special://skin/extras/icons/film.png</icon>
		<thumb>special://home/media/Arctic Horizon 2/Movie-Clapper-icon.png</thumb>
		<action>ActivateWindow(1132)</action>
		</shortcut>
	<shortcut>
		<defaultID>tvshows</defaultID>
		<label>20343</label>
		<label2>Elément personnalisé</label2>
		<icon>special://skin/extras/icons/tv.png</icon>
		<thumb>special://home/media/Arctic Horizon 2/tv_series_icon_by_quaffleeye_d6qj64q-fullview.png</thumb>
		<action>ActivateWindow(1132)</action>
		</shortcut>
	<shortcut>
		<defaultID>31367</defaultID>
		<label>Animes</label>
		<label2>Prédéfini</label2>
		<icon>special://skin/extras/icons/gem.png</icon>
		<thumb>special://home/media/Arctic Horizon 2/anime-icon-18.jpg</thumb>
		<action>ActivateWindow(1132)</action>
		</shortcut>
	<shortcut>
		<defaultID>plugin.video.sendtokodiU2P</defaultID>
		<label>U2Pplay/Skodi</label>
		<label2>Elément personnalisé</label2>
		<icon>DefaultShortcut.png</icon>
		<thumb>special://home/addons/plugin.video.sendtokodiU2P/icon.png</thumb>
		<action>ActivateWindow(1132)</action>
		</shortcut>
	<shortcut>
		<defaultID>livetv</defaultID>
		<label>32022</label>
		<label2>Elément personnalisé</label2>
		<icon>special://skin/extras/icons/tv.png</icon>
		<thumb>special://home/media/Arctic Horizon 2/Network-icon.png</thumb>
		<action>ActivateWindow(1132)</action>
		</shortcut>
	<shortcut>
		<defaultID>music</defaultID>
		<label>2</label>
		<label2>Elément personnalisé</label2>
		<icon>special://skin/extras/icons/songs.png</icon>
		<thumb>special://home/media/Arctic Horizon 2/Guyman-Helmet-Music-icon.png</thumb>
		<action>ActivateWindow(1132)</action>
		</shortcut>
	<shortcut>
		<defaultID>weather</defaultID>
		<label>12600</label>
		<label2>Elément de menu commun</label2>
		<icon>DefaultShortcut.png</icon>
		<thumb>special://home/media/Arctic Horizon 2/Internet-Explorer-icon.png</thumb>
		<action>ActivateWindow(Weather)</action>
		</shortcut>
	<shortcut>
		<defaultID>livetv</defaultID>
		<label>$SKIN[31085|skin.arctic.horizon.2|None]</label>
		<label2>Common Shortcut</label2>
		<icon>special://skin/extras/icons/livetv.png</icon>
		<thumb />
		<action>ActivateWindow(TVChannels)</action>
		<visible>PVR.HasTVChannels</visible>
		</shortcut>
	</shortcuts>
