<shortcuts>
	<shortcut>
		<defaultID />
		<label>[B]Recherche [I][COLOR tomato](Séries)[/COLOR][/B][/I]</label>
		<label2>Elément personnalisé</label2>
		<icon>DefaultShortcut.png</icon>
		<thumb>special://skin/extras/icons/search.png</thumb>
		<action>ActivateWindow(Videos,"plugin://plugin.video.sendtokodiU2P/?action=mediasHKSeries&amp;famille=Search&amp;offset=0&amp;limit=500")</action>
		</shortcut>
	<shortcut>
		<defaultID />
		<label>[B]Recherche[I][COLOR tomato] (Années)[/B][/COLOR][/I]</label>
		<label2>Elément personnalisé</label2>
		<icon>DefaultShortcut.png</icon>
		<thumb>special://skin/extras/icons/search.png</thumb>
		<action>ActivateWindow(Videos,"plugin://plugin.video.sendtokodiU2P/?action=mediasHKSeries&amp;famille=Ann%C3%A9e%28s%29&amp;offset=0")</action>
		</shortcut>
	<shortcut>
		<defaultID />
		<label>[B][COLOR springgreen]Séries (Trakt)[/COLOR][/B]</label>
		<label2>Extensions Vidéo</label2>
		<icon>DefaultShortcut.png</icon>
		<thumb>special://home/userdata/addon_data/icone/png/trakt.png</thumb>
		<action>ActivateWindow(Videos,"plugin://plugin.program.autowidget/?mode=group&amp;group=serie-1657145570.1031988&amp;refresh=&amp;reload=",return)</action>
		</shortcut>
	<shortcut>
		<defaultID />
		<label>[COLOR tomato][B]Liste[/B][/COLOR]</label>
		<label2>Elément personnalisé</label2>
		<icon>DefaultShortcut.png</icon>
		<thumb>special://home/userdata/addon_data/icone/png/liste.png</thumb>
		<action>ActivateWindow(Videos,"plugin://plugin.video.sendtokodiU2P/?action=mediasHKSeries",return)</action>
		</shortcut>
	<shortcut>
		<defaultID />
		<label>[COLOR tomato][B]On continue...[/B][/COLOR]</label>
		<label2>Extensions Vidéo</label2>
		<icon>DefaultShortcut.png</icon>
		<thumb>special://home/userdata/addon_data/icone/Arctic Horizon 2/Internet-Explorer-icon.png</thumb>
		<action>ActivateWindow(Videos,"plugin://plugin.video.sendtokodiU2P/?action=mediasHKSeries&amp;famille=Mon+historique&amp;offset=0&amp;suite=1",return)</action>
		</shortcut>
	<shortcut>
		<defaultID />
		<label>[COLOR tomato][B]Séries populaires[/B][/COLOR]</label>
		<label2>Extensions Vidéo</label2>
		<icon>DefaultShortcut.png</icon>
		<thumb>special://home/userdata/addon_data/icone/Arctic Horizon 2/site_logo.gif</thumb>
		<action>ActivateWindow(Videos,"plugin://plugin.video.sendtokodiU2P/?action=mediasHKSeries&amp;famille=specialWid&amp;nomListe=S%C3%A9ries+populaires&amp;typM=tvshow",return)</action>
		</shortcut>
	<shortcut>
		<defaultID />
		<label>[COLOR tomato][B]Séries récentes[/B][/COLOR]</label>
		<label2>Extensions Vidéo</label2>
		<icon>DefaultShortcut.png</icon>
		<thumb>special://home/userdata/addon_data/icone/Arctic Horizon 2/tv-series-icon-15.jpg</thumb>
		<action>ActivateWindow(Videos,"plugin://plugin.video.sendtokodiU2P/?action=mediasHKSeries&amp;famille=specialWid&amp;nomListe=S%C3%A9ries+r%C3%A9centes&amp;typM=tvshow",return)</action>
		</shortcut>
	<shortcut>
		<defaultID />
		<label>[COLOR tomato][B]Netflix[/B][/COLOR]</label>
		<label2>Extensions Vidéo</label2>
		<icon>DefaultShortcut.png</icon>
		<thumb>special://home/userdata/addon_data/icone/Diffuseurs/netflix-logo.webp</thumb>
		<action>ActivateWindow(Videos,"plugin://plugin.video.sendtokodiU2P/?action=mediasHKSeries&amp;famille=specialWid&amp;nomListe=Netflix+%3A+Populaires&amp;typM=tvshow",return)</action>
		</shortcut>
	<shortcut>
		<defaultID />
		<label>[COLOR tomato][B]Disney +[/B][/COLOR]</label>
		<label2>Extensions Vidéo</label2>
		<icon>DefaultShortcut.png</icon>
		<thumb>special://home/userdata/addon_data/icone/Diffuseurs/share-default.14fadd993578b9916f855cebafb71e62.png</thumb>
		<action>ActivateWindow(Videos,"plugin://plugin.video.sendtokodiU2P/?action=mediasHKSeries&amp;famille=specialWid&amp;nomListe=Disney%2B+%3A+Populaires&amp;typM=tvshow",return)</action>
		</shortcut>
	<shortcut>
		<defaultID />
		<label>[COLOR tomato][B]Apple Tv[/B][/COLOR]</label>
		<label2>Extensions Vidéo</label2>
		<icon>DefaultShortcut.png</icon>
		<thumb>special://home/userdata/addon_data/icone/Diffuseurs/apple-tv__e7aqjl2rqzau_og.png</thumb>
		<action>ActivateWindow(Videos,"plugin://plugin.video.sendtokodiU2P/?action=mediasHKSeries&amp;famille=specialWid&amp;nomListe=Apple+TV%2B+%3A+Populaires&amp;typM=tvshow",return)</action>
		</shortcut>
	<shortcut>
		<defaultID />
		<label>[COLOR tomato][B]Prime Vidéo[/B][/COLOR]</label>
		<label2>Extensions Vidéo</label2>
		<icon>DefaultShortcut.png</icon>
		<thumb>special://home/userdata/addon_data/icone/Diffuseurs/primevideo-big.jpg</thumb>
		<action>ActivateWindow(Videos,"plugin://plugin.video.sendtokodiU2P/?action=mediasHKSeries&amp;famille=specialWid&amp;nomListe=Prime+Video+%3A+Populaires&amp;typM=tvshow",return)</action>
		</shortcut>
	<shortcut>
		<defaultID />
		<label>[COLOR tomato][B]HBO Max[/B][/COLOR]</label>
		<label2>Extensions Vidéo</label2>
		<icon>DefaultShortcut.png</icon>
		<thumb>special://home/userdata/addon_data/icone/Diffuseurs/HBO-Max.webp</thumb>
		<action>ActivateWindow(Videos,"plugin://plugin.video.sendtokodiU2P/?action=mediasHKSeries&amp;famille=specialWid&amp;nomListe=HBO+Max+%3A+Populaires&amp;typM=tvshow",return)</action>
		</shortcut>
	<shortcut>
		<defaultID />
		<label>[COLOR tomato][B]CANAL+[/B][/COLOR]</label>
		<label2>Extensions Vidéo</label2>
		<icon>DefaultShortcut.png</icon>
		<thumb>special://home/userdata/addon_data/icone/Diffuseurs/canalplus.jpeg</thumb>
		<action>ActivateWindow(Videos,"plugin://plugin.video.sendtokodiU2P/?action=mediasHKSeries&amp;famille=specialWid&amp;diffus=CANAL%2B&amp;typM=tvshow",return)</action>
		</shortcut>
	<shortcut>
		<defaultID />
		<label>[COLOR tomato][B]SALTO[/B][/COLOR]</label>
		<label2>Extensions Vidéo</label2>
		<icon>DefaultShortcut.png</icon>
		<thumb>special://home/userdata/addon_data/icone/Diffuseurs/salto-une-ok.jpg</thumb>
		<action>ActivateWindow(Videos,"plugin://plugin.video.sendtokodiU2P/?action=mediasHKSeries&amp;famille=specialWid&amp;diffus=SALTO&amp;typM=tvshow",return)</action>
		</shortcut>
	<shortcut>
		<defaultID />
		<label>[COLOR tomato][B]Hulu[/B][/COLOR]</label>
		<label2>Extensions Vidéo</label2>
		<icon>DefaultShortcut.png</icon>
		<thumb>special://home/userdata/addon_data/icone/Diffuseurs/hulu.png</thumb>
		<action>ActivateWindow(Videos,"plugin://plugin.video.sendtokodiU2P/?action=mediasHKSeries&amp;network=1&amp;namenetwork=453&amp;page=1",return)</action>
		</shortcut>
	<shortcut>
		<defaultID />
		<label>[COLOR tomato][B]Superheros series[/B][/COLOR]</label>
		<label2>Extensions Vidéo</label2>
		<icon>DefaultShortcut.png</icon>
		<thumb>special://skin/extras/icons/super.png</thumb>
		<action>ActivateWindow(Videos,"plugin://plugin.video.sendtokodiU2P/?action=mediasHKSeries&amp;famille=groupes&amp;offset=0&amp;nom=superheros+series",return)</action>
		</shortcut>
	<shortcut>
		<defaultID />
		<label>[COLOR tomato][B]Liste Aléatoire[/B][/COLOR]</label>
		<label2>Extensions Vidéo</label2>
		<icon>DefaultShortcut.png</icon>
		<thumb>special://home/userdata/addon_data/icone/png/Liste Aléatoire.png</thumb>
		<action>ActivateWindow(Videos,"plugin://plugin.video.sendtokodiU2P/?action=mediasHKSeries&amp;famille=Liste+Al%C3%A9atoire",return)</action>
		</shortcut>
	<shortcut>
		<defaultID />
		<label>[B][COLOR deeppink]Serie anime adulte[/B][/COLOR]</label>
		<label2>Extensions Vidéo</label2>
		<icon>DefaultShortcut.png</icon>
		<thumb>special://home/userdata/addon_data/icone/Diffuseurs/qir9hv3hn6qeavxw.jpg</thumb>
		<action>ActivateWindow(Videos,"plugin://plugin.video.sendtokodiU2P/?action=mediasHKSeries&amp;famille=groupes&amp;offset=0&amp;nom=serie+anime+adulte",return)</action>
		</shortcut>
	<shortcut>
		<defaultID />
		<label>[COLOR tomato][B]Serie avant 2000[/B][/COLOR]</label>
		<label2>Extensions Vidéo</label2>
		<icon>DefaultShortcut.png</icon>
		<thumb>special://home/userdata/addon_data/icone/Arctic Horizon 2/3154996796_1_2_u9D1S3dy.gif</thumb>
		<action>ActivateWindow(Videos,"plugin://plugin.video.sendtokodiU2P/?action=mediasHKSeries&amp;famille=groupes&amp;offset=0&amp;nom=serie+avant+2000",return)</action>
		</shortcut>
	<shortcut>
		<defaultID />
		<label>[COLOR tomato][B]Serie jeunes ados[/B][/COLOR]</label>
		<label2>Extensions Vidéo</label2>
		<icon>DefaultShortcut.png</icon>
		<thumb>special://home/userdata/addon_data/icone/Diffuseurs/40f41e14e767d976bced8e23ede9b724.png</thumb>
		<action>ActivateWindow(Videos,"plugin://plugin.video.sendtokodiU2P/?action=mediasHKSeries&amp;famille=groupes&amp;offset=0&amp;nom=serie+jeunes+ados",return)</action>
		</shortcut>
	<shortcut>
		<defaultID />
		<label>[COLOR tomato][B]Genres[/B][/COLOR]</label>
		<label2>Extensions Vidéo</label2>
		<icon>DefaultShortcut.png</icon>
		<thumb>special://home/userdata/addon_data/icone/Arctic Horizon 2/201610.png</thumb>
		<action>ActivateWindow(Videos,"plugin://plugin.video.sendtokodiU2P/?action=genresHK&amp;typM=tvshow",return)</action>
		</shortcut>
	<shortcut>
		<defaultID />
		<label>[COLOR tomato][B]Diffuseurs[/B][/COLOR]</label>
		<label2>Extensions Vidéo</label2>
		<icon>DefaultShortcut.png</icon>
		<thumb>special://home/userdata/addon_data/icone/Diffuseurs/crunchyroll fusion big__w1200.jpg</thumb>
		<action>ActivateWindow(Videos,"plugin://plugin.video.sendtokodiU2P/?action=mediasHKSeries&amp;network=1",return)</action>
		</shortcut>
	<shortcut>
		<defaultID />
		<label>[COLOR tomato][B]Groupes[/B][/COLOR]</label>
		<label2>Extensions Vidéo</label2>
		<icon>DefaultShortcut.png</icon>
		<thumb>special://home/userdata/addon_data/icone/Arctic Horizon 2/activites-SLVie-tarn-et-Garonne.png</thumb>
		<action>ActivateWindow(Videos,"plugin://plugin.video.sendtokodiU2P/?action=mediasHKSeries&amp;groupes=groupe&amp;offset=0",return)</action>
		</shortcut>
	</shortcuts>
