<shortcuts>
	<shortcut>
		<defaultID />
		<label>[B]Recherche [COLOR lightskyblue][I](Films)[/B][/I][/COLOR]</label>
		<label2>Elément personnalisé</label2>
		<icon>DefaultShortcut.png</icon>
		<thumb>special://home/userdata/addon_data/icone/png/search.png</thumb>
		<action>ActivateWindow(Videos,"plugin://plugin.video.sendtokodiU2P/?action=mediasHKFilms&amp;famille=Search&amp;offset=0&amp;limit=500")</action>
		</shortcut>
	<shortcut>
		<defaultID />
		<label>[B]Recherche [COLOR tomato](Séries/Animes)[/B][/COLOR]</label>
		<label2>Elément personnalisé</label2>
		<icon>DefaultShortcut.png</icon>
		<thumb>image://special%3a%2f%2fhome%2faddons%2fplugin.video.sendtokodiU2P%2fresources%2fpng%2fsearch.png/</thumb>
		<action>ActivateWindow(Videos,"plugin://plugin.video.sendtokodiU2P/?action=mediasHKSeries&amp;famille=Search&amp;offset=0&amp;limit=500")</action>
		</shortcut>
	<shortcut>
		<defaultID />
		<label>[B]Recherche [COLOR yellow](Globale)[/B][/COLOR]</label>
		<label2>Elément personnalisé</label2>
		<icon>DefaultShortcut.png</icon>
		<thumb>image://special%3a%2f%2fhome%2faddons%2fplugin.video.sendtokodiU2P%2fresources%2fpng%2fsearch.png/</thumb>
		<action>ActivateWindow(Videos,"plugin://plugin.video.sendtokodiU2P/?action=affGlobalHK2")</action>
		</shortcut>
	<shortcut>
		<defaultID />
		<label>[B]Recherche [COLOR orange](Acteurs)[/B][/COLOR]</label>
		<label2>Elément personnalisé</label2>
		<icon>DefaultShortcut.png</icon>
		<thumb>image://special%3a%2f%2fhome%2faddons%2fplugin.video.sendtokodiU2P%2fresources%2fpng%2fsearch.png/</thumb>
		<action>ActivateWindow(Videos,"plugin://plugin.video.sendtokodiU2P/?action=affSearchCast")</action>
		</shortcut>
	<shortcut>
		<defaultID>plugin.program.Skodi</defaultID>
		<label>[COLOR lime]Skodi[/COLOR]</label>
		<label2>Programme</label2>
		<icon>DefaultShortcut.png</icon>
		<thumb>special://skin/extras/icons/refresh.png</thumb>
		<action>ActivateWindow(Programs,"plugin://plugin.program.Skodi",return)</action>
		</shortcut>
	<shortcut>
		<defaultID />
		<label>[B][COLOR tomato]On continue...[/B][/COLOR]</label>
		<label2>Extensions Vidéo</label2>
		<icon>DefaultShortcut.png</icon>
		<thumb>special://home/userdata/addon_data/icone/Arctic Horizon 2/Internet-Explorer-icon.png</thumb>
		<action>ActivateWindow(Videos,"plugin://plugin.video.sendtokodiU2P/?action=mediasHKSeries&amp;famille=Mon+historique&amp;offset=0&amp;suite=1",return)</action>
		</shortcut>
	<shortcut>
		<defaultID />
		<label>[B]Mes favoris[COLOR lightskyblue] (Films)[/B][/COLOR]</label>
		<label2>Extensions Vidéo</label2>
		<icon>DefaultShortcut.png</icon>
		<thumb>special://home/userdata/addon_data/icone/Arctic Horizon 2/pH3Xh6Sl.jpg</thumb>
		<action>ActivateWindow(Videos,"plugin://plugin.video.sendtokodiU2P/?action=mediasHKFilms&amp;famille=Mes+favoris+HK&amp;offset=0",return)</action>
		</shortcut>
	<shortcut>
		<defaultID />
		<label>[B]Mes favoris [COLOR tomato](Séries/Animes)[/B][/COLOR]</label>
		<label2>Extensions Vidéo</label2>
		<icon>DefaultShortcut.png</icon>
		<thumb>special://home/userdata/addon_data/icone/Arctic Horizon 2/tv-series-featured-img.png</thumb>
		<action>ActivateWindow(Videos,"plugin://plugin.video.sendtokodiU2P/?action=mediasHKSeries&amp;famille=Mes+favoris+HK",return)</action>
		</shortcut>
	<shortcut>
		<defaultID />
		<label>[B][COLOR orange]Acteur Populaire[/B][/COLOR]</label>
		<label2>Extensions Vidéo</label2>
		<icon>DefaultShortcut.png</icon>
		<thumb>special://home/userdata/addon_data/icone/png/realvista_general_free/REALVISTA/general/png/72/administrator.png</thumb>
		<action>ActivateWindow(Videos,"plugin://plugin.video.themoviedb.helper/?info=popular&amp;tmdb_type=person&amp;widget=true",return)</action>
		</shortcut>
	<shortcut>
		<defaultID />
		<label>[B][COLOR mediumpurple]Fankai[/B][/COLOR]</label>
		<label2>Extensions Vidéo</label2>
		<icon>DefaultShortcut.png</icon>
		<thumb>special://home/userdata/addon_data/icone/Diffuseurs/FDYF0ohWQAEF_n9.png</thumb>
		<action>ActivateWindow(Videos,"plugin://plugin.video.sendtokodiU2P/?action=folderPub&amp;offset=0&amp;typM=divers&amp;repo=fankai",return)</action>
		</shortcut>
	<shortcut>
		<defaultID />
		<label>[B][COLOR springgreen]Mon Trakt[/B][/COLOR]</label>
		<label2>Extensions Vidéo</label2>
		<icon>DefaultShortcut.png</icon>
		<thumb>image://special%3a%2f%2fhome%2faddons%2fplugin.video.sendtokodiU2P%2fresources%2fpng%2ftrakt.png/</thumb>
		<action>ActivateWindow(Videos,"plugin://plugin.video.sendtokodiU2P/?action=affTraktPerso",return)</action>
		</shortcut>
	<shortcut>
		<defaultID />
		<label>[B][COLOR lightskyblue]Mon historique (Film)[/B][/COLOR]</label>
		<label2>Extensions Vidéo</label2>
		<icon>DefaultShortcut.png</icon>
		<thumb>special://home/userdata/addon_data/icone/Arctic Horizon 2/Movie-Clapper-icon.png</thumb>
		<action>ActivateWindow(Videos,"plugin://plugin.video.sendtokodiU2P/?action=mediasHKFilms&amp;famille=Mon+historique&amp;offset=0",return)</action>
		</shortcut>
	<shortcut>
		<defaultID />
		<label>[B][COLOR tomato]Mon historique (Séries/Animes)[/B][/COLOR]</label>
		<label2>Extensions Vidéo</label2>
		<icon>DefaultShortcut.png</icon>
		<thumb>special://home/userdata/addon_data/icone/Arctic Horizon 2/tv_series_icon_by_quaffleeye_d6qj64q-fullview.png</thumb>
		<action>ActivateWindow(Videos,"plugin://plugin.video.sendtokodiU2P/?action=mediasHKSeries&amp;famille=Mon+historique&amp;offset=0",return)</action>
		</shortcut>
	<shortcut>
		<defaultID>plugin.video.sendtokodiU2P</defaultID>
		<label>[B][COLOR purple]U2Pplay[/B][/COLOR]</label>
		<label2>Elément personnalisé</label2>
		<icon>DefaultShortcut.png</icon>
		<thumb>special://home/userdata/addon_data/icone/Arctic Horizon 2/Trash-Full-icon.png</thumb>
		<action>ActivateWindow(Videos,"plugin://plugin.video.sendtokodiU2P")</action>
		</shortcut>
	<shortcut>
		<defaultID>plugin.video.themoviedb.helper</defaultID>
		<label>[B][COLOR orange]TheMovieDb Helper[/COLOR][/B]</label>
		<label2>Extensions Vidéo</label2>
		<icon>DefaultShortcut.png</icon>
		<thumb>special://home/userdata/addon_data/icone/png/tmdb.png</thumb>
		<action>ActivateWindow(Videos,"plugin://plugin.video.themoviedb.helper",return)</action>
		</shortcut>
	</shortcuts>
