<?xml version="1.0" encoding="UTF-8" standalone="yes"?>
<addon id="repository.UpKobox" name="UpKobox U2P Stable Repository" version="1.0" provider-name="U2Pplay">
    <extension point="xbmc.addon.repository" name="UpKobox U2P Stable Repository">
        <dir>
            <info compressed="false">https://raw.githubusercontent.com/UpKobox/repository.UpKobox/master/repo/zips/addons.xml</info>
            <checksum>https://raw.githubusercontent.com/UpKobox/repository.UpKobox/master/repo/zips/addons.xml.md5</checksum>
            <datadir zip="true">https://raw.githubusercontent.com/UpKobox/repository.UpKobox/master/repo/zips/</datadir>
        </dir>
        <dir minversion="19.0.0">
            <info compressed="false">https://raw.githubusercontent.com/UpKobox/repository.UpKobox/master/matrix/zips/addons.xml</info>
            <checksum>https://raw.githubusercontent.com/UpKobox/repository.UpKobox/master/matrix/zips/addons.xml.md5</checksum>
            <datadir zip="true">https://raw.githubusercontent.com/UpKobox/repository.UpKobox/master/matrix/zips/</datadir>
        </dir>
    </extension>
    <extension point="xbmc.addon.metadata">
        <summary>UpKobox U2P Stable Repository</summary>
        <description>Un référentiel pour les versions Stable U2Pplay </description>
        <disclaimer></disclaimer>
        <platform>all</platform>
        <assets>
            <icon>icon.png</icon>
            <fanart>fanart.jpg</fanart>
        </assets>
    </extension>
</addon>