<shortcuts>
	<shortcut>
		<defaultID>13009</defaultID>
		<label>13009</label>
		<label2>Power Shortcut</label2>
		<icon>special://skin/extras/icons/power.png</icon>
		<thumb>special://home/media/iconluc/quitter (2).png</thumb>
		<action>Quit()</action>
		</shortcut>
	<shortcut>
		<defaultID>1036</defaultID>
		<label>1036</label>
		<label2>Power Shortcut</label2>
		<icon>special://skin/extras/icons/favourites2.png</icon>
		<thumb>special://home/media/iconluc/favorisgeneral.png</thumb>
		<action>ActivateWindow(favourites)</action>
		</shortcut>
	<shortcut>
		<defaultID>plugin.program.Skodi</defaultID>
		<label>[COLOR limegreen]Skodi[/COLOR]</label>
		<label2>Programme</label2>
		<icon>DefaultShortcut.png</icon>
		<thumb>special://home/media/iconluc/skodi (6).png</thumb>
		<action>ActivateWindow(Programs,"plugin://plugin.program.Skodi",return)</action>
		</shortcut>
	<shortcut>
		<defaultID />
		<label>Médiathéques Hk2</label>
		<label2>Extensions Vidéo</label2>
		<icon>DefaultShortcut.png</icon>
		<thumb>special://home/media/iconluc/HK2ouvrir.png</thumb>
		<action>ActivateWindow(Videos,"plugin://plugin.video.sendtokodiU2P/?action=movies",return)</action>
		</shortcut>
	<shortcut>
		<defaultID />
		<label>U2Pplay Setting </label>
		<label2>Extensions Vidéo</label2>
		<icon>DefaultShortcut.png</icon>
		<thumb>special://home/media/iconluc/HK2para.png</thumb>
		<action>ActivateWindow(Videos,"plugin://plugin.video.sendtokodiU2P/?action=setting",return)</action>
		</shortcut>
	<shortcut>
		<defaultID />
		<label>MAJ +Vignettes</label>
		<label2>Elément personnalisé</label2>
		<icon>DefaultShortcut.png</icon>
		<thumb>special://home/media/iconluc/majvignette(1).png</thumb>
		<action>PlayMedia("plugin://plugin.video.sendtokodiU2P/?action=majhkcron")</action>
		</shortcut>
	<shortcut>
		<defaultID />
		<label>Créer Listes</label>
		<label2>Elément personnalisé</label2>
		<icon>DefaultShortcut.png</icon>
		<thumb>special://home/media/iconluc/listecreer.png</thumb>
		<action>ActivateWindow(Videos,"plugin://plugin.video.sendtokodiU2P/?action=createL",return)</action>
		</shortcut>
	<shortcut>
		<defaultID />
		<label>Supprimer Listes</label>
		<label2>Elément personnalisé</label2>
		<icon>DefaultShortcut.png</icon>
		<thumb>special://home/media/iconluc/listess.png</thumb>
		<action>ActivateWindow(Videos,"plugin://plugin.video.sendtokodiU2P/?action=supL",return)</action>
		</shortcut>
	<shortcut>
		<defaultID>5</defaultID>
		<label>5</label>
		<label2>Power Shortcut</label2>
		<icon>special://skin/extras/icons/settings.png</icon>
		<thumb>special://home/media/iconluc/systeme.png</thumb>
		<action>ActivateWindow(interfacesettings)</action>
		</shortcut>
	<shortcut>
		<defaultID>24001</defaultID>
		<label>24001</label>
		<label2>Power Shortcut</label2>
		<icon>special://skin/extras/icons/addon.png</icon>
		<thumb>special://home/media/iconluc/addon2.png</thumb>
		<action>ActivateWindow(addonbrowser)</action>
		</shortcut>
	<shortcut>
		<defaultID>7</defaultID>
		<label>7</label>
		<label2>Power Shortcut</label2>
		<icon>special://skin/extras/icons/filebox.png</icon>
		<thumb>special://home/media/iconluc/gestionfichiers (3).png</thumb>
		<action>ActivateWindow(filemanager)</action>
		</shortcut>
	</shortcuts>
