<shortcuts>
	<shortcut>
		<label>$LOCALIZE[20382]</label>
		<label2 />
		<icon />
		<thumb />
		<action>ActivateWindow(Videos,special://skin/extras/playlists/NewMovies.xsp,return)</action>
	</shortcut>
	<shortcut>
		<label>$LOCALIZE[575]</label>
		<label2 />
		<icon />
		<thumb />
		<action>ActivateWindow(Videos,special://skin/extras/playlists/InProgressMovies.xsp,return)</action>
	</shortcut>
	<shortcut>
		<label>$LOCALIZE[590]</label>
		<label2 />
		<icon />
		<thumb />
		<action>ActivateWindow(Videos,special://skin/extras/playlists/RandomMovies.xsp,return)</action>
	</shortcut>
</shortcuts>
